기준_년분기_코드,분기_idx,상권_코드,상권_코드_명,상권_구분_코드_명,자치구_코드_명,행정동_코드_명,당월_매출_금액,주중_매출_금액,주말_매출_금액,주말_주중_배율,연령대_10_매출_금액,연령대_20_매출_금액,연령대_30_매출_금액,연령대_40_매출_금액,연령대_50_매출_금액,연령대_60_이상_매출_금액,점포_수,폐업_률,점포당_매출,유효_점포,총_상주인구_수,남성_상주인구_수,여성_상주인구_수,남성_상주_비율,총_유동인구_수,유동_상주_비율,is_혜화_핵심상권,is_혜화동_전체,is_2024Q4_이후
20252,8102,3001493,동대문패션타운 관광특구,관광특구,중구,광희동,468000000,315509307,152490693,0.48331598978790186,15215305,250371762,120634229,55447477,22867145,3464082,3,0,156000000.0,True,2787,1223,1564,0.43882310728381774,3489708,1252.1377825618945,False,False,True
20253,8103,3001493,동대문패션타운 관광특구,관광특구,중구,광희동,468000000,301348485,166651515,0.5530192560948166,24222142,233289906,138526443,46515626,21045596,4400287,3,0,156000000.0,True,2787,1223,1564,0.43882310728381774,3247753,1165.3222102619304,False,False,True
20254,8104,3001493,동대문패션타운 관광특구,관광특구,중구,광희동,468000000,296313308,171686692,0.5794093190036541,23739005,258736619,107811577,50178104,23836018,3698677,3,0,156000000.0,True,2787,1223,1564,0.43882310728381774,3312549,1188.5715823466091,False,False,True
20211,8085,3001494,종로?청계 관광특구,관광특구,종로구,종로1·2·3·4가동,246513558,168398703,78114855,0.4638685073483019,8482428,165077784,48754600,11986806,11791975,419965,5,0,49302711.6,True,1795,1196,599,0.6662952646239554,7623304,4246.966016713092,False,False,False
20212,8086,3001494,종로?청계 관광특구,관광특구,종로구,종로1·2·3·4가동,345794362,239935742,105858620,0.4411957098080035,14146196,222107411,76739831,14415294,17399962,985668,5,0,69158872.4,True,1795,1196,599,0.6662952646239554,8359583,4657.14930362117,False,False,False
20213,8087,3001494,종로?청계 관광특구,관광특구,종로구,종로1·2·3·4가동,236544904,166103197,70441707,0.4240839927963578,13170488,140639215,65318893,7988309,8913495,514504,5,0,47308980.8,True,1795,1196,599,0.6662952646239554,7483675,4169.178272980502,False,False,False
20214,8088,3001494,종로?청계 관광특구,관광특구,종로구,종로1·2·3·4가동,257780732,179592020,78188712,0.4353685202716691,14428049,151150291,66235125,10814290,14040083,1112894,5,0,51556146.4,True,1795,1196,599,0.6662952646239554,8266622,4605.360445682451,False,False,False
20221,8089,3001494,종로?청계 관광특구,관광특구,종로구,종로1·2·3·4가동,233219255,159191537,74027718,0.46502294905287583,3315458,131935002,68490184,13529143,14916259,1033209,5,0,46643851.0,True,1795,1196,599,0.6662952646239554,7722538,4302.249582172702,False,False,False
20222,8090,3001494,종로?청계 관광특구,관광특구,종로구,종로1·2·3·4가동,334261516,222452166,111809350,0.5026219884053635,8805361,179017171,100188524,15599555,28648268,2002637,5,0,66852303.2,True,1795,1196,599,0.6662952646239554,8816195,4911.529247910864,False,False,False
20223,8091,3001494,종로?청계 관광특구,관광특구,종로구,종로1·2·3·4가동,400454679,263771079,136683600,0.5181902448069373,17726604,207260087,127060004,18783519,27023846,2600619,5,0,80090935.8,True,1795,1196,599,0.6662952646239554,8404013,4681.90139275766,False,False,False
20224,8092,3001494,종로?청계 관광특구,관광특구,종로구,종로1·2·3·4가동,339550959,221832118,117718841,0.5306663528317391,13866626,186754233,96886078,21382027,18864072,1797923,6,0,56591826.5,True,1720,1092,628,0.6348837209302326,8657826,5033.619767441861,False,False,False
20231,8093,3001494,종로?청계 관광특구,관광특구,종로구,종로1·2·3·4가동,320298494,224713010,95585484,0.42536693358341826,9605615,165103138,103495644,24547720,15242895,2303482,6,0,53383082.333333336,True,1720,1092,628,0.6348837209302326,8502972,4943.588372093023,False,False,False
20232,8094,3001494,종로?청계 관광특구,관광특구,종로구,종로1·2·3·4가동,267077314,191545110,75532204,0.3943311525937676,7226466,124190882,98684166,19085167,14851209,3039424,7,0,38153902.0,True,1720,1092,628,0.6348837209302326,8580607,4988.725,False,False,False
20233,8095,3001494,종로?청계 관광특구,관광특구,종로구,종로1·2·3·4가동,235476521,166711974,68764547,0.41247515310447946,8894737,99451012,89020249,19488446,14699852,3922225,7,11,33639503.0,True,1720,1092,628,0.6348837209302326,8353018,4856.405813953488,False,False,False
20234,8096,3001494,종로?청계 관광특구,관광특구,종로구,종로1·2·3·4가동,212997571,141733658,71263913,0.5028016210517899,11211451,94573274,77498996,18462317,9899199,1352334,7,0,30428224.42857143,True,1767,1172,595,0.6632710809281268,8613395,4874.586870401811,False,False,False
20241,8097,3001494,종로?청계 관광특구,관광특구,종로구,종로1·2·3·4가동,34498618,25556100,8942518,0.3499171626343613,883475,13119295,12534049,4300959,2587475,1073365,6,25,5749769.666666667,True,1767,1172,595,0.6632710809281268,8440796,4776.907753254103,False,False,False
20244,8100,3001494,종로?청계 관광특구,관광특구,종로구,종로1·2·3·4가동,46634626,22120724,24513902,1.108187146135,2318242,27385966,11918202,2862895,1893453,255868,7,0,6662089.428571428,True,1767,1172,595,0.6632710809281268,8476380,4797.045840407471,False,False,True
20251,8101,3001494,종로?청계 관광특구,관광특구,종로구,종로1·2·3·4가동,82276901,37716328,44560573,1.181466366503123,1330950,48567992,22436109,6481188,2582133,878529,7,0,11753843.0,True,1767,1172,595,0.6632710809281268,8147936,4611.169213355971,False,False,True
20252,8102,3001494,종로?청계 관광특구,관광특구,종로구,종로1·2·3·4가동,62635721,33659532,28976189,0.8608613155999911,1043175,35372500,15726062,5353008,3505116,1635860,7,0,8947960.142857144,True,1767,1172,595,0.6632710809281268,8537311,4831.5285795132995,False,False,True
20253,8103,3001494,종로?청계 관광특구,관광특구,종로구,종로1·2·3·4가동,75752257,40863322,34888935,0.8537958563427613,1595611,47749414,17413792,4236571,3050445,1706424,7,0,10821751.0,True,1767,1172,595,0.6632710809281268,8416294,4763.041312959819,False,False,True
20254,8104,3001494,종로?청계 관광특구,관광특구,종로구,종로1·2·3·4가동,59389807,31757924,27631883,0.8700783779191612,1477229,35428680,15712059,3106707,2941430,723702,7,0,8484258.142857144,True,1767,1172,595,0.6632710809281268,8405499,4756.932088285229,False,False,True
20211,8085,3001495,잠실 관광특구,관광특구,송파구,방이2동,47015484,25214823,21800661,0.8645970269154775,2822927,34316475,7144754,649523,1482245,599560,4,0,11753871.0,True,9817,4317,5500,0.43974737699908323,3402418,346.5842925537333,False,False,False
20212,8086,3001495,잠실 관광특구,관광특구,송파구,방이2동,15238812,9218233,6020579,0.6531163835845764,199853,11583163,1740389,258144,141563,449670,5,0,3047762.4,True,9817,4317,5500,0.43974737699908323,3472695,353.7429968422125,False,False,False
20253,8103,3001495,잠실 관광특구,관광특구,송파구,방이2동,351708176,160385587,191322589,1.1928914098746293,22944840,199562668,72459580,30994931,22527738,3218419,7,0,50244025.14285714,True,11144,4547,6597,0.40802225412778176,3982833,357.3970746590093,False,False,True
20254,8104,3001495,잠실 관광특구,관광특구,송파구,방이2동,335734770,171753492,163981278,0.9547478545589047,31261184,182066457,70959869,29615845,18681269,3150146,7,0,47962110.0,True,11144,4547,6597,0.40802225412778176,4226024,379.2196697774587,False,False,True
20211,8085,3110069,숙대입구,골목상권,용산구,청파동,242940741,160838181,82102560,0.5104668523949547,27113942,139575317,59431960,6057260,8017900,2744362,3,33,80980247.0,True,5535,2202,3333,0.3978319783197832,2049621,370.3018970189702,False,False,False
20212,8086,3110069,숙대입구,골목상권,용산구,청파동,292891374,184504025,108387349,0.5874524905350981,33427633,180455653,56995076,7702417,12174310,2136285,3,0,97630458.0,True,5535,2202,3333,0.3978319783197832,2214492,400.0888888888889,False,False,False
20213,8087,3110069,숙대입구,골목상권,용산구,청파동,247739173,159414171,88325002,0.5540599147863712,33881918,142327789,51775896,5369549,11390827,2993194,3,0,82579724.33333333,True,5535,2202,3333,0.3978319783197832,2156041,389.5286359530262,False,False,False
20214,8088,3110069,숙대입구,골목상권,용산구,청파동,229000789,153398364,75602425,0.49285026925058995,41916158,119209066,47672968,5860595,12801118,1540884,3,0,76333596.33333333,True,5535,2202,3333,0.3978319783197832,2450291,442.6903342366757,False,False,False
20221,8089,3110069,숙대입구,골목상권,용산구,청파동,199565043,130367384,69197659,0.5307896567135227,22806662,116231870,43013615,8679209,6750237,2083450,3,0,66521681.0,True,5535,2202,3333,0.3978319783197832,2365920,427.4471544715447,False,False,False
20222,8090,3110069,숙대입구,골목상권,용산구,청파동,317045291,207575209,109470082,0.527375511398377,39795479,186521558,60906839,11415963,16627780,1777672,3,0,105681763.66666667,True,5535,2202,3333,0.3978319783197832,2649891,478.7517615176152,False,False,False
20223,8091,3110069,숙대입구,골목상권,용산구,청파동,367843784,240559101,127284683,0.5291202139968091,50616958,208174017,61019464,17742923,26335106,3955316,3,33,122614594.66666667,True,5535,2202,3333,0.3978319783197832,2307919,416.96820234869017,False,False,False
20224,8092,3110069,숙대입구,골목상권,용산구,청파동,373388535,247607338,125781197,0.5079865484438915,64765400,194716289,65894416,23827365,21925662,2259403,3,0,124462845.0,True,4953,2159,2794,0.4358974358974359,2488352,502.3928931960428,False,False,False
20231,8093,3110069,숙대입구,골목상권,용산구,청파동,348960663,236329339,112631324,0.4765862946876858,32143531,184368783,86119848,23166434,21986674,1175393,3,0,116320221.0,True,4953,2159,2794,0.4358974358974359,2286989,461.738138501918,False,False,False
20232,8094,3110069,숙대입구,골목상권,용산구,청파동,363984282,245111816,118872466,0.48497240133050135,39068303,195828834,71809200,28838518,27186041,1253386,3,0,121328094.0,True,4953,2159,2794,0.4358974358974359,2397204,483.9903089036947,False,False,False
20233,8095,3110069,숙대입구,골목상권,용산구,청파동,393846389,256979803,136866586,0.5325966648048213,49862900,186644279,91348137,29862414,32164523,3964136,3,0,131282129.66666667,True,4953,2159,2794,0.4358974358974359,2108215,425.64405410862105,False,False,False
20234,8096,3110069,숙대입구,골목상권,용산구,청파동,438525478,293328020,145197458,0.49500030034634945,65071070,198490132,108685575,18922328,44754827,2601546,3,0,146175159.33333334,True,5123,1965,3158,0.3835643177825493,2333090,455.4147960179582,False,False,False
20241,8097,3110069,숙대입구,골목상권,용산구,청파동,367649305,242646214,125003091,0.5151660474702482,28518354,187068860,106193134,16719734,26242537,2906686,3,0,122549768.33333333,True,5123,1965,3158,0.3835643177825493,2150734,419.8192465352333,False,False,False
20242,8098,3110069,숙대입구,골목상권,용산구,청파동,347965821,231937631,116028190,0.5002559933881535,28892260,180134928,86155084,26804505,20090179,5888865,4,0,86991455.25,True,5123,1965,3158,0.3835643177825493,2422166,472.80226429826274,False,False,False
20243,8099,3110069,숙대입구,골목상권,용산구,청파동,309324977,205744474,103580503,0.5034424545467987,26635707,145384526,83847899,24010191,23929880,5516774,5,0,61864995.4,True,5123,1965,3158,0.3835643177825493,2279317,444.91840718329104,False,False,False
20244,8100,3110069,숙대입구,골목상권,용산구,청파동,265790320,185111768,80678552,0.43583696958693624,33509089,120231622,56790386,26162892,26169944,2926387,5,20,53158064.0,True,5123,1965,3158,0.3835643177825493,2474608,483.0388444270935,False,False,True
20251,8101,3110069,숙대입구,골목상권,용산구,청파동,243118391,164493102,78625289,0.4779853260959235,25719227,109564929,66054295,17436395,20663632,3679913,5,0,48623678.2,True,5123,1965,3158,0.3835643177825493,2334812,455.750927191099,False,False,True
20252,8102,3110069,숙대입구,골목상권,용산구,청파동,234427543,156504443,77923100,0.49789704692281483,23080514,109467001,54060206,20014491,24187516,3617815,5,0,46885508.6,True,5123,1965,3158,0.3835643177825493,2527741,493.410306461058,False,False,True
20253,8103,3110069,숙대입구,골목상권,용산구,청파동,555178249,392228833,162949416,0.41544476665232816,38742620,243151222,141140170,86842094,38445310,6856833,5,0,111035649.8,True,5123,1965,3158,0.3835643177825493,2261642,441.46828030450905,False,False,True
20254,8104,3110069,숙대입구,골목상권,용산구,청파동,174201233,113030570,61170663,0.541186893067955,16257228,69596028,39139978,32978513,14146344,2083142,4,25,43550308.25,True,5123,1965,3158,0.3835643177825493,2313318,451.5553386687488,False,False,True
20211,8085,3110128,성원중학교,골목상권,성동구,성수1가1동,1289991184,758479397,531511787,0.7007596898508768,28440348,713150530,277534093,56115816,172458895,42291502,3,0,429997061.3333333,True,7452,3995,3457,0.5360976918947934,1822952,244.62587224906065,False,False,False
20212,8086,3110128,성원중학교,골목상권,성동구,성수1가1동,1296044447,790681142,505363305,0.6391493083061288,35537537,735372834,314000182,65702175,74671037,70760682,3,0,432014815.6666667,True,7452,3995,3457,0.5360976918947934,1759448,236.10413311862587,False,False,False
20213,8087,3110128,성원중학교,골목상권,성동구,성수1가1동,1276291315,802480274,473811041,0.5904332559332168,31810764,685655123,328846712,111091162,60589998,58297556,3,0,425430438.3333333,True,7452,3995,3457,0.5360976918947934,1414861,189.86325818572195,False,False,False
20214,8088,3110128,성원중학교,골목상권,성동구,성수1가1동,1268616043,811382521,457233522,0.563523997825928,33481103,671926157,394544727,35184518,74722640,58756898,3,0,422872014.3333333,True,7452,3995,3457,0.5360976918947934,1361533,182.70705850778316,False,False,False
20221,8089,3110128,성원중학교,골목상권,성동구,성수1가1동,1222630987,769127339,453503648,0.5896340241781471,25301582,484057246,608781173,12475254,37158874,54856858,3,0,407543662.3333333,True,7452,3995,3457,0.5360976918947934,1348298,180.93102522812669,False,False,False
20222,8090,3110128,성원중학교,골목상권,성동구,성수1가1동,1301467064,779213952,522253112,0.6702306993599622,36968153,447226031,725056774,19792381,9772306,62651419,3,0,433822354.6666667,True,7452,3995,3457,0.5360976918947934,1354214,181.72490606548578,False,False,False
20223,8091,3110128,성원중학교,골목상권,성동구,성수1가1동,1322631989,743601985,579030004,0.7786827034895556,20209125,461683434,620006825,51661587,89211918,79859100,3,0,440877329.6666667,True,7452,3995,3457,0.5360976918947934,1296017,173.9153247450349,False,False,False
20224,8092,3110128,성원중학교,골목상권,성동구,성수1가1동,1297372631,741357257,556015374,0.7499965350713496,15947562,387302444,594298586,10191923,239093015,50539101,3,0,432457543.6666667,True,8370,4430,3940,0.5292712066905615,1303424,155.7256869772999,False,False,False
20231,8093,3110128,성원중학교,골목상권,성동구,성수1가1동,1306022539,798255727,507766812,0.6360954200833437,9853217,368927626,616396740,51385727,195238031,64221198,3,0,435340846.3333333,True,8370,4430,3940,0.5292712066905615,1254083,149.83070489844684,False,False,False
20232,8094,3110128,성원중학교,골목상권,성동구,성수1가1동,1310776286,791627504,519148782,0.6557993240214656,6582026,408816996,627536325,24311572,166487181,77042186,3,0,436925428.6666667,True,8370,4430,3940,0.5292712066905615,1232627,147.2672640382318,False,False,False
20233,8095,3110128,성원중학교,골목상권,성동구,성수1가1동,1308153365,731068938,577084427,0.7893707378386797,4398775,477399636,534699430,80959705,75875415,134820404,3,0,436051121.6666667,True,8370,4430,3940,0.5292712066905615,1281708,153.13118279569892,False,False,False
20234,8096,3110128,성원중학교,골목상권,성동구,성수1가1동,1292789447,676857398,615932049,0.9099879100383269,13426206,607030065,414665612,48464317,104779391,104423856,3,0,430929815.6666667,True,6713,3552,3161,0.5291225979442872,1310474,195.2143601966334,False,False,False
20241,8097,3110128,성원중학교,골목상권,성동구,성수1가1동,1157637778,615035485,542602293,0.882229247309202,4586618,330879703,491247062,67965041,77057417,185901937,3,0,385879259.3333333,True,6713,3552,3161,0.5291225979442872,1329079,197.98584835394013,False,False,False
20211,8085,3110134,성수119안전센터,골목상권,성동구,성수2가1동,366000000,219998725,146001275,0.6636460052211666,847590,227887811,38915288,75050122,22769445,529744,3,0,122000000.0,True,5535,2971,2564,0.53676603432701,1816122,328.1159891598916,False,False,False
20212,8086,3110134,성수119안전센터,골목상권,성동구,성수2가1동,366000000,217492228,148507772,0.6828187534131105,1137175,221683363,53946742,69230239,18663660,1338821,3,0,122000000.0,True,5535,2971,2564,0.53676603432701,1795416,324.3750677506775,False,False,False
20213,8087,3110134,성수119안전센터,골목상권,성동구,성수2가1동,366000000,217469014,148530986,0.6829983879910358,4676940,185646929,45834003,114578923,11193863,4069342,3,33,122000000.0,True,5535,2971,2564,0.53676603432701,1555954,281.11183378500454,False,False,False
20214,8088,3110134,성수119안전센터,골목상권,성동구,성수2가1동,366000000,206642356,159357644,0.7711760893783073,7830651,151940505,67278175,107078866,16194585,15677218,3,0,122000000.0,True,5535,2971,2564,0.53676603432701,1501879,271.34218608852757,False,False,False
20221,8089,3110134,성수119안전센터,골목상권,성동구,성수2가1동,366000000,222106598,143893402,0.6478573950333524,2439666,180515100,68101895,91287849,8944566,14710924,3,0,122000000.0,True,5535,2971,2564,0.53676603432701,1485664,268.41264679313457,False,False,False
20222,8090,3110134,성수119안전센터,골목상권,성동구,성수2가1동,366000000,202663800,163336200,0.8059465972709482,1238058,157360811,97992718,87516653,14530637,7361123,3,0,122000000.0,True,5535,2971,2564,0.53676603432701,1488632,268.94887082204156,False,False,False
20211,8085,3110140,건대입구역 6번,골목상권,광진구,자양4동,154622196,103620679,51001517,0.4921943910442818,8782462,93390128,23373310,14923082,13756823,396391,4,0,38655549.0,True,4954,2481,2473,0.5008074283407348,2099298,423.75817521194995,False,False,False
20212,8086,3110140,건대입구역 6번,골목상권,광진구,자양4동,188686601,125193043,63493558,0.507165226425561,16763333,105216070,43538597,20481505,2664183,22913,4,0,47171650.25,True,4954,2481,2473,0.5008074283407348,2065808,416.9979814291482,False,False,False
20213,8087,3110140,건대입구역 6번,골목상권,광진구,자양4동,166628484,105433077,61195407,0.5804194351645452,13257325,87519878,36706246,27085177,2059858,0,4,0,41657121.0,True,4954,2481,2473,0.5008074283407348,2007453,405.21861122325396,False,False,False
20214,8088,3110140,건대입구역 6번,골목상권,광진구,자양4동,173050932,113065317,59985615,0.5305394845352974,11165389,80691877,57799735,21263044,2055275,75612,3,33,57683644.0,True,4954,2481,2473,0.5008074283407348,2059379,415.70024222850225,False,False,False
20221,8089,3110140,건대입구역 6번,골목상권,광진구,자양4동,116687827,73994476,42693351,0.5769802464713717,1001287,61316846,40896990,8567081,4488610,417013,3,0,38895942.333333336,True,4954,2481,2473,0.5008074283407348,2162631,436.54238998788855,False,False,False
20222,8090,3110140,건대입구역 6번,골목상권,광진구,자양4동,194350636,129209652,65140984,0.5041495197278296,4071598,125564231,40402075,12304153,10015168,1993411,3,0,64783545.333333336,True,4954,2481,2473,0.5008074283407348,2216102,447.33589018974567,False,False,False
20223,8091,3110140,건대입구역 6번,골목상권,광진구,자양4동,305768528,197613415,108155113,0.547306532808008,6608041,166268754,77992753,35129848,18176694,1592438,3,0,101922842.66666667,True,4954,2481,2473,0.5008074283407348,2242428,452.6499798142915,False,False,False
20224,8092,3110140,건대입구역 6번,골목상권,광진구,자양4동,287946981,180254705,107692276,0.5974450209219226,7730296,129151327,103663025,26878722,19429563,1094048,3,0,95982327.0,True,5668,2843,2825,0.5015878616796048,2249987,396.9631263232181,False,False,False
20231,8093,3110140,건대입구역 6번,골목상권,광진구,자양4동,223377258,146443073,76934185,0.5253521619284786,4117423,105533895,81225745,13406257,17957465,1136473,3,0,74459086.0,True,5668,2843,2825,0.5015878616796048,2352704,415.08539167254764,False,False,False
20232,8094,3110140,건대입구역 6번,골목상권,광진구,자양4동,221997176,144192307,77804869,0.5395909852527708,1727622,111802826,65938349,13085478,23034200,6408701,3,0,73999058.66666667,True,5668,2843,2825,0.5015878616796048,2348249,414.2994001411433,False,False,False
20242,8098,3110140,건대입구역 6번,골목상권,광진구,자양4동,18774718,11334944,7439774,0.6563573670941824,893598,8564790,6443069,1679506,1193755,0,3,0,6258239.333333333,True,5105,2554,2551,0.5002938295788443,2400719,470.2681684622919,False,False,False
20234,8096,3110148,어린이대공원역 3번,골목상권,광진구,화양동,29648043,23604672,6043371,0.25602435822874386,2364351,20750317,3962287,654480,1893764,22844,3,0,9882681.0,True,1588,808,780,0.5088161209068011,719709,453.21725440806046,False,False,False
20211,8085,3110154,광진정말공원,골목상권,광진구,자양1동,97290731,61779268,35511463,0.5748119741399331,2257880,55972219,29797870,5476210,3502100,284452,4,0,24322682.75,True,4366,2121,2245,0.4857993586807146,2074255,475.0927622537792,False,False,False
20212,8086,3110154,광진정말공원,골목상권,광진구,자양1동,126722974,72789982,53932992,0.7409397628371442,8831258,72916171,28932633,7542342,8378939,121631,4,0,31680743.5,True,4366,2121,2245,0.4857993586807146,2004035,459.0093907466789,False,False,False
20213,8087,3110154,광진정말공원,골목상권,광진구,자양1동,110147000,65395284,44751716,0.6843263498939771,6461901,63237679,21321613,7259321,11607274,259212,4,0,27536750.0,True,4366,2121,2245,0.4857993586807146,2047529,468.9713696747595,False,False,False
20214,8088,3110154,광진정말공원,골목상권,광진구,자양1동,115193464,73154614,42038850,0.5746575328796075,11277800,61696045,24434213,6612654,10013116,1159636,4,0,28798366.0,True,4366,2121,2245,0.4857993586807146,2024595,463.71850664223547,False,False,False
20221,8089,3110154,광진정말공원,골목상권,광진구,자양1동,104408166,63284065,41124101,0.6498334296319302,9855234,50130405,27798338,7150557,8835835,637797,4,0,26102041.5,True,4366,2121,2245,0.4857993586807146,2136260,489.2945487860742,False,False,False
20222,8090,3110154,광진정말공원,골목상권,광진구,자양1동,119199665,77428202,41771463,0.5394864134905264,18844425,52557964,34366843,5083394,7663321,683718,4,0,29799916.25,True,4366,2121,2245,0.4857993586807146,2117625,485.0263398992212,False,False,False
20223,8091,3110154,광진정말공원,골목상권,광진구,자양1동,132000000,88461790,43538210,0.49216967009145984,16485141,65960938,31502879,5666833,11595540,788669,4,0,33000000.0,True,4366,2121,2245,0.4857993586807146,1824539,417.89715987173616,False,False,False
20224,8092,3110154,광진정말공원,골목상권,광진구,자양1동,132000000,83811457,48188543,0.5749636711362743,19120151,66314624,33100018,3906134,8492389,1066684,4,0,33000000.0,True,4782,2336,2446,0.4884985361773317,1702536,356.030112923463,False,False,False
20231,8093,3110154,광진정말공원,골목상권,광진구,자양1동,132000000,82727003,49272997,0.5956095979930519,5876736,67198568,40176006,6487116,10310789,1950785,4,0,33000000.0,True,4782,2336,2446,0.4884985361773317,1644019,343.793182768716,False,False,False
20232,8094,3110154,광진정말공원,골목상권,광진구,자양1동,132000000,82879347,49120653,0.5926766411419723,6039879,70881238,35391360,9912946,8416704,1357873,5,0,26400000.0,True,4782,2336,2446,0.4884985361773317,1643892,343.7666248431619,False,False,False
20233,8095,3110154,광진정말공원,골목상권,광진구,자양1동,132000000,79414746,52585254,0.6621598210488515,6975432,70825139,32107471,9808036,11395123,888799,5,0,26400000.0,True,4782,2336,2446,0.4884985361773317,1610732,336.8322877457131,False,False,False
20234,8096,3110154,광진정말공원,골목상권,광진구,자양1동,128294622,80097834,48196788,0.6017239866935727,12316405,64526739,32316375,7403602,11267747,463754,6,0,21382437.0,True,4109,1972,2137,0.4799221221708445,1638816,398.8357264541251,False,False,False
20241,8097,3110154,광진정말공원,골목상권,광진구,자양1동,132000000,78186906,53813094,0.6882622264142285,6566140,62246490,45947720,9320623,7556841,362186,5,17,26400000.0,True,4109,1972,2137,0.4799221221708445,1686476,410.4346556339742,False,False,False
20242,8098,3110154,광진정말공원,골목상권,광진구,자양1동,132000000,78918260,53081740,0.6726167049298857,6618575,69292132,41334672,8939937,5684433,130251,5,0,26400000.0,True,4109,1972,2137,0.4799221221708445,1701042,413.9795570698467,False,False,False
20243,8099,3110154,광진정말공원,골목상권,광진구,자양1동,132000000,79665574,52334426,0.6569264912344698,6671584,55396361,48283749,10402237,10314195,931874,5,0,26400000.0,True,4109,1972,2137,0.4799221221708445,1722031,419.08761255779996,False,False,False
20244,8100,3110154,광진정말공원,골목상권,광진구,자양1동,131772166,83541902,48230264,0.5773182420481641,7410143,55112492,52381356,5950549,10339227,578399,5,0,26354433.2,True,4109,1972,2137,0.4799221221708445,1725742,419.99075200778776,False,False,True
20251,8101,3110154,광진정말공원,골목상권,광진구,자양1동,132000000,80301412,51698588,0.6438067116428787,6552396,46157615,63947340,4567775,8653431,2121443,4,20,33000000.0,True,4109,1972,2137,0.4799221221708445,1758270,427.9070333414456,False,False,True
20252,8102,3110154,광진정말공원,골목상권,광진구,자양1동,132000000,81054403,50945597,0.6285358366034723,6232384,42152767,70184251,4983276,7537606,909716,4,0,33000000.0,True,4109,1972,2137,0.4799221221708445,1685649,410.23339011925043,False,False,True
20253,8103,3110154,광진정말공원,골목상권,광진구,자양1동,132000000,83736189,48263811,0.5763793597055151,6935013,44507189,63230674,8248651,6578615,2499858,4,0,33000000.0,True,4109,1972,2137,0.4799221221708445,1663124,404.7515210513507,False,False,True
20254,8104,3110154,광진정말공원,골목상권,광진구,자양1동,129282359,80968097,48314262,0.5967073920485003,7244207,37398573,63937440,11768117,7409116,1524906,4,0,32320589.75,True,4109,1972,2137,0.4799221221708445,1718599,418.25237284010706,False,False,True
20211,8085,3110158,중곡3동주민센터,골목상권,광진구,중곡3동,512196959,334020273,178176686,0.5334307537674517,49867639,289674165,124803056,29951229,15371056,2529814,3,0,170732319.66666666,True,6729,3352,3377,0.4981423688512409,2295836,341.1853172834002,False,False,False
20212,8086,3110158,중곡3동주민센터,골목상권,광진구,중곡3동,528000000,355973281,172026719,0.4832573908826601,144507155,210475347,134046681,19260488,18019156,1691173,3,0,176000000.0,True,6729,3352,3377,0.4981423688512409,2099345,311.9846931193342,False,False,False
20213,8087,3110158,중곡3동주민센터,골목상권,광진구,중곡3동,528000000,360289167,167710833,0.46548952441859015,130242496,122292904,217612884,39759259,16892293,1200164,3,0,176000000.0,True,6729,3352,3377,0.4981423688512409,2500080,371.5381185911725,False,False,False
20214,8088,3110158,중곡3동주민센터,골목상권,광진구,중곡3동,527107893,362596525,164511368,0.4537036531169183,97308776,180471597,189497229,43408045,10731994,5690252,3,0,175702631.0,True,6729,3352,3377,0.4981423688512409,2649907,393.80398276118297,False,False,False
20221,8089,3110158,중곡3동주민센터,골목상권,광진구,중곡3동,528000000,365077807,162922193,0.44626704191854644,34506758,278238995,112214918,28862902,68869431,5306996,3,0,176000000.0,True,6729,3352,3377,0.4981423688512409,2708025,402.44092732946945,False,False,False
20222,8090,3110158,중곡3동주민센터,골목상권,광진구,중곡3동,528000000,356759957,171240043,0.4799867239584851,22178493,282176067,102292787,47647742,62297926,11406985,3,0,176000000.0,True,6729,3352,3377,0.4981423688512409,2594629,385.5890919898945,False,False,False
20223,8091,3110158,중곡3동주민센터,골목상권,광진구,중곡3동,528000000,316574596,211425404,0.6678533485359008,25997980,295008332,122622963,25775825,50345610,8249290,3,0,176000000.0,True,6729,3352,3377,0.4981423688512409,2598728,386.19824639619554,False,False,False
20224,8092,3110158,중곡3동주민센터,골목상권,광진구,중곡3동,528000000,308909367,219090633,0.7092392021896831,18882506,308304963,141529898,17653813,32779700,8849120,3,0,176000000.0,True,7012,3495,3517,0.4984312606959498,2806449,400.2351682829435,False,False,False
20231,8093,3110158,중곡3동주민센터,골목상권,광진구,중곡3동,528000000,349228483,178771517,0.5119041707717752,2358864,280440541,161550750,18132862,19327914,46189069,3,0,176000000.0,True,7012,3495,3517,0.4984312606959498,2959590,422.0750142612664,False,False,False
20232,8094,3110158,중곡3동주민센터,골목상권,광진구,중곡3동,528000000,345958492,182041508,0.5261946511201696,5481769,181096319,179181358,14190278,71117623,76932653,3,0,176000000.0,True,7012,3495,3517,0.4984312606959498,2805518,400.1023958927553,False,False,False
20233,8095,3110158,중곡3동주민센터,골목상권,광진구,중곡3동,528000000,355291889,172708111,0.48610203707746336,291322,189523192,241401654,20488263,29720648,46574921,4,0,132000000.0,True,7012,3495,3517,0.4984312606959498,2793061,398.32586993725045,False,False,False
20234,8096,3110158,중곡3동주민센터,골목상권,광진구,중곡3동,528000000,331412110,196587890,0.5931825786329896,2777093,195920166,237709522,16340524,16683873,58568822,4,0,132000000.0,True,6201,3109,3092,0.5013707466537656,2812514,453.55813578455087,False,False,False
20241,8097,3110158,중곡3동주민센터,골목상권,광진구,중곡3동,528000000,337786511,190213489,0.5631174804372221,926873,183031632,218443985,31943025,55569689,38084796,4,0,132000000.0,True,6201,3109,3092,0.5013707466537656,2921687,471.16384454120305,False,False,False
20242,8098,3110158,중곡3동주민센터,골목상권,광진구,중곡3동,528000000,326051516,201948484,0.619376000693093,1295658,221708948,247523467,14091138,40913087,2467702,4,0,132000000.0,True,6201,3109,3092,0.5013707466537656,3056913,492.9709724238026,False,False,False
20243,8099,3110158,중곡3동주민센터,골목상권,광진구,중곡3동,528000000,342692530,185307470,0.540739741248518,1980128,222300702,273003833,12526126,16274616,1914595,4,0,132000000.0,True,6201,3109,3092,0.5013707466537656,3124642,503.8932430253185,False,False,False
20244,8100,3110158,중곡3동주민센터,골목상권,광진구,중곡3동,528000000,334012132,193987868,0.5807809040900347,2879646,203792133,231900614,18095285,67037873,4294449,4,0,132000000.0,True,6201,3109,3092,0.5013707466537656,3090011,498.30849862925334,False,False,True
20251,8101,3110158,중곡3동주민센터,골목상권,광진구,중곡3동,528000000,350295410,177704590,0.5072992249598703,2592568,204450867,256511910,38517634,24589959,1337062,4,0,132000000.0,True,6201,3109,3092,0.5013707466537656,3109871,501.5112078696984,False,False,True
20252,8102,3110158,중곡3동주민센터,골목상권,광진구,중곡3동,501736757,306257448,195479309,0.6382842614165583,705843,161286620,227809110,32436582,73092136,6406466,3,33,167245585.66666666,True,6201,3109,3092,0.5013707466537656,2835642,457.2878567972908,False,False,True
20214,8088,3110159,구의역 4번,골목상권,광진구,자양1동,74975040,51414943,23560097,0.4582344280727881,17313195,39726400,5673457,8162458,3306466,793064,4,0,18743760.0,True,8894,4239,4655,0.476613447267821,3443534,387.1749494040927,False,False,False
20221,8089,3110159,구의역 4번,골목상권,광진구,자양1동,632002356,443881290,188121066,0.42380940633924896,128514495,361810051,55088041,33241273,49643182,3705314,3,33,210667452.0,True,8894,4239,4655,0.476613447267821,3413021,383.7442095794918,False,False,False
20211,8085,3110166,구의1동주민센터,골목상권,광진구,구의1동,136155592,91478784,44676808,0.48838436680575026,26618806,63434630,20421280,17584820,5218349,2877707,3,0,45385197.333333336,True,6101,2891,3210,0.4738567447959351,2155780,353.34863137190627,False,False,False
20212,8086,3110166,구의1동주민센터,골목상권,광진구,구의1동,130899535,85046875,45852660,0.5391457358074592,15522947,76244686,21873390,8474528,8105760,473632,4,0,32724883.75,True,6101,2891,3210,0.4738567447959351,2015768,330.39960662186525,False,False,False
20213,8087,3110166,구의1동주민센터,골목상권,광진구,구의1동,104316726,67185303,37131423,0.552671809785542,10751990,48127018,19592351,10535954,14675744,633669,4,0,26079181.5,True,6101,2891,3210,0.4738567447959351,1930469,316.4184559908212,False,False,False
20214,8088,3110166,구의1동주민센터,골목상권,광진구,구의1동,153964143,103515279,50448864,0.4873566925323169,26889919,73067554,24120705,19060163,10174000,651802,4,0,38491035.75,True,6101,2891,3210,0.4738567447959351,2052424,336.4078019996722,False,False,False
20221,8089,3110166,구의1동주민센터,골목상권,광진구,구의1동,99205059,64006011,35199048,0.5499334742169762,12116480,46107276,25499397,7923539,6723147,835220,4,0,24801264.75,True,6101,2891,3210,0.4738567447959351,2101495,344.45090968693654,False,False,False
20222,8090,3110166,구의1동주민센터,골목상권,광진구,구의1동,178611773,115312469,63299304,0.548937201231898,12497417,100367526,30785016,22800785,7058768,5102261,4,0,44652943.25,True,6101,2891,3210,0.4738567447959351,2155444,353.29355843304376,False,False,False
20223,8091,3110166,구의1동주민센터,골목상권,광진구,구의1동,239671850,154981421,84690429,0.5464553651240558,19923544,136966547,42557570,22097985,13938040,4188164,4,0,59917962.5,True,6101,2891,3210,0.4738567447959351,1985592,325.45353220783477,False,False,False
20224,8092,3110166,구의1동주민센터,골목상권,광진구,구의1동,204554889,135506869,69048020,0.5095536522211284,24083073,95680309,41370987,26014852,13420946,3984722,5,0,40910977.8,True,6518,3073,3445,0.47146363915311446,1991530,305.5431113838601,False,False,False
20231,8093,3110166,구의1동주민센터,골목상권,광진구,구의1동,196608763,135359350,61249413,0.45249488121803183,2661694,101458918,45106625,30555320,9563098,7263108,5,0,39321752.6,True,6518,3073,3445,0.47146363915311446,1988213,305.0342129487573,False,False,False
20232,8094,3110166,구의1동주민센터,골목상권,광진구,구의1동,204653194,143627345,61025849,0.42489018369029935,15032044,101834802,40343584,29913587,15199409,2329768,4,20,51163298.5,True,6518,3073,3445,0.47146363915311446,2083893,319.71356244246704,False,False,False
20233,8095,3110166,구의1동주민센터,골목상권,광진구,구의1동,245046913,159730908,85316005,0.534123333224901,30892742,117271403,51893886,23287722,12247242,9453918,4,0,61261728.25,True,6518,3073,3445,0.47146363915311446,1740192,266.98250997238415,False,False,False
20234,8096,3110166,구의1동주민센터,골목상권,광진구,구의1동,217165637,144006390,73159247,0.5080277826560335,22315331,96262316,42174100,39209267,11841413,5363210,4,0,54291409.25,True,5804,2802,3002,0.4827705031013094,1769341,304.84855272226054,False,False,False
20241,8097,3110166,구의1동주민센터,골목상권,광진구,구의1동,173930873,111855934,62074939,0.5549543665694124,3745675,76151758,45886116,35460617,10048540,2638167,4,0,43482718.25,True,5804,2802,3002,0.4827705031013094,1854172,319.46450723638867,False,False,False
20242,8098,3110166,구의1동주민센터,골목상권,광진구,구의1동,169724590,111642870,58081720,0.5202456726524497,7364680,68113053,43779801,39124236,10510733,832087,4,0,42431147.5,True,5804,2802,3002,0.4827705031013094,1729566,297.99552033080636,False,False,False
20243,8099,3110166,구의1동주민센터,골목상권,광진구,구의1동,187327401,122130661,65196740,0.5338277830167479,7766175,83309762,44356489,34606932,15626569,1661474,4,0,46831850.25,True,5804,2802,3002,0.4827705031013094,1771217,305.17177808407996,False,False,False
20244,8100,3110166,구의1동주민센터,골목상권,광진구,구의1동,126685384,88673651,38011733,0.4286699890139857,3536912,60257029,26894263,15546367,11586726,8864087,4,0,31671346.0,True,5804,2802,3002,0.4827705031013094,1768511,304.7055478980014,False,False,True
20251,8101,3110166,구의1동주민센터,골목상권,광진구,구의1동,142622801,99130214,43492587,0.43874198637359946,3228300,44877590,54924441,14426526,9256902,15909042,4,0,35655700.25,True,5804,2802,3002,0.4827705031013094,1745067,300.6662646450724,False,False,True
20252,8102,3110166,구의1동주민센터,골목상권,광진구,구의1동,109784828,76533050,33251778,0.43447605968924535,2902127,41706480,38681978,10315433,7559620,8619190,4,0,27446207.0,True,5804,2802,3002,0.4827705031013094,1716832,295.80151619572706,False,False,True
20253,8103,3110166,구의1동주민센터,골목상권,광진구,구의1동,145853797,99614922,46238875,0.4641761903904317,3575388,52894739,40634295,19993568,8955792,19800015,3,25,48617932.333333336,True,5804,2802,3002,0.4827705031013094,1729915,298.0556512749828,False,False,True
20254,8104,3110166,구의1동주민센터,골목상권,광진구,구의1동,151156632,99912885,51243747,0.5128842691310536,4154606,50396121,50350962,17997006,12974759,15283178,3,0,50385544.0,True,5804,2802,3002,0.4827705031013094,1662707,286.4760509993108,False,False,True
20223,8091,3110212,답십리초등학교,골목상권,동대문구,답십리1동,108000000,69196476,38803524,0.5607731237642796,4815089,40928551,32291835,6211653,23595292,157580,3,0,36000000.0,True,2112,1082,1030,0.5123106060606061,1069362,506.32670454545456,False,False,False
20211,8085,3110214,경희대후문,골목상권,동대문구,이문1동,55537901,35917971,19619930,0.5462427151021421,707546,39402033,10448209,2598451,2345127,36535,5,0,11107580.2,True,2745,1403,1342,0.5111111111111111,1046912,381.3887067395264,False,False,False
20212,8086,3110214,경희대후문,골목상권,동대문구,이문1동,65249215,41814787,23434428,0.5604339919273055,2292172,51560471,5618417,2462819,3269667,45669,5,0,13049843.0,True,2745,1403,1342,0.5111111111111111,1164278,424.1449908925319,False,False,False
20213,8087,3110214,경희대후문,골목상권,동대문구,이문1동,48447209,32366125,16081084,0.4968492212150821,2712411,37669857,3562696,1862293,2452709,187243,5,0,9689441.8,True,2745,1403,1342,0.5111111111111111,1172182,427.024408014572,False,False,False
20214,8088,3110214,경희대후문,골목상권,동대문구,이문1동,56572930,39226269,17346661,0.44222051809209795,4364476,42853835,2844899,2023783,4458536,27401,5,0,11314586.0,True,2745,1403,1342,0.5111111111111111,1483300,540.3642987249544,False,False,False
20221,8089,3110214,경희대후문,골목상권,동대문구,이문1동,41613366,27702379,13910987,0.502158569125056,550380,31597890,3837297,1820229,3656914,150656,5,0,8322673.2,True,2745,1403,1342,0.5111111111111111,1412484,514.5661202185793,False,False,False
20222,8090,3110214,경희대후문,골목상권,동대문구,이문1동,72887461,50908252,21979209,0.431741576984415,3532894,56289835,3396573,1123480,7970573,574106,4,25,18221865.25,True,2745,1403,1342,0.5111111111111111,1672642,609.3413479052823,False,False,False
20223,8091,3110214,경희대후문,골목상권,동대문구,이문1동,87734630,61122674,26611956,0.4353859911299038,7200617,61831567,4184979,3874223,9206784,1436460,4,0,21933657.5,True,2745,1403,1342,0.5111111111111111,1489881,542.7617486338797,False,False,False
20224,8092,3110214,경희대후문,골목상권,동대문구,이문1동,76499406,53412805,23086601,0.4322297059665749,7418340,49795506,5950271,4471675,7288068,1575546,3,33,25499802.0,True,2343,1221,1122,0.5211267605633803,1734696,740.3738796414852,False,False,False
20231,8093,3110214,경희대후문,골목상권,동대문구,이문1동,83697969,59081866,24616103,0.4166439665260403,1248520,59322249,7720277,3561236,9502047,2343640,3,0,27899323.0,True,2343,1221,1122,0.5211267605633803,1532722,654.1707212974818,False,False,False
20232,8094,3110214,경희대후문,골목상권,동대문구,이문1동,85904288,64461482,21442806,0.33264525317615257,3268337,61120104,3931451,1948774,14426046,1209576,3,0,28634762.666666668,True,2343,1221,1122,0.5211267605633803,1847030,788.3183952198036,False,False,False
20233,8095,3110214,경희대후문,골목상권,동대문구,이문1동,90583261,65365233,25218028,0.3858018527984135,3054354,71239901,3350939,2272406,9886423,779238,3,0,30194420.333333332,True,2343,1221,1122,0.5211267605633803,1489081,635.5446009389672,False,False,False
20234,8096,3110214,경희대후문,골목상권,동대문구,이문1동,82872848,63307607,19565241,0.3090503957920886,5855727,56585225,2627857,5611624,11325206,867209,3,0,27624282.666666668,True,2945,1486,1459,0.5045840407470289,1731849,588.0641765704584,False,False,False
20241,8097,3110214,경희대후문,골목상권,동대문구,이문1동,61412464,45842450,15570014,0.3396418385143028,2015553,43609779,5135167,2723088,6943961,984916,3,0,20470821.333333332,True,2945,1486,1459,0.5045840407470289,1431891,486.2108658743633,False,False,False
20242,8098,3110214,경희대후문,골목상권,동대문구,이문1동,67456649,52919052,14537597,0.27471385919762886,2962093,43737285,3145420,1859991,9845419,2636692,3,0,22485549.666666668,True,2945,1486,1459,0.5045840407470289,1690160,573.9083191850594,False,False,False
20243,8099,3110214,경희대후문,골목상권,동대문구,이문1동,85457953,58425994,27031959,0.4626700745561984,3730187,55851536,4977337,1565678,14902043,573696,3,0,28485984.333333332,True,2945,1486,1459,0.5045840407470289,1312447,445.65263157894736,False,False,False
20244,8100,3110214,경희대후문,골목상권,동대문구,이문1동,88556566,66730805,21825761,0.3270717474485734,6194391,64484088,4354075,1102897,8416783,2890645,3,0,29518855.333333332,True,2945,1486,1459,0.5045840407470289,1557485,528.8573853989814,False,False,True
20251,8101,3110214,경희대후문,골목상권,동대문구,이문1동,76850707,54705507,22145200,0.40480750868463755,1657627,42543445,20006019,2243933,9073811,1325872,3,0,25616902.333333332,True,2945,1486,1459,0.5045840407470289,1214404,412.36129032258066,False,False,True
20252,8102,3110214,경희대후문,골목상권,동대문구,이문1동,100458300,73414099,27044201,0.36837884504991336,2325877,59972883,26537376,2287702,7134144,2200318,3,0,33486100.0,True,2945,1486,1459,0.5045840407470289,1553078,527.3609507640068,False,False,True
20211,8085,3110255,상봉역 4번,골목상권,중랑구,상봉2동,269467905,176886716,92581189,0.5233925480305711,11037915,190978207,55888383,6463791,4133135,966474,4,25,67366976.25,True,6260,3116,3144,0.49776357827476037,2812822,449.3325878594249,False,False,False
20212,8086,3110255,상봉역 4번,골목상권,중랑구,상봉2동,284926066,196841935,88084131,0.4474866140693039,16955849,198718197,60720020,5116959,2011251,1403790,4,0,71231516.5,True,6260,3116,3144,0.49776357827476037,2703004,431.78977635782746,False,False,False
20213,8087,3110255,상봉역 4번,골목상권,중랑구,상봉2동,246794636,166531679,80262957,0.4819681004957621,26990821,147398139,48982475,14945467,5120912,3356822,4,0,61698659.0,True,6260,3116,3144,0.49776357827476037,2158884,344.8696485623003,False,False,False
20214,8088,3110255,상봉역 4번,골목상권,중랑구,상봉2동,201967888,128793956,73173932,0.5681472506365128,3215681,104570606,58678975,14604035,6952565,13946026,4,0,50491972.0,True,6260,3116,3144,0.49776357827476037,1989095,317.74680511182106,False,False,False
20221,8089,3110255,상봉역 4번,골목상권,중랑구,상봉2동,127392325,75168784,52223541,0.6947503766989234,574261,80489199,32572617,1954678,9972492,1829078,4,0,31848081.25,True,6260,3116,3144,0.49776357827476037,2064568,329.8031948881789,False,False,False
20222,8090,3110255,상봉역 4번,골목상권,중랑구,상봉2동,130082815,78048435,52034380,0.6666934449102022,4266677,58459847,43465757,10283821,5454599,8152114,4,0,32520703.75,True,6260,3116,3144,0.49776357827476037,2051886,327.7773162939297,False,False,False
20244,8100,3110255,상봉역 4번,골목상권,중랑구,상봉2동,43834768,25021835,18812933,0.7518606449127332,1030640,21011007,14852239,5126698,1497614,316570,3,0,14611589.333333334,True,5805,2860,2945,0.4926787252368648,2335481,402.3223083548665,False,False,True
20211,8085,3110264,면목역 2번,골목상권,중랑구,면목본동,290917590,176244646,114672944,0.6506463975081547,42312118,133919127,45006047,40656893,7203916,21819489,3,0,96972530.0,True,9709,4874,4835,0.5020084457719641,2712333,279.36275620558246,False,False,False
20212,8086,3110264,면목역 2번,골목상권,중랑구,면목본동,320142035,217055669,103086366,0.4749305395935086,52427872,155300098,40497581,22935264,28252740,20728480,3,0,106714011.66666667,True,9709,4874,4835,0.5020084457719641,2621590,270.016479555052,False,False,False
20213,8087,3110264,면목역 2번,골목상권,중랑구,면목본동,289738159,195417115,94321044,0.4826652158896113,26557321,136432119,52880095,25109837,32595209,16163578,3,0,96579386.33333333,True,9709,4874,4835,0.5020084457719641,2924142,301.17849418065714,False,False,False
20211,8085,3110274,서일대학교,골목상권,중랑구,면목3·8동,59330568,37833178,21497390,0.5682152844786129,5611037,39308142,9394972,2081937,2540642,393838,4,20,14832642.0,True,6678,3374,3304,0.5052410901467506,1427078,213.6984126984127,False,False,False
20212,8086,3110274,서일대학교,골목상권,중랑구,면목3·8동,106302337,74688713,31613624,0.42327177334010296,13943039,62154526,8704860,7750788,13617845,131279,4,0,26575584.25,True,6678,3374,3304,0.5052410901467506,1381879,206.93006888289906,False,False,False
20213,8087,3110274,서일대학교,골목상권,중랑구,면목3·8동,65321541,41549158,23772383,0.5721507761962348,10645915,37644452,9150930,1224505,6500133,155606,3,25,21773847.0,True,6678,3374,3304,0.5052410901467506,1259927,188.66831386642707,False,False,False
20214,8088,3110274,서일대학교,골목상권,중랑구,면목3·8동,86491504,68167988,18323516,0.26879942532556483,20344366,41574800,11560273,3583460,9397716,30889,4,0,21622876.0,True,6678,3374,3304,0.5052410901467506,1264153,189.301138065289,False,False,False
20221,8089,3110274,서일대학교,골목상권,중랑구,면목3·8동,76291866,60105887,16185979,0.2692910762634615,14971272,36982548,10960646,4603572,8364230,409598,4,0,19072966.5,True,6678,3374,3304,0.5052410901467506,1309948,196.15873015873015,False,False,False
20222,8090,3110274,서일대학교,골목상권,중랑구,면목3·8동,154874172,126544077,28330095,0.22387531421166398,36744632,74469313,17235595,9866195,14287309,2271128,4,0,38718543.0,True,6678,3374,3304,0.5052410901467506,1290060,193.18059299191376,False,False,False
20223,8091,3110274,서일대학교,골목상권,중랑구,면목3·8동,107255271,77005409,30249862,0.39282775577492224,13973133,56636805,23938138,2956638,8125180,1625377,4,0,26813817.75,True,6678,3374,3304,0.5052410901467506,1211142,181.36298292902066,False,False,False
20224,8092,3110274,서일대학교,골목상권,중랑구,면목3·8동,134507331,106408905,28098426,0.2640608509222043,21881604,63671053,18039030,8673945,21426945,814754,4,25,33626832.75,True,6866,3490,3376,0.5083017768715409,1240638,180.69297990096126,False,False,False
20231,8093,3110274,서일대학교,골목상권,중랑구,면목3·8동,98980035,76884939,22095096,0.28737872836187073,8868078,53022906,14997793,9737966,12057114,296178,4,0,24745008.75,True,6866,3490,3376,0.5083017768715409,1278572,186.21788523157588,False,False,False
20232,8094,3110274,서일대학교,골목상권,중랑구,면목3·8동,127461488,103574815,23886673,0.2306224056494815,24850182,53841448,15793430,10524623,20959322,1492483,3,33,42487162.666666664,True,6866,3490,3376,0.5083017768715409,1250420,182.1176813282843,False,False,False
20233,8095,3110274,서일대학교,골목상권,중랑구,면목3·8동,86959476,64615723,22343753,0.34579436648878786,6959817,42883354,20393170,5453842,9866816,1402477,3,0,28986492.0,True,6866,3490,3376,0.5083017768715409,1233128,179.59918438683368,False,False,False
20234,8096,3110274,서일대학교,골목상권,중랑구,면목3·8동,111077819,93704149,17373670,0.18540982641014114,24511598,43779227,11375353,8798870,21326838,1285933,3,0,37025939.666666664,True,6214,3152,3062,0.5072417122626328,1452702,233.77888638558093,False,False,False
20241,8097,3110274,서일대학교,골목상권,중랑구,면목3·8동,64246596,50170355,14076241,0.2805688937221991,10904055,30153195,10878845,4610927,6705501,376288,3,0,21415532.0,True,6214,3152,3062,0.5072417122626328,1465820,235.88992597360797,False,False,False
20242,8098,3110274,서일대학교,골목상권,중랑구,면목3·8동,110333387,99475808,10857579,0.10914793474208322,23663590,44137334,5723056,13008624,23071908,728875,3,0,36777795.666666664,True,6214,3152,3062,0.5072417122626328,1396369,224.7133891213389,False,False,False
20243,8099,3110274,서일대학교,골목상권,중랑구,면목3·8동,50568827,39680358,10888469,0.27440450512064435,11188553,23427960,6411643,3156094,6245113,139464,3,0,16856275.666666668,True,6214,3152,3062,0.5072417122626328,1407711,226.53862246540072,False,False,False
20244,8100,3110274,서일대학교,골목상권,중랑구,면목3·8동,93909561,81546131,12363430,0.15161271109232638,17070956,44824965,5946185,9368715,15965120,733620,3,0,31303187.0,True,6214,3152,3062,0.5072417122626328,1371252,220.67138719021565,False,False,True
20251,8101,3110274,서일대학교,골목상권,중랑구,면목3·8동,54935025,43853500,11081525,0.25269419772652124,3939198,30646802,10601700,2548244,6193105,1005976,3,0,18311675.0,True,6214,3152,3062,0.5072417122626328,1374796,221.24171226263277,False,False,True
20252,8102,3110274,서일대학교,골목상권,중랑구,면목3·8동,73431520,64462821,8968699,0.13912979390089056,9616806,35812653,10725152,2538209,13292144,1446556,3,0,24477173.333333332,True,6214,3152,3062,0.5072417122626328,1374253,221.15432893466365,False,False,True
20253,8103,3110274,서일대학교,골목상권,중랑구,면목3·8동,48639792,40775382,7864410,0.19287152233178342,7363897,24785795,6969881,2313584,6709908,496727,3,0,16213264.0,True,6214,3152,3062,0.5072417122626328,1378970,221.91342130672675,False,False,True
20254,8104,3110274,서일대학교,골목상권,중랑구,면목3·8동,63075892,53327238,9748654,0.18280815518703594,6523271,30726889,6308047,5218732,12081759,2217194,3,0,21025297.333333332,True,6214,3152,3062,0.5072417122626328,1461185,235.1440296105568,False,False,True
20253,8103,3110299,정릉역 1번,골목상권,성북구,정릉1동,633000000,400869717,232130283,0.5790666472319235,47577188,222897728,222274042,74964222,60550297,4736523,3,0,211000000.0,True,3193,1589,1604,0.497651111807078,1857828,581.84403382399,False,False,True
20254,8104,3110299,정릉역 1번,골목상권,성북구,정릉1동,633000000,405720046,227279954,0.5601891162163577,41459103,181895903,264461122,93127890,50796411,1259571,3,0,211000000.0,True,3193,1589,1604,0.497651111807078,1806785,565.8581271531475,False,False,True
20211,8085,3110312,안암역 2번,골목상권,성북구,안암동,530007588,361294552,168713036,0.4669681152568279,14949053,375143373,111384061,6565007,19150671,2815423,5,0,106001517.6,True,1694,865,829,0.5106257378984652,459556,271.28453364817,False,False,False
20212,8086,3110312,안암역 2번,골목상권,성북구,안암동,594859306,401179768,193679538,0.4827749389395928,60691693,373290384,107637718,20278418,21988733,10972360,5,0,118971861.2,True,1694,865,829,0.5106257378984652,534140,315.3128689492326,False,False,False
20213,8087,3110312,안암역 2번,골목상권,성북구,안암동,399037331,296733399,102303932,0.3447671625262514,33547134,241426862,66371605,17984969,32527302,7179459,5,20,79807466.2,True,1694,865,829,0.5106257378984652,459333,271.1528925619835,False,False,False
20214,8088,3110312,안암역 2번,골목상권,성북구,안암동,520791040,372583772,148207268,0.39778240261092207,57933651,306043330,90950489,35876362,24860144,5127064,6,0,86798506.66666667,True,1694,865,829,0.5106257378984652,548163,323.59090909090907,False,False,False
20221,8089,3110312,안암역 2번,골목상권,성북구,안암동,363043890,267805178,95238712,0.3556268505010011,21129930,236730493,59366573,8934489,33164472,3717933,6,0,60507315.0,True,1694,865,829,0.5106257378984652,514001,303.42443919716646,False,False,False
20222,8090,3110312,안암역 2번,골목상권,성북구,안암동,736047403,557225449,178821954,0.32091490853641896,64891687,441161128,103664547,32017018,87293492,7019531,6,0,122674567.16666667,True,1694,865,829,0.5106257378984652,608149,359.0017709563164,False,False,False
20223,8091,3110312,안암역 2번,골목상권,성북구,안암동,682529784,508991071,173538713,0.3409464780178826,68626052,420542513,89506589,25106739,69399527,9348364,4,50,170632446.0,True,1694,865,829,0.5106257378984652,462148,272.814639905549,False,False,False
20224,8092,3110312,안암역 2번,골목상권,성북구,안암동,643991318,464222783,179768535,0.387246256718081,73707357,408264132,60491186,36143513,57651125,3973425,4,0,160997829.5,True,934,491,443,0.525695931477516,537566,575.5524625267666,False,False,False
20231,8093,3110312,안암역 2번,골목상권,성북구,안암동,586391362,426484460,159906902,0.3749419193374596,35570383,384506334,76038766,14274474,63817348,8235635,3,33,195463787.33333334,True,934,491,443,0.525695931477516,472381,505.7612419700214,False,False,False
20232,8094,3110312,안암역 2번,골목상권,성북구,안암동,600621103,465964140,134656963,0.28898567816828136,83284075,334991581,72889283,17950947,82757237,8747980,3,0,200207034.33333334,True,934,491,443,0.525695931477516,560015,599.5877944325482,False,False,False
20233,8095,3110312,안암역 2번,골목상권,성북구,안암동,566873982,406916911,159957071,0.39309516679192524,55511970,320450603,101249140,19339275,57485352,12837642,3,0,188957994.0,True,934,491,443,0.525695931477516,454186,486.28051391862954,False,False,False
20234,8096,3110312,안암역 2번,골목상권,성북구,안암동,467088066,346826493,120261573,0.3467485195832488,52977672,256189608,59925197,19302500,65866075,12827014,3,0,155696022.0,True,1793,915,878,0.5103179029559398,606992,338.53430005577246,False,False,False
20241,8097,3110312,안암역 2번,골목상권,성북구,안암동,390247404,272510892,117736512,0.43204332544623575,22101053,201925756,78367078,18520869,51453298,17879350,3,0,130082468.0,True,1793,915,878,0.5103179029559398,527174,294.01784718349137,False,False,False
20242,8098,3110312,안암역 2번,골목상권,성북구,안암동,481361093,364489657,116871436,0.3206440395646124,42791497,266264837,63169826,37989845,58820393,12324695,3,0,160453697.66666666,True,1793,915,878,0.5103179029559398,614905,342.94757389849417,False,False,False
20243,8099,3110312,안암역 2번,골목상권,성북구,안암동,467807421,336597924,131209497,0.3898107731644833,26019769,277489315,53370462,45809994,57655303,7462578,3,0,155935807.0,True,1793,915,878,0.5103179029559398,497673,277.5644171779141,False,False,False
20244,8100,3110312,안암역 2번,골목상권,성북구,안암동,498814161,357042999,141771162,0.39707027556084357,32084403,238273509,40052909,52618365,131147450,4637525,3,0,166271387.0,True,1793,915,878,0.5103179029559398,648275,361.55883993307305,False,False,True
20251,8101,3110312,안암역 2번,골목상권,성북구,안암동,453720528,333797964,119922564,0.35926691272448863,14852919,253350370,59471551,38300483,82130640,5614565,3,0,151240176.0,True,1793,915,878,0.5103179029559398,549653,306.5549358616843,False,False,True
20211,8085,3110313,안암역 3번,골목상권,성북구,안암동,287726635,196041220,91685415,0.46768437270488317,9094454,172471168,81345631,8731344,12574722,3509316,5,0,57545327.0,True,1257,703,554,0.5592680986475735,1143197,909.4645982498012,False,False,False
20212,8086,3110313,안암역 3번,골목상권,성북구,안암동,352761965,234031036,118730929,0.50732984406393,8661218,216826711,90330148,9324198,21011949,6607741,4,25,88190491.25,True,1257,703,554,0.5592680986475735,1247651,992.5624502784407,False,False,False
20213,8087,3110313,안암역 3번,골목상권,성북구,안암동,261948827,167382028,94566799,0.5649758228523794,8364033,143675993,73697693,8963362,25622437,1625309,4,0,65487206.75,True,1257,703,554,0.5592680986475735,1185277,942.9411296738266,False,False,False
20214,8088,3110313,안암역 3번,골목상권,성북구,안암동,282352785,192847829,89504956,0.46412218620309176,14192410,149172968,73165828,25367866,18587028,1866685,4,0,70588196.25,True,1257,703,554,0.5592680986475735,1352871,1076.2696897374701,False,False,False
20221,8089,3110313,안암역 3번,골목상권,성북구,안암동,204672426,136116143,68556283,0.5036601940741151,6238457,94347171,61245921,23249018,16227014,3364845,4,0,51168106.5,True,1257,703,554,0.5592680986475735,1220435,970.9108989657916,False,False,False
20222,8090,3110313,안암역 3번,골목상권,성북구,안암동,285967217,198149612,87817605,0.44318837727524796,11870515,144049565,78611111,19904686,26266747,5264593,4,0,71491804.25,True,1257,703,554,0.5592680986475735,1611308,1281.8679395385839,False,False,False
20223,8091,3110313,안암역 3번,골목상권,성북구,안암동,368533409,243217254,125316155,0.5152436882623467,10756562,209340741,101464265,20991581,22034666,3945594,4,0,92133352.25,True,1257,703,554,0.5592680986475735,1424912,1133.5815433571997,False,False,False
20224,8092,3110313,안암역 3번,골목상권,성북구,안암동,394153654,260869174,133284480,0.5109246062166011,14510947,217608871,88428291,42931188,27735593,2938764,4,0,98538413.5,True,568,354,214,0.6232394366197183,1778888,3131.845070422535,False,False,False
20231,8093,3110313,안암역 3번,골목상권,성북구,안암동,392627344,266987894,125639450,0.4705810743613716,13253993,224005547,99204283,27870538,25512371,2780612,4,0,98156836.0,True,568,354,214,0.6232394366197183,1616161,2845.353873239437,False,False,False
20232,8094,3110313,안암역 3번,골목상권,성북구,안암동,290359843,207441905,82917938,0.39971643145101277,9085145,140179295,89515252,26494540,22483585,2602026,4,0,72589960.75,True,568,354,214,0.6232394366197183,1887889,3323.7482394366198,False,False,False
20233,8095,3110313,안암역 3번,골목상권,성북구,안암동,421879171,271212590,150666581,0.5555294501630621,12412454,238037392,115910688,13892822,34472483,7153332,4,40,105469792.75,True,568,354,214,0.6232394366197183,1576710,2775.8978873239435,False,False,False
20234,8096,3110313,안암역 3번,골목상권,성북구,안암동,315227484,215270590,99956894,0.46433139798613454,11320528,172129637,78745589,18850541,28749615,5431574,4,0,78806871.0,True,1322,746,576,0.5642965204236006,1875419,1418.622541603631,False,False,False
20241,8097,3110313,안암역 3번,골목상권,성북구,안암동,302601637,205273181,97328456,0.47414112026646094,11206200,141182531,100764716,24278591,20670226,4499373,3,25,100867212.33333333,True,1322,746,576,0.5642965204236006,1675755,1267.590771558245,False,False,False
20242,8098,3110313,안암역 3번,골목상권,성북구,안암동,279643041,188912337,90730704,0.4802794007042536,7269560,150765908,75982426,21006062,21196338,3422747,6,0,46607173.5,True,1322,746,576,0.5642965204236006,1978189,1496.3608169440242,False,False,False
20243,8099,3110313,안암역 3번,골목상권,성북구,안암동,304458809,204460117,99998692,0.48908654395419326,9487680,139588520,94184718,24936734,33474304,2786853,6,0,50743134.833333336,True,1322,746,576,0.5642965204236006,1552811,1174.592284417549,False,False,False
20244,8100,3110313,안암역 3번,골목상권,성북구,안암동,324402519,216640978,107761541,0.4974199340994482,20877076,141849299,98322976,28343899,33985207,1024062,6,0,54067086.5,True,1322,746,576,0.5642965204236006,1848411,1398.1928895612707,False,False,True
20251,8101,3110313,안암역 3번,골목상권,성북구,안암동,286892961,183160600,103732361,0.5663464795376298,7057777,137327636,91424414,18018069,30667907,2397158,6,0,47815493.5,True,1322,746,576,0.5642965204236006,1715960,1298.0030257186081,False,False,True
20252,8102,3110313,안암역 3번,골목상권,성북구,안암동,291162820,197601523,93561297,0.4734846957632002,11447534,154528250,68879699,19679574,34638716,1989047,6,0,48527136.666666664,True,1322,746,576,0.5642965204236006,2102838,1590.6490166414524,False,False,True
20253,8103,3110313,안암역 3번,골목상권,성북구,안암동,216572811,136197654,80375157,0.590136134062926,10566218,101180896,59830123,23956994,18218658,2819922,6,0,36095468.5,True,1322,746,576,0.5642965204236006,1695330,1282.3978819969743,False,False,True
20254,8104,3110313,안암역 3번,골목상권,성북구,안암동,256802366,179274817,77527549,0.43245086118258314,16250932,114686719,57348325,44227429,20443499,3845462,6,0,42800394.333333336,True,1322,746,576,0.5642965204236006,1822717,1378.7571860816945,False,False,True
20211,8085,3110315,종암아이파크2차,골목상권,성북구,종암동,81731539,54564750,27166789,0.49788167269161865,671153,53781740,18195707,991815,8091124,0,3,0,27243846.333333332,True,3029,1467,1562,0.4843182568504457,1484503,490.09673159458566,False,False,False
20212,8086,3110315,종암아이파크2차,골목상권,성북구,종암동,115386141,68539651,46846490,0.6834947262862485,909786,52472989,26987814,2393780,32051292,570480,3,0,38462047.0,True,3029,1467,1562,0.4843182568504457,1444712,476.96005282271375,False,False,False
20213,8087,3110315,종암아이파크2차,골목상권,성북구,종암동,85728629,60593944,25134685,0.4148052320212066,1394507,46812932,25265187,2390051,9399873,466079,3,0,28576209.666666668,True,3029,1467,1562,0.4843182568504457,1464029,483.3374050841862,False,False,False
20214,8088,3110315,종암아이파크2차,골목상권,성북구,종암동,96254547,61194252,35060295,0.5729344481569936,2427337,43199892,33848490,5880047,10898781,0,3,0,32084849.0,True,3029,1467,1562,0.4843182568504457,1633806,539.3879168042258,False,False,False
20221,8089,3110315,종암아이파크2차,골목상권,성북구,종암동,88137323,64840852,23296471,0.35928693534131845,2020917,39493634,21868406,15332121,9422245,0,3,0,29379107.666666668,True,3029,1467,1562,0.4843182568504457,1611567,532.045889732585,False,False,False
20222,8090,3110315,종암아이파크2차,골목상권,성북구,종암동,115453255,73990907,41462348,0.5603708574622555,459047,57632501,33934612,12693229,10275245,458621,3,0,38484418.333333336,True,3029,1467,1562,0.4843182568504457,1611645,532.0716408055464,False,False,False
20223,8091,3110315,종암아이파크2차,골목상권,성북구,종암동,188123109,127127593,60995516,0.4797976156128434,130502,89195135,49270098,29993089,18013005,1521280,3,0,62707703.0,True,3029,1467,1562,0.4843182568504457,1602448,529.0353251898316,False,False,False
20224,8092,3110315,종암아이파크2차,골목상권,성북구,종암동,147448619,91858494,55590125,0.6051713083822167,3227058,91112023,24422459,15962579,12724500,0,3,0,49149539.666666664,True,3110,1521,1589,0.4890675241157556,1630055,524.1334405144695,False,False,False
20231,8093,3110315,종암아이파크2차,골목상권,성북구,종암동,155729902,96545379,59184523,0.6130228459717373,3005274,79782725,35097546,24570539,12225407,1048411,3,0,51909967.333333336,True,3110,1521,1589,0.4890675241157556,1629846,524.0662379421221,False,False,False
20232,8094,3110315,종암아이파크2차,골목상권,성북구,종암동,50418516,31547926,18870590,0.5981562781654807,1994816,28501637,9549018,7598945,2438523,335577,4,0,12604629.0,True,3110,1521,1589,0.4890675241157556,1592939,512.199035369775,False,False,False
20212,8086,3110316,숭곡초등학교,골목상권,성북구,월곡1동,207029704,125291545,81738159,0.652383678403838,14166727,112413239,42526223,20892880,15593167,1437468,3,0,69009901.33333333,True,4537,2252,2285,0.49636323561824996,3195741,704.3731540665638,False,False,False
20214,8088,3110355,삼양사거리역 2번,골목상권,강북구,삼양동,15464687,9388047,6076640,0.6472741348653239,923018,4054277,4184772,4751951,1412535,138134,2,0,7732343.5,True,3076,1545,1531,0.5022756827048115,1325345,430.86638491547467,False,False,False
20224,8092,3110357,가오리역 1번,골목상권,강북구,수유2동,82040505,48274521,33765984,0.699457670434472,4870932,36537554,25165450,8595223,6607747,263599,3,0,27346835.0,True,1747,900,847,0.5151688609044076,1027502,588.1522610188895,False,False,False
20231,8093,3110357,가오리역 1번,골목상권,강북구,수유2동,159024293,96999257,62025036,0.6394382587899616,8747756,81955591,38707714,17462785,11536601,613846,2,33,79512146.5,True,1747,900,847,0.5151688609044076,1034177,591.9730967372639,False,False,False
20232,8094,3110357,가오리역 1번,골목상권,강북구,수유2동,170535269,101741087,68794182,0.676169127227823,8906993,82739264,47298911,15655741,13703638,2230722,2,0,85267634.5,True,1747,900,847,0.5151688609044076,976184,558.7773325701202,False,False,False
20233,8095,3110357,가오리역 1번,골목상권,강북구,수유2동,228190826,144209717,83981109,0.5823540240357035,10796395,90123616,77497018,22989279,25136454,1648064,2,0,114095413.0,True,1747,900,847,0.5151688609044076,993307,568.5787063537493,False,False,False
20234,8096,3110357,가오리역 1번,골목상권,강북구,수유2동,187848547,117209314,70639233,0.6026759358048969,10393820,77755961,66750065,15565522,16256319,1126860,2,0,93924273.5,True,1443,712,731,0.4934164934164934,984817,682.4788634788634,False,False,False
20241,8097,3110357,가오리역 1번,골목상권,강북구,수유2동,191865969,117636531,74229438,0.6310066895801271,10686592,60069397,93517840,14341367,11574635,1676138,2,0,95932984.5,True,1443,712,731,0.4934164934164934,1003349,695.3215523215523,False,False,False
20242,8098,3110357,가오리역 1번,골목상권,강북구,수유2동,189389354,120238745,69150609,0.5751108679652304,13117026,46974401,89326280,18443214,19830018,1698415,2,0,94694677.0,True,1443,712,731,0.4934164934164934,1117663,774.5412335412335,False,False,False
20243,8099,3110357,가오리역 1번,골목상권,강북구,수유2동,183385334,117717021,65668313,0.5578489197411817,11751535,64703320,72835459,10974055,21332495,1788470,2,0,91692667.0,True,1443,712,731,0.4934164934164934,1078919,747.6916146916147,False,False,False
20244,8100,3110357,가오리역 1번,골목상권,강북구,수유2동,133759288,85685549,48073739,0.5610483863504219,11265831,45115970,44575412,11400515,19487480,1914080,2,0,66879644.0,True,1443,712,731,0.4934164934164934,1126259,780.4982674982675,False,False,True
20251,8101,3110357,가오리역 1번,골목상권,강북구,수유2동,139924290,85536952,54387338,0.6358344169196022,2332440,50373452,55298377,12245089,18029753,1645179,2,0,69962145.0,True,1443,712,731,0.4934164934164934,1163965,806.6285516285516,False,False,True
20252,8102,3110357,가오리역 1번,골목상권,강북구,수유2동,100763709,64380473,36383236,0.5651284357603276,2986090,43974057,35795037,5284034,12159292,565199,2,0,50381854.5,True,1443,712,731,0.4934164934164934,1079109,747.8232848232848,False,False,True
20253,8103,3110357,가오리역 1번,골목상권,강북구,수유2동,134109553,89691474,44418079,0.49523189907660564,7121151,55930798,45656387,3933394,17992603,3475220,2,0,67054776.5,True,1443,712,731,0.4934164934164934,838386,581.002079002079,False,False,True
20254,8104,3110357,가오리역 1번,골목상권,강북구,수유2동,140809678,94453650,46356028,0.4907806950816617,5120666,60194499,53528230,10486542,10924816,554925,2,0,70404839.0,True,1443,712,731,0.4934164934164934,846298,586.4851004851005,False,False,True
20211,8085,3110367,강북구청,골목상권,강북구,수유3동,115665904,83127779,32538125,0.39142300433649263,1429979,88714258,13881688,133434,3362562,8143983,3,0,38555301.333333336,True,1786,847,939,0.4742441209406495,1358232,760.488241881299,False,False,False
20212,8086,3110367,강북구청,골목상권,강북구,수유3동,173492185,112932709,60559476,0.5362438972397271,1072085,130517774,32568180,547083,5255413,3531650,3,0,57830728.333333336,True,1786,847,939,0.4742441209406495,1343628,752.3113101903696,False,False,False
20213,8087,3110367,강북구청,골목상권,강북구,수유3동,49104079,34315034,14789045,0.4309785908998371,1149765,33885816,11602174,1156437,1198691,111196,3,67,16368026.333333334,True,1786,847,939,0.4742441209406495,1356589,759.5683090705487,False,False,False
20214,8088,3110367,강북구청,골목상권,강북구,수유3동,78268522,53184966,25083556,0.47162869296560234,1968166,56096073,17268713,1779133,1156437,0,3,0,26089507.333333332,True,1786,847,939,0.4742441209406495,1431257,801.375699888018,False,False,False
20221,8089,3110367,강북구청,골목상권,강북구,수유3동,56247300,35487038,20760262,0.5850097153783306,555979,31463972,14359831,9233702,633816,0,3,0,18749100.0,True,1786,847,939,0.4742441209406495,1440148,806.3538633818589,False,False,False
20222,8090,3110367,강북구청,골목상권,강북구,수유3동,68883593,44589530,24294063,0.5448378352496651,2494854,42325158,17948858,4733905,1380818,0,3,0,22961197.666666668,True,1786,847,939,0.4742441209406495,1459541,817.2122060470325,False,False,False
20223,8091,3110367,강북구청,골목상권,강북구,수유3동,63915364,37935568,25979796,0.6848400424635793,1245393,44135849,14506608,3193545,833969,0,3,0,21305121.333333332,True,1786,847,939,0.4742441209406495,1490714,834.6662933930571,False,False,False
20224,8092,3110367,강북구청,골목상권,강북구,수유3동,22839624,13754925,9084699,0.6604688138975676,355827,15055916,5548672,733892,1145317,0,3,0,7613208.0,True,1918,914,1004,0.4765380604796663,1514431,789.5886339937434,False,False,False
20231,8093,3110367,강북구청,골목상권,강북구,수유3동,38549371,25506099,13043272,0.5113785530276503,177913,28270430,7943830,1312110,756131,88957,3,0,12849790.333333334,True,1918,914,1004,0.4765380604796663,1524513,794.8451511991658,False,False,False
20232,8094,3110367,강북구청,골목상권,강북구,수유3동,23268840,15796479,7472361,0.4730396564956026,44478,17909202,3536027,1312111,400305,66717,3,0,7756280.0,True,1918,914,1004,0.4765380604796663,1271517,662.9389989572471,False,False,False
20233,8095,3110367,강북구청,골목상권,강북구,수유3동,23778117,12269347,11508770,0.9380099853724897,88957,15560745,4914855,611577,1768014,833969,3,0,7926039.0,True,1918,914,1004,0.4765380604796663,1211681,631.7419186652763,False,False,False
20234,8096,3110367,강북구청,골목상권,강북구,수유3동,15311666,10296733,5014933,0.4870411809260277,66717,10986148,2390711,333588,1378828,155674,3,0,5103888.666666667,True,1714,853,861,0.49766627771295213,1250252,729.4352392065344,False,False,False
20241,8097,3110367,강북구청,골목상권,강북구,수유3동,18340640,12302708,6037932,0.4907807289256967,244630,8851188,8043907,366946,311348,522621,3,0,6113546.666666667,True,1714,853,861,0.49766627771295213,1254610,731.9778296382731,False,False,False
20242,8098,3110367,강북구청,골목상권,강북구,수유3동,14137438,7656943,6480495,0.8463553927461651,0,4080887,8822277,1111959,77837,44478,3,0,4712479.333333333,True,1714,853,861,0.49766627771295213,1259358,734.7479579929989,False,False,False
20243,8099,3110367,강북구청,골목상권,강북구,수유3동,9789681,3402592,6387089,1.8771245568084567,122315,1526415,7404026,736925,0,0,3,0,3263227.0,True,1714,853,861,0.49766627771295213,1206672,704.0093348891481,False,False,False
20211,8085,3110403,방학1동주민센터,골목상권,도봉구,방학1동,51703732,32857915,18845817,0.5735548649389348,8341505,24825804,13794553,3634103,1107767,0,3,0,17234577.333333332,True,6007,3009,2998,0.5009155984684535,1671373,278.2375561844515,False,False,False
20212,8086,3110403,방학1동주민센터,골목상권,도봉구,방학1동,61735491,39567802,22167689,0.5602456512494679,1984493,31113842,19326490,3989906,3093816,2226944,3,33,20578497.0,True,6007,3009,2998,0.5009155984684535,1597903,266.0068253704012,False,False,False
20213,8087,3110403,방학1동주민센터,골목상권,도봉구,방학1동,44470713,28706778,15763935,0.5491363398567405,2769734,25500510,9461194,2378359,1086466,3274450,3,0,14823571.0,True,6007,3009,2998,0.5009155984684535,1773927,295.30997169968373,False,False,False
20211,8085,3110405,방학역 1번,골목상권,도봉구,방학1동,300321722,195253997,105067725,0.5381079343538355,20780143,181284705,41335891,20351124,34128044,2441815,5,0,60064344.4,True,6796,3454,3342,0.5082401412595644,2066791,304.1187463213655,False,False,False
20212,8086,3110405,방학역 1번,골목상권,도봉구,방학1동,385525841,245157166,140368675,0.5725660697187208,28514680,255488005,43485948,19728433,34260810,4047965,4,25,96381460.25,True,6796,3454,3342,0.5082401412595644,1981931,291.6319894055327,False,False,False
20213,8087,3110405,방학역 1번,골목상권,도봉구,방학1동,320023429,207250979,112772450,0.5441347034601945,28426669,194902940,51345696,14399426,26451803,4496895,3,33,106674476.33333333,True,6796,3454,3342,0.5082401412595644,1648690,242.59711595055916,False,False,False
20214,8088,3110405,방학역 1번,골목상권,도봉구,방학1동,314652059,203195730,111456329,0.5485170825194013,30070462,174580845,62180036,11858935,32487338,3474443,3,0,104884019.66666667,True,6796,3454,3342,0.5082401412595644,1471613,216.5410535609182,False,False,False
20221,8089,3110405,방학역 1번,골목상권,도봉구,방학1동,278912704,176015392,102897312,0.5845926928935852,16306151,160133748,68287513,8966641,22537966,2680685,3,0,92970901.33333333,True,6796,3454,3342,0.5082401412595644,1516309,223.1178634490877,False,False,False
20222,8090,3110405,방학역 1번,골목상권,도봉구,방학1동,372738396,233816678,138921718,0.5941480273704,27101635,195302772,101117945,13937143,31878997,3399904,3,0,124246132.0,True,6796,3454,3342,0.5082401412595644,1463636,215.36727486756917,False,False,False
20223,8091,3110405,방학역 1번,골목상권,도봉구,방학1동,427789051,269108983,158680068,0.5896498371442324,41697333,218529253,118177329,13322727,31940551,4121858,3,0,142596350.33333334,True,6796,3454,3342,0.5082401412595644,1476656,217.28310771041788,False,False,False
20224,8092,3110405,방학역 1번,골목상권,도봉구,방학1동,440770360,275632641,165137719,0.5991225074101438,31104128,236593562,108078957,18789295,42227270,3977148,3,0,146923453.33333334,True,7456,3813,3643,0.5114002145922747,1478403,198.28366416309012,False,False,False
20231,8093,3110405,방학역 1번,골목상권,도봉구,방학1동,560701189,363067935,197633254,0.5443423528987764,24107205,333715572,131164118,18383645,42649882,10680767,3,0,186900396.33333334,True,7456,3813,3643,0.5114002145922747,1515852,203.306330472103,False,False,False
20232,8094,3110405,방학역 1번,골목상권,도봉구,방학1동,600344516,389856024,210488492,0.5399134014663834,29784721,333958830,128126175,37484127,55050895,15939768,4,0,150086129.0,True,7456,3813,3643,0.5114002145922747,1448162,194.22773605150215,False,False,False
20233,8095,3110405,방학역 1번,골목상권,도봉구,방학1동,700690389,448566673,252123716,0.5620651982765559,39697093,402320601,142702244,34962078,69375236,11633137,4,0,175172597.25,True,7456,3813,3643,0.5114002145922747,1426862,191.37097639484978,False,False,False
20234,8096,3110405,방학역 1번,골목상권,도봉구,방학1동,661995414,418700737,243294677,0.581070572608044,36179241,371068582,146588473,26294025,60359902,21505191,4,0,165498853.5,True,6368,3302,3066,0.5185301507537688,1509888,237.10552763819095,False,False,False
20241,8097,3110405,방학역 1번,골목상권,도봉구,방학1동,620174236,393142979,227031257,0.5774775822716651,17839625,308234485,184880963,31416233,43302756,34500174,4,0,155043559.0,True,6368,3302,3066,0.5185301507537688,1599332,251.15138190954775,False,False,False
20242,8098,3110405,방학역 1번,골목상권,도봉구,방학1동,552721078,339474812,213246266,0.6281652083218474,19482045,273390306,152093826,33543736,47602577,26608588,4,0,138180269.5,True,6368,3302,3066,0.5185301507537688,1212806,190.45320351758795,False,False,False
20243,8099,3110405,방학역 1번,골목상권,도봉구,방학1동,624369716,392386905,231982811,0.5912093600575177,27905103,318014778,140069682,45590411,52943951,39845791,4,0,156092429.0,True,6368,3302,3066,0.5185301507537688,1134103,178.09406407035175,False,False,False
20244,8100,3110405,방학역 1번,골목상권,도봉구,방학1동,510091326,321800356,188290970,0.5851173452399785,17238533,252010366,121156171,43728678,31493281,44464297,4,0,127522831.5,True,6368,3302,3066,0.5185301507537688,1126057,176.83055904522612,False,False,True
20251,8101,3110405,방학역 1번,골목상권,도봉구,방학1동,472974769,304230402,168744367,0.5546597772302848,19028021,181406193,140190842,52298706,42323688,37727319,3,33,157658256.33333334,True,6368,3302,3066,0.5185301507537688,1141608,179.27261306532662,False,False,True
20252,8102,3110405,방학역 1번,골목상권,도봉구,방학1동,424284003,271573823,152710180,0.5623155365751139,19288256,157473641,119179405,50509740,38397600,39435361,3,0,141428001.0,True,6368,3302,3066,0.5185301507537688,1089545,171.0968907035176,False,False,True
20253,8103,3110405,방학역 1번,골목상권,도봉구,방학1동,509176572,327912679,181263893,0.5527809828908751,17220035,182169284,172694013,53536626,65965970,17590644,3,0,169725524.0,True,6368,3302,3066,0.5185301507537688,1070406,168.0913944723618,False,False,True
20254,8104,3110405,방학역 1번,골목상권,도봉구,방학1동,441498305,287366318,154131987,0.5363606565749296,14417482,168433974,139806800,45082490,46630149,27127410,3,0,147166101.66666666,True,6368,3302,3066,0.5185301507537688,1072796,168.46670854271358,False,False,True
20211,8085,3110407,도봉역 2번,골목상권,도봉구,도봉1동,49823228,32949592,16873636,0.5121045504903369,521210,27275192,12667691,5361674,3725525,271936,3,0,16607742.666666666,True,6463,3328,3135,0.514931146526381,1001930,155.0255299396565,False,False,False
20212,8086,3110407,도봉역 2번,골목상권,도봉구,도봉1동,89607482,55275549,34331933,0.6211052376883675,4024654,40350446,26252782,10064884,7505437,1409279,2,33,44803741.0,True,6463,3328,3135,0.514931146526381,970424,150.1507040074269,False,False,False
20213,8087,3110407,도봉역 2번,골목상권,도봉구,도봉1동,82781885,57392117,25389768,0.44239120853478886,4409897,34948323,34599337,4731689,4092639,0,2,0,41390942.5,True,6463,3328,3135,0.514931146526381,937540,145.0626643973387,False,False,False
20214,8088,3110407,도봉역 2번,골목상권,도봉구,도봉1동,101418573,64924746,36493827,0.5620942590980641,5162253,30542959,55783161,2347715,7129258,453227,2,0,50709286.5,True,6463,3328,3135,0.514931146526381,895321,138.53024911032028,False,False,False
20242,8098,3110415,수락산역 4번,골목상권,노원구,상계1동,522124310,335350776,186773534,0.556949759376731,49580632,221983104,159435580,35552606,29871874,25700514,3,0,174041436.66666666,True,5008,2476,2532,0.49440894568690097,1883083,376.01497603833866,False,False,False
20243,8099,3110415,수락산역 4번,골목상권,노원구,상계1동,317869484,204378320,113491164,0.5552994270625182,42390526,111913183,102001633,16511631,35767577,9284934,3,0,105956494.66666667,True,5008,2476,2532,0.49440894568690097,1890244,377.44488817891374,False,False,False
20244,8100,3110415,수락산역 4번,골목상권,노원구,상계1동,287567669,189737396,97830273,0.5156088101894263,46301176,123841808,79008842,18748249,18364044,1303550,3,0,95855889.66666667,True,5008,2476,2532,0.49440894568690097,1866463,372.696285942492,False,False,True
20211,8085,3110419,수락산디자인거리,골목상권,노원구,상계1동,86281205,55260431,31020774,0.5613559908716601,7179713,54528416,19897366,2246158,2200200,229352,3,0,28760401.666666668,True,3030,1500,1530,0.49504950495049505,1193416,393.8666666666667,False,False,False
20212,8086,3110419,수락산디자인거리,골목상권,노원구,상계1동,89170869,57714046,31456823,0.545046226701902,8686632,54242252,17828701,4677079,3169605,566600,3,0,29723623.0,True,3030,1500,1530,0.49504950495049505,1199952,396.02376237623764,False,False,False
20213,8087,3110419,수락산디자인거리,골목상권,노원구,상계1동,81344662,52540019,28804643,0.5482419600952181,15529588,46753919,13526036,2219704,2520508,794907,3,0,27114887.333333332,True,3030,1500,1530,0.49504950495049505,907107,299.37524752475247,False,False,False
20214,8088,3110419,수락산디자인거리,골목상권,노원구,상계1동,80050793,51855762,28195031,0.5437203101942654,12922657,46453159,16647271,1669140,2217370,141196,3,0,26683597.666666668,True,3030,1500,1530,0.49504950495049505,862980,284.81188118811883,False,False,False
20221,8089,3110419,수락산디자인거리,골목상권,노원구,상계1동,56728846,37244807,19484039,0.5231343795122901,5910254,32374147,13163241,2675012,2203256,402936,3,0,18909615.333333332,True,3030,1500,1530,0.49504950495049505,855186,282.23960396039604,False,False,False
20222,8090,3110419,수락산디자인거리,골목상권,노원구,상계1동,73457830,48601441,24856389,0.5114331692346323,7159245,46362952,12303195,5202505,2264475,165458,3,0,24485943.333333332,True,3030,1500,1530,0.49504950495049505,869662,287.01716171617164,False,False,False
20223,8091,3110419,수락산디자인거리,골목상권,노원구,상계1동,89988648,59524763,30463885,0.5117850700220343,9215150,54600270,16305887,6236738,3108240,522363,3,0,29996216.0,True,3030,1500,1530,0.49504950495049505,888918,293.37227722772275,False,False,False
20224,8092,3110419,수락산디자인거리,골목상권,노원구,상계1동,92765912,57837313,34928599,0.6039111637153683,12719612,50601531,19603573,4631780,4654238,555178,3,0,30921970.666666668,True,3256,1582,1674,0.4858722358722359,902999,277.3338452088452,False,False,False
20231,8093,3110419,수락산디자인거리,골목상권,노원구,상계1동,89675924,56520057,33155867,0.5866212590691477,5800557,52776270,24146232,2513100,4033485,406280,3,0,29891974.666666668,True,3256,1582,1674,0.4858722358722359,885623,271.9972358722359,False,False,False
20232,8094,3110419,수락산디자인거리,골목상권,노원구,상계1동,74993554,48497715,26495839,0.5463316983078481,6295568,39250430,18436993,6011545,4723941,275077,3,0,24997851.333333332,True,3256,1582,1674,0.4858722358722359,849024,260.7567567567568,False,False,False
20233,8095,3110419,수락산디자인거리,골목상권,노원구,상계1동,72833576,44508192,28325384,0.6364083268086917,6976372,36871979,22031420,3029331,3549283,375191,3,0,24277858.666666668,True,3256,1582,1674,0.4858722358722359,843839,259.16431203931205,False,False,False
20234,8096,3110419,수락산디자인거리,골목상권,노원구,상계1동,62348181,38184340,24163841,0.6328207060800317,7913807,27531925,18455169,3350327,4814274,282679,3,0,20782727.0,True,2909,1408,1501,0.484015125472671,931226,320.118941216913,False,False,False
20241,8097,3110419,수락산디자인거리,골목상권,노원구,상계1동,54197129,36046033,18151096,0.5035532204056963,3516478,31034181,12186625,4149071,2323153,987621,3,0,18065709.666666668,True,2909,1408,1501,0.484015125472671,928456,319.16672396012376,False,False,False
20242,8098,3110419,수락산디자인거리,골목상권,노원구,상계1동,33705948,20726517,12979431,0.6262234508576622,2046707,18875504,7879511,3237063,1123085,544078,2,33,16852974.0,True,2909,1408,1501,0.484015125472671,856344,294.3774492952905,False,False,False
20243,8099,3110419,수락산디자인거리,골목상권,노원구,상계1동,34990218,23624459,11365759,0.48110134500857776,2491849,17605032,8184468,2790289,3804543,114037,2,0,17495109.0,True,2909,1408,1501,0.484015125472671,798004,274.32244757648675,False,False,False
20244,8100,3110419,수락산디자인거리,골목상권,노원구,상계1동,31485048,21224100,10260948,0.48345739041938174,2273699,15360221,8811257,1716379,3209969,113523,2,0,15742524.0,True,2909,1408,1501,0.484015125472671,782551,269.0103128222757,False,False,True
20251,8101,3110419,수락산디자인거리,골목상권,노원구,상계1동,29880894,19514597,10366297,0.5312073316195052,1475787,12950067,9241110,2266153,3593723,354054,2,0,14940447.0,True,2909,1408,1501,0.484015125472671,799230,274.7438982468202,False,False,True
20253,8103,3110419,수락산디자인거리,골목상권,노원구,상계1동,1767860,1317867,449993,0.3414555490045657,2741,1328441,180546,138249,52088,65795,2,0,883930.0,True,2909,1408,1501,0.484015125472671,756307,259.9886558954967,False,False,True
20254,8104,3110419,수락산디자인거리,골목상권,노원구,상계1동,1931955,1460421,471534,0.3228753900416387,67006,946172,335772,157294,425711,0,2,0,965977.5,True,2909,1408,1501,0.484015125472671,750512,257.9965623925748,False,False,True
20241,8097,3110420,광운대역 1번,골목상권,노원구,월계1동,36129929,25218607,10911322,0.4326694967727599,2691113,19929667,10898772,1411869,1000363,198145,2,33,18064964.5,True,1395,808,587,0.5792114695340502,448004,321.14982078853046,False,False,False
20242,8098,3110420,광운대역 1번,골목상권,노원구,월계1동,37013006,22624131,14388875,0.6359968035899368,2075283,16201462,10226198,1911073,6051717,547273,2,0,18506503.0,True,1395,808,587,0.5792114695340502,486931,349.05448028673834,False,False,False
20243,8099,3110420,광운대역 1번,골목상권,노원구,월계1동,41834160,22840087,18994073,0.8316112368573727,3306125,15828208,15859378,2143971,4541747,154731,2,0,20917080.0,True,1395,808,587,0.5792114695340502,430719,308.7591397849462,False,False,False
20244,8100,3110420,광운대역 1번,골목상권,노원구,월계1동,32095007,18918378,13176629,0.6964988753264154,2530243,12917259,10978113,874955,4411505,382932,2,0,16047503.5,True,1395,808,587,0.5792114695340502,466124,334.13906810035843,False,False,True
20251,8101,3110420,광운대역 1번,골목상권,노원구,월계1동,19114296,11446759,7667537,0.6698434901966575,764750,8620412,3913917,1800001,3297219,717997,3,33,6371432.0,True,1395,808,587,0.5792114695340502,444158,318.39283154121864,False,False,True
20252,8102,3110420,광운대역 1번,골목상권,노원구,월계1동,84760342,58326934,26433408,0.45319385380345895,5065079,46458139,14916575,8680711,9316313,323525,3,0,28253447.333333332,True,1395,808,587,0.5792114695340502,469908,336.8516129032258,False,False,True
20211,8085,3110421,석계역 1번,골목상권,노원구,월계1동,2335437,1489426,846011,0.5680114352777513,22263,1565121,0,603340,144713,0,2,0,1167718.5,True,1266,673,593,0.5315955766192733,524348,414.1769352290679,False,False,False
20211,8085,3110429,공릉동 국수거리,골목상권,노원구,공릉1동,208700494,132935006,75765488,0.5699438415792452,5114698,105821155,58893435,2745864,35951710,173632,2,0,104350247.0,True,4744,2311,2433,0.48714165261382797,1979992,417.3676222596965,False,False,False
20212,8086,3110429,공릉동 국수거리,골목상권,노원구,공릉1동,253137839,155581558,97556281,0.6270427051514679,12511413,132535652,51573614,5332977,50254012,930171,2,0,126568919.5,True,4744,2311,2433,0.48714165261382797,1955480,412.2006745362563,False,False,False
20213,8087,3110429,공릉동 국수거리,골목상권,노원구,공릉1동,243394613,154110648,89283965,0.5793497474619664,9064519,134531146,47587610,5995533,44256105,1959700,2,0,121697306.5,True,4744,2311,2433,0.48714165261382797,2054776,433.13153456998316,False,False,False
20214,8088,3110429,공릉동 국수거리,골목상권,노원구,공릉1동,215747465,139461082,76286383,0.5470083976546231,10214128,111174444,50138910,9076306,32823778,2319899,2,0,107873732.5,True,4744,2311,2433,0.48714165261382797,1976129,416.5533305227656,False,False,False
20221,8089,3110429,공릉동 국수거리,골목상권,노원구,공릉1동,157310434,98875884,58434550,0.5909889007920273,3125373,69398160,43083017,4762473,36073252,868159,2,0,78655217.0,True,4744,2311,2433,0.48714165261382797,2069962,436.3326306913997,False,False,False
20222,8090,3110429,공릉동 국수거리,골목상권,노원구,공릉1동,190111966,118650068,71461898,0.6022912519527591,5729850,77789536,60386669,4573959,28009295,13622657,2,0,95055983.0,True,4744,2311,2433,0.48714165261382797,2099211,442.4981028667791,False,False,False
20211,8085,3110431,상계역,골목상권,노원구,중계4동,500363393,323804049,176559344,0.5452660167322367,38693637,305145594,87865464,30470401,30245547,7942750,4,0,125090848.25,True,922,502,420,0.544468546637744,499337,541.5802603036876,False,False,False
20212,8086,3110431,상계역,골목상권,노원구,중계4동,585155641,379598962,205556679,0.5415101187763521,56132986,346882260,87100531,35406575,46342742,13290547,4,0,146288910.25,True,922,502,420,0.544468546637744,514147,557.6431670281995,False,False,False
20213,8087,3110431,상계역,골목상권,노원구,중계4동,490410888,319317947,171092941,0.5358074690364961,47494973,260023252,89072356,29853367,58878738,5088202,4,0,122602722.0,True,922,502,420,0.544468546637744,478766,519.2689804772234,False,False,False
20214,8088,3110431,상계역,골목상권,노원구,중계4동,411648093,271258856,140389237,0.517547110056381,36780851,220056255,58813637,45050942,46423293,4523115,4,0,102912023.25,True,922,502,420,0.544468546637744,473564,513.6268980477223,False,False,False
20221,8089,3110431,상계역,골목상권,노원구,중계4동,373640511,215249334,158391177,0.7358497889707756,19720423,188895043,47007538,64385172,47867116,5765219,4,0,93410127.75,True,922,502,420,0.544468546637744,465001,504.33947939262475,False,False,False
20222,8090,3110431,상계역,골목상권,노원구,중계4동,468434839,304938677,163496162,0.5361607901250257,42000740,213874349,81107142,40162153,80487482,10802973,4,0,117108709.75,True,922,502,420,0.544468546637744,481078,521.7765726681127,False,False,False
20223,8091,3110431,상계역,골목상권,노원구,중계4동,485088161,310598032,174490129,0.5617876194399068,45439520,215764630,99430897,53352355,55635823,15464936,4,0,121272040.25,True,922,502,420,0.544468546637744,473806,513.8893709327549,False,False,False
20224,8092,3110431,상계역,골목상권,노원구,중계4동,420811483,251058869,169752614,0.676146653078406,47997463,160493228,95111545,64979579,42836240,9393428,3,33,140270494.33333334,True,910,492,418,0.5406593406593406,503550,553.3516483516484,False,False,False
20231,8093,3110431,상계역,골목상권,노원구,중계4동,403489518,253536459,149953059,0.5914457415373148,30649099,145259023,85709663,98886931,34934184,8050618,3,0,134496506.0,True,910,492,418,0.5406593406593406,511290,561.8571428571429,False,False,False
20232,8094,3110431,상계역,골목상권,노원구,중계4동,452435103,264055994,188379109,0.7134059187461581,56118251,142998873,102771956,99735209,44322552,6488262,3,0,150811701.0,True,910,492,418,0.5406593406593406,497960,547.2087912087912,False,False,False
20233,8095,3110431,상계역,골목상권,노원구,중계4동,557081824,345176781,211905043,0.613902946733836,78826420,151142083,145780769,114434445,52731130,14166977,3,0,185693941.33333334,True,910,492,418,0.5406593406593406,494396,543.2923076923076,False,False,False
20234,8096,3110431,상계역,골목상권,노원구,중계4동,519795725,337601888,182193837,0.5396706697327475,77083606,149509232,152706557,74676349,53984686,11835295,3,0,173265241.66666666,True,885,482,403,0.5446327683615819,488385,551.8474576271186,False,False,False
20241,8097,3110431,상계역,골목상권,노원구,중계4동,370140091,236844340,133295751,0.5627989716790361,12950015,120810247,115769868,66422184,41638705,12549072,3,0,123380030.33333333,True,885,482,403,0.5446327683615819,484838,547.8395480225988,False,False,False
20242,8098,3110431,상계역,골목상권,노원구,중계4동,290453384,171374339,119079045,0.6948475815857122,11322974,90690521,105763721,40379263,34796369,7500536,4,0,72613346.0,True,885,482,403,0.5446327683615819,481346,543.8937853107344,False,False,False
20243,8099,3110431,상계역,골목상권,노원구,중계4동,343719827,201273603,142446224,0.7077243209085893,32620075,98208267,85834069,62102596,56042527,8912293,4,0,85929956.75,True,885,482,403,0.5446327683615819,472408,533.7943502824859,False,False,False
20244,8100,3110431,상계역,골목상권,노원구,중계4동,219835545,140012904,79822641,0.5701091736515943,15294532,65218303,50536383,45757226,36264132,6764969,4,0,54958886.25,True,885,482,403,0.5446327683615819,512309,578.8802259887005,False,False,True
20251,8101,3110431,상계역,골목상권,노원구,중계4동,283161842,177752096,105409746,0.5930154882674351,8898450,69596026,85550249,69109024,42613959,7394134,4,0,70790460.5,True,885,482,403,0.5446327683615819,513013,579.6757062146893,False,False,True
20252,8102,3110431,상계역,골목상권,노원구,중계4동,274998453,170742289,104256164,0.610605401922426,6084029,81718611,62737575,95734715,22687055,6036468,4,0,68749613.25,True,885,482,403,0.5446327683615819,497674,562.3435028248588,False,False,True
20253,8103,3110431,상계역,골목상권,노원구,중계4동,444538515,285151508,159387007,0.5589555114679597,29022282,146221636,126799964,99125449,30757937,12611247,4,0,111134628.75,True,885,482,403,0.5446327683615819,573500,648.0225988700565,False,False,True
20254,8104,3110431,상계역,골목상권,노원구,중계4동,392907099,252735921,140171178,0.5546151787422414,18122680,118150900,111016230,85755699,51336007,8525583,4,0,98226774.75,True,885,482,403,0.5446327683615819,587607,663.9627118644067,False,False,True
20211,8085,3110438,경춘선숲길 우측,골목상권,노원구,공릉2동,121128136,71911863,49216273,0.6843971348649388,3877142,78709869,15153378,7853162,15482543,52042,4,0,30282034.0,True,3531,1909,1622,0.5406400453129425,1590076,450.3188898329085,False,False,False
20212,8086,3110438,경춘선숲길 우측,골목상권,노원구,공릉2동,114111550,70942578,43168972,0.6085058256552222,5874259,65191919,29131901,6848748,5032477,2032246,3,33,38037183.333333336,True,3531,1909,1622,0.5406400453129425,1593758,451.36165392240156,False,False,False
20211,8085,3110450,시립서북병원,골목상권,은평구,구산동,235206991,146201113,89005878,0.608790700519496,24262609,142420235,42134996,23370216,2764931,254004,1,0,235206991.0,True,7856,3710,4146,0.47225050916496947,2097474,266.99007128309574,False,False,False
20212,8086,3110450,시립서북병원,골목상권,은평구,구산동,276629194,187062413,89566781,0.4788069370194642,15771486,160312438,72518195,17730869,9875902,420304,1,0,276629194.0,True,7856,3710,4146,0.47225050916496947,2008319,255.64142057026476,False,False,False
20213,8087,3110450,시립서북병원,골목상권,은평구,구산동,209750434,136109078,73641356,0.5410466155681402,17098036,110453562,56858693,15800549,8934242,605352,1,0,209750434.0,True,7856,3710,4146,0.47225050916496947,1953717,248.69106415478615,False,False,False
20214,8088,3110450,시립서북병원,골목상권,은평구,구산동,171702118,110061987,61640131,0.5600492293492757,14498829,95958965,42916534,10585203,7012354,730233,1,0,171702118.0,True,7856,3710,4146,0.47225050916496947,1915805,243.86519857433808,False,False,False
20221,8089,3110450,시립서북병원,골목상권,은평구,구산동,149297724,80732021,68565703,0.8492999698347697,6616546,88703202,31103692,11400100,11072027,402157,1,0,149297724.0,True,7856,3710,4146,0.47225050916496947,1952684,248.55957230142567,False,False,False
20222,8090,3110450,시립서북병원,골목상권,은평구,구산동,266958367,170372886,96585481,0.5669064090397576,23672249,150688342,60253746,16448233,15557138,338659,1,0,266958367.0,True,7856,3710,4146,0.47225050916496947,1793938,228.3525967413442,False,False,False
20223,8091,3110450,시립서북병원,골목상권,은평구,구산동,319287501,201095586,118191915,0.587739976550256,19280267,178388517,91319341,12335646,14784571,3179159,1,0,319287501.0,True,7856,3710,4146,0.47225050916496947,1709927,217.65873217922606,False,False,False
20224,8092,3110450,시립서북병원,골목상권,은평구,구산동,256176319,146842448,109333871,0.7445658424327004,30064434,156310077,49850574,8595583,10358725,996926,1,0,256176319.0,True,8809,4214,4595,0.4783743898285844,1708207,193.91610852537178,False,False,False
20231,8093,3110450,시립서북병원,골목상권,은평구,구산동,265612199,167284739,98327460,0.5877849981282512,15970624,163645925,52584750,15547462,9173960,8689478,1,0,265612199.0,True,8809,4214,4595,0.4783743898285844,1735181,196.97820410943353,False,False,False
20232,8094,3110450,시립서북병원,골목상권,은평구,구산동,272495440,171602639,100892801,0.5879443439095363,18276990,157702813,56500986,17536176,16545597,5932878,1,0,272495440.0,True,8809,4214,4595,0.4783743898285844,1693076,192.19843342036555,False,False,False
20233,8095,3110450,시립서북병원,골목상권,은평구,구산동,271943002,154022015,117920987,0.7656112471973568,17635344,149327633,65908210,19316878,14375128,5379809,1,0,271943002.0,True,8809,4214,4595,0.4783743898285844,1622868,184.22840276989442,False,False,False
20234,8096,3110450,시립서북병원,골목상권,은평구,구산동,226596593,129473488,97123105,0.75013893964145,13402421,103225315,59483298,25928563,19371283,5185713,1,0,226596593.0,True,7492,3502,3990,0.4674319273892152,1646824,219.8109983982915,False,False,False
20241,8097,3110450,시립서북병원,골목상권,은평구,구산동,198942984,117510366,81432618,0.6929824216529119,13206045,72312823,60368756,25814039,18801085,8440236,1,0,198942984.0,True,7492,3502,3990,0.4674319273892152,1644312,219.47570742124933,False,False,False
20242,8098,3110450,시립서북병원,골목상권,은평구,구산동,164145795,112938470,51207325,0.45340905539095755,18181743,57809053,40867649,32026538,8077013,7183799,1,0,164145795.0,True,7492,3502,3990,0.4674319273892152,1556811,207.7964495461826,False,False,False
20243,8099,3110450,시립서북병원,골목상권,은평구,구산동,192415339,131590105,60825234,0.46223258200151146,16818643,62952436,59466367,25992061,15059732,12126100,1,0,192415339.0,True,7492,3502,3990,0.4674319273892152,1680348,224.28563801388148,False,False,False
20244,8100,3110450,시립서북병원,골목상권,은평구,구산동,193810188,132845259,60964929,0.4589168590502729,18285212,64697697,51982392,27074225,20931584,10839078,1,0,193810188.0,True,7492,3502,3990,0.4674319273892152,1829177,244.15069407367858,False,False,True
20251,8101,3110450,시립서북병원,골목상권,은평구,구산동,208990568,142262088,66728480,0.4690531464714619,4742648,84010695,74706618,12370610,18164970,14995027,1,0,208990568.0,True,7492,3502,3990,0.4674319273892152,1945315,259.65229578216764,False,False,True
20252,8102,3110450,시립서북병원,골목상권,은평구,구산동,179000216,114547102,64453114,0.5626778231368961,2870133,64000161,54966438,15965644,27998615,13199225,1,0,179000216.0,True,7492,3502,3990,0.4674319273892152,1958540,261.4175120128137,False,False,True
20221,8089,3110455,역촌노인복지관,골목상권,은평구,역촌동,277435221,176083038,101352183,0.5755931073838015,32852188,166371079,42810190,8470317,26569288,362159,3,0,92478407.0,True,8159,3837,4322,0.4702782203701434,1656388,203.0136046084079,False,False,False
20211,8085,3110460,구산역 4번,골목상권,은평구,갈현2동,485648351,318707082,166941269,0.5238078424626912,68441483,264302307,79352860,37557633,33004542,2989526,3,0,161882783.66666666,True,5404,2541,2863,0.47020725388601037,1567720,290.10362694300517,False,False,False
20212,8086,3110460,구산역 4번,골목상권,은평구,갈현2동,566634205,368626968,198007237,0.5371479956398633,61060169,355043717,75612584,43492036,30043114,1382585,3,0,188878068.33333334,True,5404,2541,2863,0.47020725388601037,1507104,278.8867505551443,False,False,False
20213,8087,3110460,구산역 4번,골목상권,은평구,갈현2동,476301911,310242044,166059867,0.535259066949675,82897432,251827597,72861542,33699644,33231240,1784456,3,0,158767303.66666666,True,5404,2541,2863,0.47020725388601037,1616467,299.1241672834937,False,False,False
20214,8088,3110460,구산역 4번,골목상권,은평구,갈현2동,437536463,288866091,148670372,0.5146688262555538,48943989,239026099,78660594,36438053,33664864,802864,3,0,145845487.66666666,True,5404,2541,2863,0.47020725388601037,1669234,308.88860103626945,False,False,False
20221,8089,3110460,구산역 4번,골목상권,은평구,갈현2동,340478626,219278992,121199634,0.5527188578101454,7748708,178738467,80043515,36516285,35655883,1775768,3,0,113492875.33333333,True,5404,2541,2863,0.47020725388601037,1735294,321.11287934863066,False,False,False
20222,8090,3110460,구산역 4번,골목상권,은평구,갈현2동,452186368,294819078,157367290,0.5337758026636255,19804901,259429534,96321982,37597753,36558749,2473449,3,0,150728789.33333334,True,5404,2541,2863,0.47020725388601037,1698316,314.2701702442635,False,False,False
20223,8091,3110460,구산역 4번,골목상권,은평구,갈현2동,484354681,313025471,171329210,0.5473331274054691,19621607,290830470,95950371,45865174,28971761,3115298,4,0,121088670.25,True,5404,2541,2863,0.47020725388601037,1675276,310.00666173205036,False,False,False
20224,8092,3110460,구산역 4번,골목상권,은평구,갈현2동,486712179,292377534,194334645,0.664670237625029,35258496,270981222,96219415,53520998,29831964,900084,3,33,162237393.0,True,5531,2689,2842,0.48616886638944135,1627462,294.2437172301573,False,False,False
20231,8093,3110460,구산역 4번,골목상권,은평구,갈현2동,490634705,306811126,183823579,0.599142480250211,21411621,244222285,138455530,30450180,47525482,8569607,3,0,163544901.66666666,True,5531,2689,2842,0.48616886638944135,1644617,297.34532634243357,False,False,False
20232,8094,3110460,구산역 4번,골목상권,은평구,갈현2동,456020080,285428959,170591121,0.5976657785449163,29271197,248570351,98146995,35180426,39428259,5422852,3,0,152006693.33333334,True,5531,2689,2842,0.48616886638944135,1593916,288.1786295425782,False,False,False
20233,8095,3110460,구산역 4번,골목상권,은평구,갈현2동,563714366,367332336,196382030,0.534616778197278,45935247,247628113,145271136,58502717,61122292,5254861,3,0,187904788.66666666,True,5531,2689,2842,0.48616886638944135,1536131,277.7311516904719,False,False,False
20234,8096,3110460,구산역 4번,골목상권,은평구,갈현2동,487296303,309944163,177352140,0.5722067429287255,47100860,176372274,165179532,56147583,36062792,6433262,3,0,162432101.0,True,5399,2508,2891,0.4645304686052973,1423071,263.5804778662715,False,False,False
20241,8097,3110460,구산역 4번,골목상권,은평구,갈현2동,415818234,270961715,144856519,0.5346014251496748,27571824,141178350,160583591,44493109,35851803,6139557,3,0,138606078.0,True,5399,2508,2891,0.4645304686052973,1507105,279.14521207631043,False,False,False
20242,8098,3110460,구산역 4번,골목상권,은평구,갈현2동,359204149,235276106,123928043,0.5267345040129149,13066071,109961961,170297576,28387731,26060899,11429911,3,0,119734716.33333333,True,5399,2508,2891,0.4645304686052973,1344692,249.06315984441562,False,False,False
20243,8099,3110460,구산역 4번,골목상권,은평구,갈현2동,371724477,239243579,132480898,0.5537490224554783,9860642,128583566,146106114,47424322,30675897,9073936,3,0,123908159.0,True,5399,2508,2891,0.4645304686052973,1411727,261.47934802741247,False,False,False
20244,8100,3110460,구산역 4번,골목상권,은평구,갈현2동,323190906,220194858,102996048,0.4677495602553989,12046027,102500258,132953225,41249626,23986836,10454934,3,0,107730302.0,True,5399,2508,2891,0.4645304686052973,1373573,254.41248379329505,False,False,True
20251,8101,3110460,구산역 4번,골목상권,은평구,갈현2동,305861882,198066054,107795828,0.5442418113706653,7918375,77437738,140063466,34833599,37974922,7633782,3,0,101953960.66666667,True,5399,2508,2891,0.4645304686052973,1341706,248.5100944619374,False,False,True
20252,8102,3110460,구산역 4번,골목상권,은평구,갈현2동,340093194,224001622,116091572,0.5182621936550085,10660807,77299415,170628442,28882693,44671936,7949901,3,0,113364398.0,True,5399,2508,2891,0.4645304686052973,1323098,245.0635302833858,False,False,True
20253,8103,3110460,구산역 4번,골목상권,은평구,갈현2동,342628386,219004775,123623611,0.5644790667235452,13706848,82762844,162007508,27195220,50227540,6728426,3,0,114209462.0,True,5399,2508,2891,0.4645304686052973,1436361,266.0420448231154,False,False,True
20254,8104,3110460,구산역 4번,골목상권,은평구,갈현2동,276482599,187851763,88630836,0.47181263877731083,9640677,63005266,128603923,32268882,39498937,3464914,3,0,92160866.33333333,True,5399,2508,2891,0.4645304686052973,1519390,281.420633450639,False,False,True
20211,8085,3110468,응암역 3번,골목상권,은평구,역촌동,20998961,14854420,6144541,0.413650684442745,1959988,14600427,1011743,1786425,1640378,0,3,0,6999653.666666667,True,11333,5296,6037,0.46730786199594104,3063968,270.358069354981,False,False,False
20211,8085,3110495,북가좌2동주민센터,골목상권,서대문구,북가좌2동,355150397,237703403,117446994,0.4940905031973817,38195721,201622681,66906910,27987670,18502512,1934903,3,33,118383465.66666667,True,6253,3030,3223,0.4845674076443307,1612225,257.83224052454824,False,False,False
20212,8086,3110495,북가좌2동주민센터,골목상권,서대문구,북가좌2동,390732825,258608187,132124638,0.510906632665887,38742184,219980856,78995812,27817477,20808944,4387552,3,0,130244275.0,True,6253,3030,3223,0.4845674076443307,1539333,246.17511594434671,False,False,False
20213,8087,3110495,북가좌2동주민센터,골목상권,서대문구,북가좌2동,362562867,240313190,122249677,0.5087098090620827,44514121,194993850,72291927,28765238,16791499,5206232,3,0,120854289.0,True,6253,3030,3223,0.4845674076443307,1337009,213.81880697265314,False,False,False
20214,8088,3110495,북가좌2동주민센터,골목상권,서대문구,북가좌2동,349071528,228326500,120745028,0.5288261677904229,44262683,174419851,72095324,36479851,20345178,1468641,3,0,116357176.0,True,6253,3030,3223,0.4845674076443307,1317066,210.6294578602271,False,False,False
20221,8089,3110495,북가좌2동주민센터,골목상권,서대문구,북가좌2동,292254918,204245289,88009629,0.4309016351412639,33023298,131109891,68007092,29166827,28896285,2051525,3,0,97418306.0,True,6253,3030,3223,0.4845674076443307,1368189,218.80521349752118,False,False,False
20222,8090,3110495,북가좌2동주민센터,골목상권,서대문구,북가좌2동,344091051,228466052,115624999,0.5060926907425178,33630154,155586445,77126068,42263289,34171988,1313107,3,0,114697017.0,True,6253,3030,3223,0.4845674076443307,1257388,201.08555893171277,False,False,False
20223,8091,3110495,북가좌2동주민센터,골목상권,서대문구,북가좌2동,394196051,248604182,145591869,0.5856372480491902,49878835,179614123,88079469,43287907,30030857,3304860,3,0,131398683.66666667,True,6253,3030,3223,0.4845674076443307,958182,153.23556692787463,False,False,False
20224,8092,3110495,북가좌2동주민센터,골목상권,서대문구,북가좌2동,360533635,230671916,129861719,0.5629715192550792,49907891,143509554,75346222,54690680,32271651,4807637,3,0,120177878.33333333,True,6502,3141,3361,0.48308212857582283,1011939,155.63503537373117,False,False,False
20241,8097,3110495,북가좌2동주민센터,골목상권,서대문구,북가좌2동,158208758,106798563,51410195,0.48137534397349524,1538645,60981540,65282672,16792058,11766919,1846924,3,0,52736252.666666664,True,5674,2679,2995,0.4721536834684526,1098289,193.56520972858652,False,False,False
20242,8098,3110495,북가좌2동주민센터,골목상권,서대문구,북가좌2동,115034122,70740045,44294077,0.626152796481823,1047124,39986736,50840141,13214463,6966085,2979573,3,0,38344707.333333336,True,5674,2679,2995,0.4721536834684526,1124147,198.12248854423686,False,False,False
20243,8099,3110495,북가좌2동주민센터,골목상권,서대문구,북가좌2동,120236347,79118652,41117695,0.5196966070655501,1991635,57164289,33836380,16166321,8547459,2530263,3,0,40078782.333333336,True,5674,2679,2995,0.4721536834684526,1145491,201.8842086711315,False,False,False
20244,8100,3110495,북가좌2동주민센터,골목상권,서대문구,북가좌2동,136456803,89487300,46969503,0.5248733954427053,1920064,50406048,46682998,24151017,6570954,6725722,3,0,45485601.0,True,5674,2679,2995,0.4721536834684526,1146910,202.13429679238632,False,False,True
20251,8101,3110495,북가좌2동주민센터,골목상권,서대문구,북가좌2동,142940748,94756477,48184271,0.5085063578292384,1339540,37539584,63135603,24528653,6972341,9425027,3,0,47646916.0,True,5674,2679,2995,0.4721536834684526,1138938,200.72929150511104,False,False,True
20252,8102,3110495,북가좌2동주민센터,골목상권,서대문구,북가좌2동,139169682,91277177,47892505,0.5246931004450324,3596371,47243598,45842286,29322815,5893077,7271535,3,0,46389894.0,True,5674,2679,2995,0.4721536834684526,1096094,193.17835741980966,False,False,True
20253,8103,3110495,북가좌2동주민센터,골목상권,서대문구,북가좌2동,349723392,225562952,124160440,0.5504469546044956,20680364,102606286,162024368,31476367,23373679,9562328,3,0,116574464.0,True,5674,2679,2995,0.4721536834684526,1091323,192.33750440606275,False,False,True
20254,8104,3110495,북가좌2동주민센터,골목상권,서대문구,북가좌2동,352070354,219290969,132779385,0.6054940867172692,23916059,94047319,155734551,47325140,24152193,6895092,3,0,117356784.66666667,True,5674,2679,2995,0.4721536834684526,1137570,200.48819175185054,False,False,True
20211,8085,3110503,명지대학교교회,골목상권,서대문구,남가좌2동,419969469,267361161,152608308,0.5707946039327679,103007798,186106324,93415323,17425128,18331199,1683697,6,0,69994911.5,True,5025,2521,2504,0.5016915422885572,1544053,307.2742288557214,False,False,False
20212,8086,3110503,명지대학교교회,골목상권,서대문구,남가좌2동,423628359,265967118,157661241,0.5927847103264848,87470075,210648304,75625220,21404224,20140781,8339755,6,0,70604726.5,True,5025,2521,2504,0.5016915422885572,1565491,311.5404975124378,False,False,False
20213,8087,3110503,명지대학교교회,골목상권,서대문구,남가좌2동,427182818,240350565,186832253,0.7773322812867114,111345182,222348668,66706628,17914256,7457940,1410144,6,0,71197136.33333333,True,5025,2521,2504,0.5016915422885572,1604874,319.37791044776117,False,False,False
20214,8088,3110503,명지대학교교회,골목상권,서대문구,남가좌2동,422264374,286691630,135572744,0.4728869970846376,111607949,182151586,69925544,46491236,11749331,338728,6,0,70377395.66666667,True,5025,2521,2504,0.5016915422885572,1758088,349.86825870646766,False,False,False
20221,8089,3110503,명지대학교교회,골목상권,서대문구,남가좌2동,406853527,273961454,132892073,0.48507580559124935,57553956,221730366,91365476,19854821,15923941,424967,6,0,67808921.16666667,True,5025,2521,2504,0.5016915422885572,1788092,355.8392039800995,False,False,False
20222,8090,3110503,명지대학교교회,골목상권,서대문구,남가좌2동,327641346,249699655,77941691,0.3121417648734837,77994377,156325351,42530091,23767710,25720972,1302845,6,0,54606891.0,True,5025,2521,2504,0.5016915422885572,2051676,408.2937313432836,False,False,False
20223,8091,3110503,명지대학교교회,골목상권,서대문구,남가좌2동,357328191,242462468,114865723,0.4737464068047018,57968812,205563472,58131548,16940138,18113218,611003,5,17,71465638.2,True,5025,2521,2504,0.5016915422885572,1877456,373.6230845771144,False,False,False
20224,8092,3110503,명지대학교교회,골목상권,서대문구,남가좌2동,337584936,233278147,104306789,0.44713484885491656,63321715,182212743,41239398,21291678,28158896,1360506,5,0,67516987.2,True,5162,2592,2570,0.5021309569934134,2060779,399.2210383572259,False,False,False
20231,8093,3110503,명지대학교교회,골목상권,서대문구,남가좌2동,356848790,254766701,102082089,0.4006885067762447,34167957,210951355,63706907,19229261,27675291,1118019,4,20,89212197.5,True,5162,2592,2570,0.5021309569934134,1876536,363.5288647810926,False,False,False
20232,8094,3110503,명지대학교교회,골목상권,서대문구,남가좌2동,377464028,285072444,92391584,0.3240986140351047,49545098,190444325,49666790,32820957,54432644,554214,4,0,94366007.0,True,5162,2592,2570,0.5021309569934134,2013062,389.9771406431616,False,False,False
20233,8095,3110503,명지대학교교회,골목상권,서대문구,남가좌2동,365868232,261795690,104072542,0.3975334429684461,49596467,169082343,58641763,42769591,44775086,1002982,4,0,91467058.0,True,5162,2592,2570,0.5021309569934134,1593054,308.6117783804727,False,False,False
20234,8096,3110503,명지대학교교회,골목상권,서대문구,남가좌2동,355947837,254788496,101159341,0.3970326077830453,50519843,183665660,38615243,39696793,41231091,2219207,4,0,88986959.25,True,5019,2547,2472,0.5074716078900179,1645212,327.7967722653915,False,False,False
20241,8097,3110503,명지대학교교회,골목상권,서대문구,남가좌2동,337100285,238490119,98610166,0.4134769457681389,33592951,178606171,51054223,41353690,31817837,675413,5,0,67420057.0,True,5019,2547,2472,0.5074716078900179,1522242,303.2958756724447,False,False,False
20242,8098,3110503,명지대학교교회,골목상권,서대문구,남가좌2동,334427807,243767337,90660470,0.37191393693569375,72828980,149119018,44997059,35279341,30949090,1254319,3,50,111475935.66666667,True,5019,2547,2472,0.5074716078900179,1817990,362.2215580792987,False,False,False
20243,8099,3110503,명지대학교교회,골목상권,서대문구,남가좌2동,340310161,242937200,97372961,0.4008153588664066,42769104,156490550,67695803,42738329,29049264,1567111,3,0,113436720.33333333,True,5019,2547,2472,0.5074716078900179,1557861,310.39270771069937,False,False,False
20244,8100,3110503,명지대학교교회,골목상권,서대문구,남가좌2동,358150497,272189545,85960952,0.3158128355003496,74356788,164101206,32528636,45610147,40611491,942229,3,0,119383499.0,True,5019,2547,2472,0.5074716078900179,1678018,334.33313409045627,False,False,True
20251,8101,3110503,명지대학교교회,골목상권,서대문구,남가좌2동,338508785,246602076,91906709,0.37269235722086946,17774856,180898644,49459148,56177085,31609332,2589720,3,0,112836261.66666667,True,5019,2547,2472,0.5074716078900179,1564190,311.6537158796573,False,False,True
20252,8102,3110503,명지대학교교회,골목상권,서대문구,남가좌2동,338994652,250196717,88797935,0.35491247073397847,24907130,156912683,58410961,58289188,38140396,2334294,3,0,112998217.33333333,True,5019,2547,2472,0.5074716078900179,1707265,340.16039051603906,False,False,True
20253,8103,3110503,명지대학교교회,골목상권,서대문구,남가좌2동,338378150,238485291,99892859,0.4188638157981827,18206354,182808021,38938812,61489099,34202494,2733370,3,0,112792716.66666667,True,5019,2547,2472,0.5074716078900179,1508181,300.49432157800356,False,False,True
20254,8104,3110503,명지대학교교회,골목상권,서대문구,남가좌2동,323807487,236341710,87465777,0.37008184886197193,24662572,177332963,42871770,32617915,38223772,8098495,3,0,107935829.0,True,5019,2547,2472,0.5074716078900179,1608809,320.54373381151623,False,False,True
20211,8085,3110507,명지대학교,골목상권,서대문구,홍은2동,432760389,306055918,126704471,0.41399124652770153,44400348,334229244,31299540,6761048,15633460,436749,3,25,144253463.0,True,6472,3098,3374,0.47867737948084055,1755039,271.17413473423983,False,False,False
20212,8086,3110507,명지대학교,골목상권,서대문구,홍은2동,457468544,322681791,134786753,0.417707961091613,43741120,334992224,49262622,12137346,15251208,2084024,3,0,152489514.66666666,True,6472,3098,3374,0.47867737948084055,1727402,266.9038936959209,False,False,False
20213,8087,3110507,명지대학교,골목상권,서대문구,홍은2동,420542676,271616998,148925678,0.5482929238471298,13301089,307325704,40782403,14191131,44021491,920858,3,0,140180892.0,True,6472,3098,3374,0.47867737948084055,1585571,244.9893386897404,False,False,False
20214,8088,3110507,명지대학교,골목상권,서대문구,홍은2동,339041907,234769775,104272132,0.4441463216463874,6377011,234193710,35929437,14133586,46283351,2124812,3,0,113013969.0,True,6472,3098,3374,0.47867737948084055,1484525,229.37654511742892,False,False,False
20221,8089,3110507,명지대학교,골목상권,서대문구,홍은2동,61167413,48463061,12704352,0.26214505930609705,9403766,30487432,9911108,9179345,2100026,85736,3,0,20389137.666666668,True,6472,3098,3374,0.47867737948084055,1447091,223.59255253399257,False,False,False
20222,8090,3110507,명지대학교,골목상권,서대문구,홍은2동,118823282,82850433,35972849,0.43419023531234896,4387369,56314471,17583445,1757646,2481889,12043974,3,0,39607760.666666664,True,6472,3098,3374,0.47867737948084055,1614901,249.52116810877627,False,False,False
20223,8091,3110507,명지대학교,골목상권,서대문구,홍은2동,125953237,89674055,36279182,0.40456720731542695,5002997,38365926,4185905,66134252,4680643,7583514,3,0,41984412.333333336,True,6472,3098,3374,0.47867737948084055,1662193,256.8283374536465,False,False,False
20224,8092,3110507,명지대학교,골목상권,서대문구,홍은2동,153424758,126172180,27252578,0.2159951425108134,7116476,29037543,3911359,99943201,12511771,904408,3,0,51141586.0,True,6854,3335,3519,0.4865771812080537,1790735,261.26860227604317,False,False,False
20231,8093,3110507,명지대학교,골목상권,서대문구,홍은2동,170239363,134636235,35603128,0.2644394207844567,3921061,39613046,20339643,98519765,7667592,178256,3,33,56746454.333333336,True,6854,3335,3519,0.4865771812080537,1650740,240.84330318062445,False,False,False
20232,8094,3110507,명지대학교,골목상권,서대문구,홍은2동,171388791,131776598,39612193,0.3006011203901318,5297788,24708156,28989247,68996452,25238414,18158734,3,0,57129597.0,True,6854,3335,3519,0.4865771812080537,1750393,255.38269623577472,False,False,False
20233,8095,3110507,명지대학교,골목상권,서대문구,홍은2동,207358328,135935610,71422718,0.5254158053213577,3017625,42478313,30003904,63817294,56953030,11088162,3,0,69119442.66666667,True,6854,3335,3519,0.4865771812080537,1640018,239.27896119054566,False,False,False
20234,8096,3110507,명지대학교,골목상권,서대문구,홍은2동,121166495,101100143,20066352,0.1984799566505064,6753218,45386191,21091593,26381547,21250910,303036,3,0,40388831.666666664,True,5938,2869,3069,0.48315931289996633,1748571,294.47137083192996,False,False,False
20241,8097,3110507,명지대학교,골목상권,서대문구,홍은2동,43880552,30243917,13636635,0.4508885208222202,4782210,20649317,11890693,1916314,4319760,322258,3,0,14626850.666666666,True,5938,2869,3069,0.48315931289996633,1626657,273.94021556079485,False,False,False
20242,8098,3110507,명지대학교,골목상권,서대문구,홍은2동,47112346,34831354,12280992,0.35258439852783213,6261265,24949695,8579494,1332468,5891383,98041,3,0,15704115.333333334,True,5938,2869,3069,0.48315931289996633,1609053,270.975581003705,False,False,False
20243,8099,3110507,명지대학교,골목상권,서대문구,홍은2동,40277985,27557591,12720394,0.4615931051447857,7184635,18344394,4676563,1990236,7894988,187169,3,0,13425995.0,True,5938,2869,3069,0.48315931289996633,1391104,234.27147187605254,False,False,False
20244,8100,3110507,명지대학교,골목상권,서대문구,홍은2동,51155206,37741391,13413815,0.3554139008813957,6802942,23475306,9990307,1332485,9254889,299277,3,0,17051735.333333332,True,5938,2869,3069,0.48315931289996633,1632834,274.980464802964,False,False,True
20251,8101,3110507,명지대학교,골목상권,서대문구,홍은2동,46344059,31139657,15204402,0.4882649156989751,4443449,21031494,10908599,2593602,7155511,211404,3,0,15448019.666666666,True,5938,2869,3069,0.48315931289996633,1800194,303.16503873358033,False,False,True
20252,8102,3110507,명지대학교,골목상권,서대문구,홍은2동,48773698,33649512,15124186,0.44946226857613863,3113253,13646439,19557431,4856602,7014400,585573,3,0,16257899.333333334,True,5938,2869,3069,0.48315931289996633,1881756,316.9006399461098,False,False,True
20253,8103,3110507,명지대학교,골목상권,서대문구,홍은2동,52055402,35976650,16078752,0.4469218784961913,10118739,19856010,12363883,4537523,4654281,524966,3,0,17351800.666666668,True,5938,2869,3069,0.48315931289996633,1775257,298.96547659144494,False,False,True
20254,8104,3110507,명지대학교,골목상권,서대문구,홍은2동,47220190,31325045,15895145,0.5074260866983591,6830796,20162611,8248827,4108816,7392303,476837,3,0,15740063.333333334,True,5938,2869,3069,0.48315931289996633,1878493,316.3511283260357,False,False,True
20211,8085,3110542,마포구청역 7번,골목상권,마포구,망원2동,105228871,63586891,41641980,0.6548830953222733,5429833,57659573,25960586,9815083,4318182,2045614,2,0,52614435.5,True,5276,2502,2774,0.47422289613343444,1540782,292.03601213040184,False,False,False
20212,8086,3110542,마포구청역 7번,골목상권,마포구,망원2동,151225010,97401856,53823154,0.5525885872236357,3212112,83835523,45323974,12412229,5360350,1080822,2,0,75612505.0,True,5276,2502,2774,0.47422289613343444,1496653,283.67191053828657,False,False,False
20213,8087,3110542,마포구청역 7번,골목상권,마포구,망원2동,104218515,65239561,38978954,0.5974741920780245,5039644,55006669,21774035,13703996,5424120,3270051,2,0,52109257.5,True,5276,2502,2774,0.47422289613343444,1574853,298.4937452615618,False,False,False
20214,8088,3110542,마포구청역 7번,골목상권,마포구,망원2동,115070537,72210052,42860485,0.5935528892847217,4250767,55564876,27230961,17165946,7488301,3369686,2,0,57535268.5,True,5276,2502,2774,0.47422289613343444,1568788,297.34420015163005,False,False,False
20221,8089,3110542,마포구청역 7번,골목상권,마포구,망원2동,81857271,53840310,28016961,0.5203714651717273,2580700,48451546,13247802,9452030,6292450,1832743,2,0,40928635.5,True,5276,2502,2774,0.47422289613343444,1556603,295.0346853677028,False,False,False
20222,8090,3110542,마포구청역 7번,골목상권,마포구,망원2동,115296384,73911918,41384466,0.5599160070504462,3664920,65508567,27208539,9860761,6355762,1374369,2,0,57648192.0,True,5276,2502,2774,0.47422289613343444,1528303,289.670773313116,False,False,False
20223,8091,3110542,마포구청역 7번,골목상권,마포구,망원2동,143632475,92796492,50835983,0.5478222495738309,4720422,85897513,33090409,10083569,9130151,710411,2,0,71816237.5,True,5276,2502,2774,0.47422289613343444,1487480,281.9332827899924,False,False,False
20224,8092,3110542,마포구청역 7번,골목상권,마포구,망원2동,129855153,77054574,52800579,0.6852361418544731,4881870,68405244,34553216,14250971,7008962,754890,2,0,64927576.5,True,5409,2639,2770,0.4878905527823997,1404563,259.67147347014236,False,False,False
20214,8088,3110547,KB국민은행 망원동지점,골목상권,마포구,망원2동,62075733,40686581,21389152,0.5257053179277954,5574697,24410609,8774807,18996699,3437569,881352,3,0,20691911.0,True,2491,1171,1320,0.47009233239662784,823792,330.70734644720994,False,False,False
20221,8089,3110547,KB국민은행 망원동지점,골목상권,마포구,망원2동,100849991,66116997,34732994,0.5253262485590505,19683865,47694068,15993481,11326894,4472124,1679559,3,0,33616663.666666664,True,2491,1171,1320,0.47009233239662784,828527,332.6081894821357,False,False,False
20222,8090,3110547,KB국민은행 망원동지점,골목상권,마포구,망원2동,121927988,78250467,43677521,0.5581758508866151,14249758,58290536,18838146,15801799,9420188,5327561,3,0,40642662.666666664,True,2491,1171,1320,0.47009233239662784,852187,342.1063829787234,False,False,False
20223,8091,3110547,KB국민은행 망원동지점,골목상권,마포구,망원2동,180144088,129170854,50973234,0.3946186962579035,14604084,84064116,41696712,21143504,14211049,4424623,3,0,60048029.333333336,True,2491,1171,1320,0.47009233239662784,816822,327.90927338418305,False,False,False
20224,8092,3110547,KB국민은행 망원동지점,골목상권,마포구,망원2동,178006944,121563227,56443717,0.4643157177786996,15998219,75729073,45012627,26880138,11733799,2653088,3,0,59335648.0,True,2759,1298,1461,0.47046031170714026,806641,292.3671620152229,False,False,False
20231,8093,3110547,KB국민은행 망원동지점,골목상권,마포구,망원2동,162681564,104041169,58640395,0.5636268369879619,6677131,60481260,57000518,24528966,13040132,953557,3,0,54227188.0,True,2759,1298,1461,0.47046031170714026,819938,297.18666183399785,False,False,False
20232,8094,3110547,KB국민은행 망원동지점,골목상권,마포구,망원2동,137553370,83963624,53589746,0.6382495591186012,6004744,45078247,45489395,23874508,14299129,2807347,3,0,45851123.333333336,True,2759,1298,1461,0.47046031170714026,901589,326.78108010148605,False,False,False
20233,8095,3110547,KB국민은행 망원동지점,골목상권,마포구,망원2동,156288788,94052270,62236518,0.6617226569863758,6887434,45675642,55727354,32860814,13286171,1851373,3,0,52096262.666666664,True,2759,1298,1461,0.47046031170714026,863958,313.14171801377313,False,False,False
20234,8096,3110547,KB국민은행 망원동지점,골목상권,마포구,망원2동,134080815,83847497,50233318,0.5991033697762022,8723096,50724985,41344526,20772151,11922270,593787,3,0,44693605.0,True,2421,1101,1320,0.4547707558859975,993035,410.17554729450643,False,False,False
20241,8097,3110547,KB국민은행 망원동지점,골목상권,마포구,망원2동,126297527,78304064,47993463,0.6129115214249927,4869686,44203774,43557896,21204158,9958376,2503637,3,0,42099175.666666664,True,2421,1101,1320,0.4547707558859975,1025392,423.54068566707974,False,False,False
20242,8098,3110547,KB국민은행 망원동지점,골목상권,마포구,망원2동,115596997,73037543,42559454,0.5827065403884136,6536844,30660880,45313751,19081004,11755253,2249265,3,0,38532332.333333336,True,2421,1101,1320,0.4547707558859975,838366,346.2891367203635,False,False,False
20243,8099,3110547,KB국민은행 망원동지점,골목상권,마포구,망원2동,124103826,72547738,51556088,0.7106505236593318,8979342,48016693,38281120,9471648,11528632,1968827,3,0,41367942.0,True,2421,1101,1320,0.4547707558859975,843938,348.5906650144568,False,False,False
20244,8100,3110547,KB국민은행 망원동지점,골목상권,마포구,망원2동,99259240,65304130,33955110,0.5199534853308665,6484689,37527470,30911803,9457198,12393694,2484386,4,0,24814810.0,True,2421,1101,1320,0.4547707558859975,785554,324.47501032631146,False,False,True
20251,8101,3110547,KB국민은행 망원동지점,골목상권,마포구,망원2동,112991650,71353744,41637906,0.5835419932554625,4456878,43249619,38420900,19551523,6244626,1068104,4,0,28247912.5,True,2421,1101,1320,0.4547707558859975,793959,327.9467162329616,False,False,True
20252,8102,3110547,KB국민은행 망원동지점,골목상권,마포구,망원2동,107449706,66317238,41132468,0.6202379538182817,5467505,40027803,28760793,26217975,4298078,2677552,4,0,26862426.5,True,2421,1101,1320,0.4547707558859975,758250,313.19702602230484,False,False,True
20253,8103,3110547,KB국민은행 망원동지점,골목상권,마포구,망원2동,92937180,57660787,35276393,0.6117917363840352,4799454,36901363,28479251,15171392,6215848,1369872,4,0,23234295.0,True,2421,1101,1320,0.4547707558859975,733062,302.7930607187113,False,False,True
20254,8104,3110547,KB국민은행 망원동지점,골목상권,마포구,망원2동,102349628,68364296,33985332,0.4971210703318001,6405430,34787352,30431424,23035144,6297135,1393143,4,0,25587407.0,True,2421,1101,1320,0.4547707558859975,701061,289.57496902106567,False,False,True
20244,8100,3110566,경의선책거리,골목상권,마포구,서교동,333206009,212885171,120320838,0.5651912598459007,48580573,155468359,64495818,10802520,50091553,3767186,3,0,111068669.66666667,True,1739,806,933,0.46348476135710176,1460226,839.6929269695227,False,False,True
20251,8101,3110566,경의선책거리,골목상권,마포구,서교동,331996001,191053147,140942854,0.737715427425019,30040502,158595489,77982979,14416016,29142775,21818240,3,0,110665333.66666667,True,1739,806,933,0.46348476135710176,1436435,826.0120759056929,False,False,True
20252,8102,3110566,경의선책거리,골목상권,마포구,서교동,350484926,211177786,139307140,0.6596675845441433,39821673,163133244,86436370,13013236,40777026,7303377,3,0,116828308.66666667,True,1739,806,933,0.46348476135710176,1434501,824.8999424956871,False,False,True
20253,8103,3110566,경의선책거리,골목상권,마포구,서교동,354000000,230772481,123227519,0.5339783949369595,45929262,171166563,59922516,22496978,45586308,8898373,3,0,118000000.0,True,1739,806,933,0.46348476135710176,1427682,820.9787234042553,False,False,True
20254,8104,3110566,경의선책거리,골목상권,마포구,서교동,345058039,237546139,107511900,0.45259375905916116,26140292,192595305,42689811,34446693,45992198,3193740,3,0,115019346.33333333,True,1739,806,933,0.46348476135710176,1311301,754.0546290971823,False,False,True
20211,8085,3110572,서강대역 1번,골목상권,마포구,신수동,58773490,38838002,19935488,0.5132984956332203,4165801,38678833,12720455,1457826,1632763,117812,3,0,19591163.333333332,True,2848,1525,1323,0.5354634831460674,1620100,568.8553370786517,False,False,False
20212,8086,3110572,서강대역 1번,골목상권,마포구,신수동,67684983,43586735,24098248,0.5528803201249187,8424941,41602311,11787837,2820358,2822220,227316,3,0,22561661.0,True,2848,1525,1323,0.5354634831460674,1709682,600.3096910112359,False,False,False
20213,8087,3110572,서강대역 1번,골목상권,마포구,신수동,67808737,43427645,24381092,0.5614187000008866,3625498,47622649,11011888,2017303,3052403,478996,3,0,22602912.333333332,True,2848,1525,1323,0.5354634831460674,1791239,628.9462780898876,False,False,False
20214,8088,3110572,서강대역 1번,골목상권,마포구,신수동,67068968,43247514,23821454,0.5508167244017772,3072907,48673439,9393702,2243825,2769947,915148,3,0,22356322.666666668,True,2848,1525,1323,0.5354634831460674,1829411,642.3493679775281,False,False,False
20241,8097,3110572,서강대역 1번,골목상권,마포구,신수동,21112556,14663260,6449296,0.43982688706331335,669621,14553619,2602825,1358271,1882914,45306,3,0,7037518.666666667,True,2727,1523,1204,0.5584891822515585,1986559,728.4778144481115,False,False,False
20211,8085,3110595,메디힐병원,골목상권,양천구,신월5동,209428888,135955770,73473118,0.5404192701788236,16448313,119304697,45549047,8507519,19582749,36563,3,0,69809629.33333333,True,5754,2863,2891,0.4975669099756691,941747,163.66823079596801,False,False,False
20222,8090,3110595,메디힐병원,골목상권,양천구,신월5동,127034423,83659207,43375216,0.5184751034037414,872523,65359483,42128755,8677037,6037862,3958763,3,0,42344807.666666664,True,5754,2863,2891,0.4975669099756691,587366,102.07959680222454,False,False,False
20211,8085,3110597,신월1동주민센터,골목상권,양천구,신월1동,228285899,143857267,84428632,0.5868916722851408,15802809,135034456,44276926,8073807,23873199,1224702,3,0,76095299.66666667,True,6200,3206,2994,0.5170967741935484,990974,159.83451612903227,False,False,False
20224,8092,3110603,지향초등학교,골목상권,양천구,신정3동,217498397,131416600,86081797,0.6550298592415266,54961202,103614294,26310297,14699337,17913267,0,3,0,72499465.66666667,True,349,173,176,0.49570200573065903,89789,257.2750716332378,False,False,False
20211,8085,3110634,송정역 3번,골목상권,강서구,공항동,161513845,97998678,63515167,0.6481226920224373,13162819,91233486,38778295,7407163,9345710,1586372,3,0,53837948.333333336,True,8279,4321,3958,0.5219229375528446,2242383,270.8519144824254,False,False,False
20232,8094,3110634,송정역 3번,골목상권,강서구,공항동,109798191,71286853,38511338,0.5402305808056922,6213231,45651958,33342103,14753167,7888294,1949438,3,33,36599397.0,True,8166,4182,3984,0.5121234386480529,1866695,228.59355865784963,False,False,False
20214,8088,3110638,신방화역 2번,골목상권,강서구,방화1동,44998771,28818905,16179866,0.5614323653171417,4089606,32924071,4701450,1716767,253911,1312966,2,0,22499385.5,True,5721,2872,2849,0.5020101380877469,2239830,391.51022548505506,False,False,False
20221,8089,3110638,신방화역 2번,골목상권,강서구,방화1동,61285118,38745188,22539930,0.5817478547271471,3901320,44765215,6987232,2849173,1569958,1212220,2,0,30642559.0,True,5721,2872,2849,0.5020101380877469,2272492,397.2193672434889,False,False,False
20222,8090,3110638,신방화역 2번,골목상권,강서구,방화1동,126607421,77901548,48705873,0.6252234294496947,4719522,83684291,23971142,7253910,2786085,4192471,2,0,63303710.5,True,5721,2872,2849,0.5020101380877469,2222969,388.56301345918547,False,False,False
20223,8091,3110638,신방화역 2번,골목상권,강서구,방화1동,144551560,87039889,57511671,0.6607507392386496,9668277,90348924,29372594,5783439,3902039,5476287,2,0,72275780.0,True,5721,2872,2849,0.5020101380877469,2179084,380.892151721727,False,False,False
20224,8092,3110638,신방화역 2번,골목상권,강서구,방화1동,159171923,94468834,64703089,0.6849146566157469,17835557,102214299,23431203,6704747,5644487,3341630,2,0,79585961.5,True,5376,2740,2636,0.5096726190476191,2201678,409.53831845238096,False,False,False
20231,8093,3110638,신방화역 2번,골목상권,강서구,방화1동,174643296,111750347,62892949,0.5627986909069732,10036039,108207880,35358342,9597837,6900648,4542550,2,0,87321648.0,True,5376,2740,2636,0.5096726190476191,2370496,440.9404761904762,False,False,False
20232,8094,3110638,신방화역 2번,골목상권,강서구,방화1동,164445082,102946186,61498896,0.5973887755297704,9175198,95287904,39985257,10615939,5482840,3897944,3,0,54815027.333333336,True,5376,2740,2636,0.5096726190476191,2152005,400.29854910714283,False,False,False
20233,8095,3110638,신방화역 2번,골목상권,강서구,방화1동,172462119,106545989,65916130,0.6186636457989986,14051927,95220207,43399241,9453343,4449659,5887742,3,0,57487373.0,True,5376,2740,2636,0.5096726190476191,2011606,374.1826636904762,False,False,False
20234,8096,3110638,신방화역 2번,골목상권,강서구,방화1동,152998608,91554591,61444017,0.6711189065330432,9472156,95168727,29446862,11831228,4134947,2944688,3,0,50999536.0,True,5825,2913,2912,0.5000858369098713,1998645,343.1150214592275,False,False,False
20241,8097,3110638,신방화역 2번,골목상권,강서구,방화1동,146200041,96705815,49494226,0.5118019635117081,3152927,84751286,38536621,8711985,7310038,3737184,3,0,48733347.0,True,5825,2913,2912,0.5000858369098713,2206474,378.7938197424893,False,False,False
20242,8098,3110638,신방화역 2번,골목상권,강서구,방화1동,105201080,67811448,37389632,0.5513763988640974,2530328,57820492,30301472,3536407,9444128,1568253,2,33,52600540.0,True,5825,2913,2912,0.5000858369098713,2224877,381.9531330472103,False,False,False
20243,8099,3110638,신방화역 2번,골목상권,강서구,방화1동,103461380,66336309,37125071,0.5596493317106322,1076256,48570725,42541568,5966909,3843067,1462855,2,0,51730690.0,True,5825,2913,2912,0.5000858369098713,2198503,377.42540772532186,False,False,False
20244,8100,3110638,신방화역 2번,골목상권,강서구,방화1동,111186010,72355640,38830370,0.5366598927187984,3584241,60507822,31773282,7669752,5717913,1933000,2,0,55593005.0,True,5825,2913,2912,0.5000858369098713,2258541,387.73236051502147,False,False,True
20251,8101,3110638,신방화역 2번,골목상권,강서구,방화1동,103879106,66717178,37161928,0.5570068925876931,2461298,54018350,26795807,14026537,5793267,783847,2,0,51939553.0,True,5825,2913,2912,0.5000858369098713,2391697,410.59175965665236,False,False,True
20252,8102,3110638,신방화역 2번,골목상권,강서구,방화1동,86951430,56493571,30457859,0.5391384977239269,3847162,46824473,20334180,11781473,3632567,531575,2,0,43475715.0,True,5825,2913,2912,0.5000858369098713,2309946,396.5572532188841,False,False,True
20211,8085,3110646,푸른들청소년도서관,골목상권,강서구,화곡3동,109641203,74913373,34727830,0.4635731727097644,1595331,75973727,21036775,4833971,5577660,623739,3,0,36547067.666666664,True,8329,4014,4315,0.4819306039140353,2210694,265.42129907551924,False,False,False
20212,8086,3110646,푸른들청소년도서관,골목상권,강서구,화곡3동,133561569,89041046,44520523,0.5,3072257,97639616,11498444,6556796,14674008,120448,3,0,44520523.0,True,8329,4014,4315,0.4819306039140353,2118614,254.36595029415295,False,False,False
20213,8087,3110646,푸른들청소년도서관,골목상권,강서구,화곡3동,86426143,55457534,30968609,0.5584202319562208,3097101,63151106,15367953,1991165,2195079,623739,3,0,28808714.333333332,True,8329,4014,4315,0.4819306039140353,1904843,228.70008404370273,False,False,False
20214,8088,3110646,푸른들청소년도서관,골목상권,강서구,화곡3동,43978351,27223780,16754571,0.6154388185623011,1555187,30071412,9437353,658797,2255602,0,3,100,14659450.333333334,True,8329,4014,4315,0.4819306039140353,1800069,216.1206627446272,False,False,False
20211,8085,3110657,양천향교역 5번,골목상권,강서구,가양1동,151920036,100670444,51249592,0.5090828048796526,7443981,105500335,24828229,3825769,9104432,1217290,2,0,75960018.0,True,1567,719,848,0.4588385449904276,412616,263.31589023611997,False,False,False
20222,8090,3110657,양천향교역 5번,골목상권,강서구,가양1동,175183916,99942091,75241825,0.7528542203504628,15271932,105403262,36938173,6608875,10212227,749447,3,0,58394638.666666664,True,1567,719,848,0.4588385449904276,714814,456.16719846841096,False,False,False
20211,8085,3110673,뜸부기어린이공원,골목상권,강서구,화곡4동,72611104,46937388,25673716,0.546977944320208,6574202,43748371,11044527,2284327,6721729,2237948,5,0,14522220.8,True,4156,2076,2080,0.49951876804619827,962695,231.63979788257942,False,False,False
20212,8086,3110673,뜸부기어린이공원,골목상권,강서구,화곡4동,39171716,20284745,18886971,0.9310923553635996,3923015,16877981,6316762,3387284,7636609,1030065,5,0,7834343.2,True,4156,2076,2080,0.49951876804619827,930397,223.86838306063524,False,False,False
20213,8087,3110673,뜸부기어린이공원,골목상권,강서구,화곡4동,54763938,31021291,23742647,0.7653661802792153,4028956,34138977,6213300,1120464,8532910,729331,5,0,10952787.6,True,4156,2076,2080,0.49951876804619827,678835,163.33854667949953,False,False,False
20214,8088,3110673,뜸부기어린이공원,골목상권,강서구,화곡4동,75774355,45958460,29815895,0.6487574866520767,2849118,41903947,18928368,8608232,3484690,0,5,0,15154871.0,True,4156,2076,2080,0.49951876804619827,609635,146.68792107795957,False,False,False
20221,8089,3110673,뜸부기어린이공원,골목상권,강서구,화곡4동,67078458,36001160,31077298,0.8632304625739837,1520446,39733823,19804294,2899417,2633171,487307,5,0,13415691.6,True,4156,2076,2080,0.49951876804619827,592521,142.57001924927815,False,False,False
20222,8090,3110673,뜸부기어린이공원,골목상권,강서구,화곡4동,53346686,26752486,26594200,0.994083316219659,730543,29102399,15273219,1631546,3781777,2827202,5,0,10669337.2,True,4156,2076,2080,0.49951876804619827,663905,159.74615014436958,False,False,False
20223,8091,3110673,뜸부기어린이공원,골목상권,강서구,화곡4동,92041112,47943104,44098008,0.9197987681398351,4580504,44102881,26382343,2013864,10497902,4463618,5,0,18408222.4,True,4156,2076,2080,0.49951876804619827,647988,155.9162656400385,False,False,False
20224,8092,3110673,뜸부기어린이공원,골목상권,강서구,화곡4동,91064621,51705400,39359221,0.761220704220449,6221791,48576240,20727940,1904282,12611608,1022760,5,0,18212924.2,True,4489,2216,2273,0.49365114724883047,700539,156.05680552461573,False,False,False
20231,8093,3110673,뜸부기어린이공원,골목상권,강서구,화곡4동,85463790,52389673,33074117,0.6313098575744117,1526835,46026642,24090873,1636416,11817752,365272,5,0,17092758.0,True,4489,2216,2273,0.49365114724883047,776871,173.0610380931165,False,False,False
20232,8094,3110673,뜸부기어린이공원,골목상권,강서구,화곡4동,91505381,55806180,35699201,0.6396997787700215,991104,35599361,29577251,2325561,21940641,1071463,5,0,18301076.2,True,4489,2216,2273,0.49365114724883047,783675,174.57674314992204,False,False,False
20233,8095,3110673,뜸부기어린이공원,골목상권,강서구,화곡4동,125604694,77766303,47838391,0.6151557828330865,672641,45840613,32059372,2177937,42032898,2821233,5,0,25120938.8,True,4489,2216,2273,0.49365114724883047,832911,185.54488750278458,False,False,False
20234,8096,3110673,뜸부기어린이공원,골목상권,강서구,화곡4동,87348592,56154406,31194186,0.5555073630375504,48703,29830506,21721478,2033345,31997784,1716776,5,0,17469718.4,True,3948,1972,1976,0.49949341438703143,867484,219.7274569402229,False,False,False
20241,8097,3110673,뜸부기어린이공원,골목상권,강서구,화곡4동,60878583,39303213,21575370,0.548946723515963,0,17009476,16656381,1680249,17228638,8303839,5,0,12175716.6,True,3948,1972,1976,0.49949341438703143,879581,222.79154002026343,False,False,False
20242,8098,3110673,뜸부기어린이공원,골목상권,강서구,화곡4동,45257139,28966031,16291108,0.5624211339137212,170460,11311242,16011067,742718,15560566,1461086,5,0,9051427.8,True,3948,1972,1976,0.49949341438703143,750107,189.9967071935157,False,False,False
20243,8099,3110673,뜸부기어린이공원,골목상권,강서구,화곡4동,63484187,39108402,24375785,0.6232876761367033,438325,8206433,44514421,438326,7634175,2252507,4,25,15871046.75,True,3948,1972,1976,0.49949341438703143,691523,175.1578014184397,False,False,False
20244,8100,3110673,뜸부기어린이공원,골목상권,강서구,화곡4동,56397920,24741057,31656863,1.279527507656605,0,13161949,36989828,2751712,2252508,1241923,4,0,14099480.0,True,3948,1972,1976,0.49949341438703143,696635,176.45263424518743,False,False,True
20251,8101,3110673,뜸부기어린이공원,골목상권,강서구,화곡4동,40021581,20077756,19943825,0.993329384020804,0,8571705,26750050,681840,3043929,974057,4,0,10005395.25,True,3948,1972,1976,0.49949341438703143,683442,173.1109422492401,False,False,True
20252,8102,3110673,뜸부기어린이공원,골목상권,강서구,화곡4동,803597,316569,487028,1.538457650622771,0,121757,681840,0,0,0,4,0,200899.25,True,3948,1972,1976,0.49949341438703143,680358,172.32978723404256,False,False,True
20211,8085,3110686,수궁동주민센터,골목상권,구로구,수궁동,119947218,83411046,36536172,0.43802558236711236,22141287,71608458,5337087,6252017,11406117,3202252,5,40,23989443.6,True,4521,2180,2341,0.48219420482194203,931246,205.98230479982305,False,False,False
20212,8086,3110686,수궁동주민센터,골목상권,구로구,수궁동,123789921,74627723,49162198,0.6587658851657581,12626023,80696754,5489575,9515264,3537727,11924578,5,0,24757984.2,True,4521,2180,2341,0.48219420482194203,926657,204.96726387967263,False,False,False
20213,8087,3110686,수궁동주민센터,골목상권,구로구,수궁동,112597287,78439929,34157358,0.43545880823018085,19183016,68375708,10430194,8447846,2744788,3415735,5,0,22519457.4,True,4521,2180,2341,0.48219420482194203,765855,169.39946914399468,False,False,False
20214,8088,3110686,수궁동주민센터,골목상권,구로구,수궁동,127974198,85631275,42342923,0.4944796512722717,13168881,65887102,5764054,40012905,2836280,304976,5,0,25594839.6,True,4521,2180,2341,0.48219420482194203,749527,165.78787878787878,False,False,False
20221,8089,3110686,수궁동주민센터,골목상권,구로구,수궁동,70327558,48003285,22324273,0.4650571934816544,5367585,19762471,16865195,25922994,2409313,0,5,0,14065511.6,True,4521,2180,2341,0.48219420482194203,760077,168.12143331121433,False,False,False
20222,8090,3110686,수궁동주민센터,골목상권,구로구,수궁동,59988859,40488666,19500193,0.4816210294505628,6355708,29137447,12766312,7429225,3263247,1036920,5,0,11997771.8,True,4521,2180,2341,0.48219420482194203,759932,168.0893607608936,False,False,False
20223,8091,3110686,수궁동주민센터,골목상권,구로구,수궁동,71998829,47301841,24696988,0.5221147312215607,5827496,53816105,4929647,5524966,1382155,518460,5,0,14399765.8,True,4521,2180,2341,0.48219420482194203,745001,164.78677283786772,False,False,False
20224,8092,3110686,수궁동주민센터,골목상권,구로구,수궁동,79977011,55237325,24739686,0.4478798710835472,6045694,59064887,5281797,4157571,1425954,4001108,5,0,15995402.2,True,4719,2323,2396,0.4922653104471286,1007646,213.52956134774317,False,False,False
20231,8093,3110686,수궁동주민센터,골목상권,구로구,수궁동,86985369,47381134,39604235,0.8358650723724763,1524882,61922408,6508196,0,14986541,2043342,5,0,17397073.8,True,4719,2323,2396,0.4922653104471286,1371839,290.7054460690824,False,False,False
20232,8094,3110686,수궁동주민센터,골목상권,구로구,수궁동,75652447,44252077,31400370,0.7095795752140628,3507228,56011966,4226974,3110760,7313334,1482185,4,25,18913111.75,True,4719,2323,2396,0.4922653104471286,906456,192.08645899554992,False,False,False
20233,8095,3110686,수궁동주민센터,골목상권,구로구,수궁동,177139500,121316504,55822996,0.4601434607776037,10422793,134678661,17811259,8096814,4393292,1736681,4,0,44284875.0,True,4719,2323,2396,0.4922653104471286,772003,163.5946175037084,False,False,False
20234,8096,3110686,수궁동주민센터,골목상권,구로구,수궁동,102728251,65740715,36987536,0.5626275284654266,6837571,67802353,14797455,10235008,2275124,780740,4,0,25682062.75,True,4234,2027,2207,0.47874350495984885,682709,161.24444969296175,False,False,False
20241,8097,3110686,수궁동주민센터,골목상권,구로구,수궁동,97104486,57134278,39970208,0.6995836719945949,6770476,24940971,47228645,6056832,11509809,597753,4,0,24276121.5,True,4234,2027,2207,0.47874350495984885,707734,167.1549362305149,False,False,False
20242,8098,3110686,수궁동주민센터,골목상권,구로구,수궁동,113567113,70980208,42586905,0.5999828149277895,19195215,21177561,55176331,4489253,13406762,121991,3,33,37855704.333333336,True,4234,2027,2207,0.47874350495984885,813323,192.09329239489844,False,False,False
20243,8099,3110686,수궁동주민센터,골목상권,구로구,수궁동,138343395,82874288,55469107,0.6693162419687998,13144483,47015163,45185302,8258761,24739686,0,3,0,46114465.0,True,4234,2027,2207,0.47874350495984885,787283,185.94307982994803,False,False,False
20244,8100,3110686,수궁동주민센터,골목상권,구로구,수궁동,116421692,76274599,40147093,0.5263494469502226,12022169,53810037,28460398,9618956,12510132,0,3,0,38807230.666666664,True,4234,2027,2207,0.47874350495984885,794939,187.75129900803023,False,False,True
20251,8101,3110686,수궁동주민센터,골목상권,구로구,수궁동,146352075,90986660,55365415,0.6085003559862512,4196475,66936219,56176654,14102109,4574646,365972,3,0,48784025.0,True,4234,2027,2207,0.47874350495984885,856008,202.1747756258857,False,False,True
20252,8102,3110686,수궁동주민센터,골목상권,구로구,수궁동,119166479,73920181,45246298,0.6120966884537256,3281546,29582711,76055015,7868391,884432,1494384,3,0,39722159.666666664,True,4234,2027,2207,0.47874350495984885,748162,176.70335380255077,False,False,True
20253,8103,3110686,수궁동주민센터,골목상권,구로구,수궁동,125406296,69870095,55536201,0.7948493701060518,60995,44050791,75621948,3934196,548958,1189408,3,0,41802098.666666664,True,4234,2027,2207,0.47874350495984885,747038,176.4378837978271,False,False,True
20254,8104,3110686,수궁동주민센터,골목상권,구로구,수궁동,120380285,63819361,56560924,0.8862659091807579,1951850,45349989,59275214,7337732,5947040,518460,3,0,40126761.666666664,True,4234,2027,2207,0.47874350495984885,745733,176.12966461974491,False,False,True
20213,8087,3110690,오류2동버들시장,골목상권,구로구,오류2동,329361842,193193386,136168456,0.704829801989184,22452231,190067541,93421345,12115876,7488747,3816102,3,0,109787280.66666667,True,4903,2427,2476,0.4950030593514175,1830428,373.3281664287171,False,False,False
20214,8088,3110690,오류2동버들시장,골목상권,구로구,오류2동,297961726,174342270,123619456,0.7090618700788971,28714941,155276440,90778560,8896445,12122682,2172658,3,0,99320575.33333333,True,4903,2427,2476,0.4950030593514175,1947073,397.118702834999,False,False,False
20221,8089,3110690,오류2동버들시장,골목상권,구로구,오류2동,192907286,111175036,81732250,0.735167290613695,10755437,101686337,56004831,6189655,13687484,4583542,3,0,64302428.666666664,True,4903,2427,2476,0.4950030593514175,1963429,400.4546196206404,False,False,False
20222,8090,3110690,오류2동버들시장,골목상권,구로구,오류2동,268363062,148091974,120271088,0.8121377867513604,13595374,117996801,89472197,25191042,17450699,4656949,3,33,89454354.0,True,4903,2427,2476,0.4950030593514175,1923619,392.3351009585968,False,False,False
20223,8091,3110690,오류2동버들시장,골목상권,구로구,오류2동,285491653,179186259,106305394,0.593267556302964,23417030,129104963,91795965,25088769,14746051,1338875,3,0,95163884.33333333,True,4903,2427,2476,0.4950030593514175,1883607,384.17438303079746,False,False,False
20224,8092,3110690,오류2동버들시장,골목상권,구로구,오류2동,281699331,170737390,110961941,0.6498983087418637,29956172,117449176,80986018,37645415,10613088,5049462,3,0,93899777.0,True,5289,2640,2649,0.499149177538287,1925372,364.0332766118359,False,False,False
20231,8093,3110690,오류2동버들시장,골목상권,구로구,오류2동,308281107,195517716,112763391,0.5767425750820453,27063676,128254417,76847483,50879818,16650412,8585301,3,0,102760369.0,True,5289,2640,2649,0.499149177538287,1867812,353.15031196823594,False,False,False
20232,8094,3110690,오류2동버들시장,골목상권,구로구,오류2동,238856148,148827945,90028203,0.6049146415345585,15048376,101907803,51288940,46166850,21041951,3402228,3,0,79618716.0,True,5289,2640,2649,0.499149177538287,1777186,336.015503875969,False,False,False
20233,8095,3110690,오류2동버들시장,골목상권,구로구,오류2동,149996030,97136339,52859691,0.5441803916451906,13380144,53479258,36646240,25481577,10204859,10803952,3,0,49998676.666666664,True,5289,2640,2649,0.499149177538287,1632346,308.63036490830024,False,False,False
20211,8085,3110695,개봉1동주민센터,골목상권,구로구,고척2동,27938047,15935190,12002857,0.7532296132019762,1926733,13741151,8582722,3120462,379370,187609,3,0,9312682.333333334,True,5545,2838,2707,0.5118124436429216,1951090,351.8647430117223,False,False,False
20211,8085,3110706,그라운드 고척,골목상권,구로구,고척1동,290196972,176169180,114027792,0.6472630002591827,18025244,199708661,37674538,5829402,25586624,3372503,4,0,72549243.0,True,697,364,333,0.5222381635581061,252409,362.13629842180774,False,False,False
20212,8086,3110706,그라운드 고척,골목상권,구로구,고척1동,326421526,197937063,128484463,0.6491177602246225,30468383,211160952,41826784,8364215,30375446,4225746,5,0,65284305.2,True,697,364,333,0.5222381635581061,245190,351.77905308464847,False,False,False
20213,8087,3110706,그라운드 고척,골목상권,구로구,고척1동,248085587,147867696,100217891,0.6777537874127694,22505889,165267294,31573685,6289049,18339849,4109821,5,0,49617117.4,True,697,364,333,0.5222381635581061,259743,372.6585365853659,False,False,False
20214,8088,3110706,그라운드 고척,골목상권,구로구,고척1동,262699629,171560561,91139068,0.5312355442810659,32366498,166224438,28259591,12770141,18489072,4589889,4,25,65674907.25,True,697,364,333,0.5222381635581061,266704,382.64562410329984,False,False,False
20221,8089,3110706,그라운드 고척,골목상권,구로구,고척1동,232912460,140932852,91979608,0.6526484541730554,27343187,141346273,25224280,11778022,14660679,12560019,4,0,58228115.0,True,697,364,333,0.5222381635581061,270649,388.3055954088953,False,False,False
20222,8090,3110706,그라운드 고척,골목상권,구로구,고척1동,397597415,266062268,131535147,0.49437730493975945,63553838,228775963,44909915,19811552,26566893,13979254,4,0,99399353.75,True,697,364,333,0.5222381635581061,294212,422.1119081779053,False,False,False
20223,8091,3110706,그라운드 고척,골목상권,구로구,고척1동,470559495,324333315,146226180,0.4508515568312802,77361819,256124032,62053749,25696770,35279670,14043455,4,0,117639873.75,True,697,364,333,0.5222381635581061,282289,405.0057388809182,False,False,False
20224,8092,3110706,그라운드 고척,골목상권,구로구,고척1동,494291974,342553022,151738952,0.44296486165578186,93830155,232312615,64432820,29415636,52304377,21996371,4,0,123572993.5,True,530,295,235,0.5566037735849056,273922,516.833962264151,False,False,False
20231,8093,3110706,그라운드 고척,골목상권,구로구,고척1동,381542540,259027114,122515426,0.4729830175230227,55490492,185771040,76020518,12634014,30367267,21259209,4,0,95385635.0,True,530,295,235,0.5566037735849056,183582,346.3811320754717,False,False,False
20232,8094,3110706,그라운드 고척,골목상권,구로구,고척1동,414016005,296887225,117128780,0.3945228023873375,77407179,215234850,49360662,22366278,38648184,10998852,4,0,103504001.25,True,530,295,235,0.5566037735849056,245815,463.8018867924528,False,False,False
20233,8095,3110706,그라운드 고척,골목상권,구로구,고척1동,433677078,284727834,148949244,0.5231284975110653,59760163,227097734,88000821,29152215,23460947,6205198,3,33,144559026.0,True,530,295,235,0.5566037735849056,258831,488.36037735849055,False,False,False
20234,8096,3110706,그라운드 고척,골목상권,구로구,고척1동,353626225,250397310,103228915,0.412260479156106,56294063,168892235,64609539,28173639,29063448,6593301,4,0,88406556.25,True,721,396,325,0.5492371705963939,261646,362.8932038834951,False,False,False
20241,8097,3110706,그라운드 고척,골목상권,구로구,고척1동,131062990,90204056,40858934,0.4529611617464297,15206058,72766138,25367302,6001036,9697724,2024732,3,33,43687663.333333336,True,721,396,325,0.5492371705963939,261425,362.5866851595007,False,False,False
20242,8098,3110706,그라운드 고척,골목상권,구로구,고척1동,152205033,107558464,44646569,0.41509117311307087,20235560,73694568,35199314,7740356,13598246,1736989,4,0,38051258.25,True,721,396,325,0.5492371705963939,285807,396.40360610263525,False,False,False
20243,8099,3110706,그라운드 고척,골목상권,구로구,고척1동,175634288,118180360,57453928,0.4861546199385414,12247357,81531657,55905059,12129982,12583850,1236383,4,0,43908572.0,True,721,396,325,0.5492371705963939,278112,385.73092926490983,False,False,False
20244,8100,3110706,그라운드 고척,골목상권,구로구,고척1동,269271816,165227729,104044087,0.6297011260137818,29194332,110055955,67203719,32923880,28737591,1156339,5,0,53854363.2,True,721,396,325,0.5492371705963939,282867,392.3259361997226,False,False,True
20251,8101,3110706,그라운드 고척,골목상권,구로구,고척1동,361045137,219113462,141931675,0.6477542443284475,30084849,157329959,109696958,35709512,24490503,3733356,5,0,72209027.4,True,721,396,325,0.5492371705963939,271343,376.3425797503467,False,False,True
20252,8102,3110706,그라운드 고척,골목상권,구로구,고척1동,317208712,192043572,125165140,0.6517538634409487,26195008,149288723,84083891,26869426,27980189,2791475,5,0,63441742.4,True,721,396,325,0.5492371705963939,296383,411.0721220527046,False,False,True
20253,8103,3110706,그라운드 고척,골목상권,구로구,고척1동,579497602,344654758,234842844,0.6813857593690902,41031133,274556774,137226192,60050502,57577923,9055078,4,25,144874400.5,True,721,396,325,0.5492371705963939,279355,387.4549237170596,False,False,True
20254,8104,3110706,그라운드 고척,골목상권,구로구,고척1동,606028996,387406430,218622566,0.5643235348468532,48617492,265372873,143440079,61270207,71308112,16020233,4,0,151507249.0,True,721,396,325,0.5492371705963939,277815,385.31900138696255,False,False,True
20223,8091,3110713,구로보건소,골목상권,구로구,구로5동,141000000,84453053,56546947,0.6695666407702277,3246865,58308302,47430322,17438166,12067764,2508581,3,0,47000000.0,True,7091,3499,3592,0.4934423917642082,2864600,403.9768720913834,False,False,False
20224,8092,3110713,구로보건소,골목상권,구로구,구로5동,141000000,85306598,55693402,0.6528615992868453,3474734,72408360,44188163,10081013,6095244,4752486,3,0,47000000.0,True,7582,3801,3781,0.5013189132155104,2812716,370.9728303877605,False,False,False
20222,8090,3110714,구로4동주민센터,골목상권,구로구,구로4동,234000000,139467599,94532401,0.6778090515489551,5340337,113932055,70922599,21101500,13967447,8736062,3,0,78000000.0,True,4147,2075,2072,0.500361707258259,1542419,371.93609838437425,False,False,False
20244,8100,3110714,구로4동주민센터,골목상권,구로구,구로4동,205281279,132132993,73148286,0.5535959213457006,2749432,82771591,65799900,37485205,8352046,8123105,3,0,68427093.0,True,3561,1765,1796,0.4956472900870542,1456334,408.96770570064587,False,False,True
20251,8101,3110714,구로4동주민센터,골목상권,구로구,구로4동,216771257,144082697,72688560,0.5044919446503697,3128135,66774477,99562957,27691430,8831297,10782961,3,0,72257085.66666667,True,3561,1765,1796,0.4956472900870542,1480299,415.69755686604884,False,False,True
20252,8102,3110714,구로4동주민센터,골목상권,구로구,구로4동,198665720,130349160,68316560,0.5241043363839092,3154759,62576251,91516499,24856661,6328166,10233384,3,0,66221906.666666664,True,3561,1765,1796,0.4956472900870542,1425078,400.1903959561921,False,False,True
20253,8103,3110714,구로4동주민센터,골목상권,구로구,구로4동,244941718,155110441,89831277,0.579143972648495,10362884,86976482,81009280,43211737,16974786,6406549,2,33,122470859.0,True,3561,1765,1796,0.4956472900870542,1393035,391.1920808761584,False,False,True
20254,8104,3110714,구로4동주민센터,골목상권,구로구,구로4동,259684475,156487846,103196629,0.6594545943203793,12137192,61893444,97426406,66705484,14450994,7070955,2,0,129842237.5,True,3561,1765,1796,0.4956472900870542,1443523,405.3701207525976,False,False,True
20213,8087,3110717,남구로역 2번,골목상권,구로구,가리봉동,17883380,15862659,2020721,0.12738854185795712,0,17883380,0,0,0,0,6,17,2980563.3333333335,True,7311,3740,3571,0.5115579264122555,3192790,436.7104363288196,False,False,False
20214,8088,3110717,남구로역 2번,골목상권,구로구,가리봉동,29401490,27380769,2020721,0.07380073948982221,0,17681308,11720182,0,0,0,5,20,5880298.0,True,7311,3740,3571,0.5115579264122555,3064509,419.16413623307346,False,False,False
20221,8089,3110717,남구로역 2번,골목상권,구로구,가리봉동,7577703,7577703,0,0.0,0,3031081,0,4546622,0,0,5,0,1515540.6,True,7311,3740,3571,0.5115579264122555,3072496,420.2565996443715,False,False,False
20222,8090,3110717,남구로역 2번,골목상권,구로구,가리봉동,38090590,15357480,22733110,1.4802630379463297,404144,32129463,3536262,2020721,0,0,5,0,7618118.0,True,7311,3740,3571,0.5115579264122555,3006486,411.2277390233894,False,False,False
20223,8091,3110717,남구로역 2번,골목상권,구로구,가리봉동,63471445,52853180,10618265,0.20090115675158998,0,44178176,768830,18211851,312588,0,5,0,12694289.0,True,7311,3740,3571,0.5115579264122555,2987451,408.6241280262618,False,False,False
20224,8092,3110717,남구로역 2번,골목상권,구로구,가리봉동,31927390,18792704,13134686,0.6989247529253906,0,7779775,0,15963695,8183920,0,5,0,6385478.0,True,8335,4343,3992,0.5210557888422316,2986653,358.3266946610678,False,False,False
20231,8093,3110717,남구로역 2번,골목상권,구로구,가리봉동,59126895,47252097,11874798,0.25130732293214414,0,17835606,23556401,12683086,5051802,0,5,0,11825379.0,True,8335,4343,3992,0.5210557888422316,2990568,358.796400719856,False,False,False
20232,8094,3110717,남구로역 2번,골목상권,구로구,가리봉동,21722751,13639868,8082883,0.5925924649710687,0,13740903,7577704,404144,0,0,6,0,3620458.5,True,8335,4343,3992,0.5210557888422316,2861506,343.3120575884823,False,False,False
20233,8095,3110717,남구로역 2번,골목상권,구로구,가리봉동,32129463,13336757,18792706,1.4090911306249339,1717613,8689100,0,8183920,13538830,0,6,0,5354910.5,True,8335,4343,3992,0.5210557888422316,2874214,344.8367126574685,False,False,False
20234,8096,3110717,남구로역 2번,골목상권,구로구,가리봉동,12831578,10810858,2020720,0.18691578411260235,0,808288,0,12023290,0,0,6,0,2138596.3333333335,True,6283,3257,3026,0.5183829380869012,2822426,449.21629794684065,False,False,False
20241,8097,3110717,남구로역 2번,골목상권,구로구,가리봉동,64359962,38191625,26168337,0.6851852205817375,0,20207210,0,43647572,505180,0,6,0,10726660.333333334,True,6283,3257,3026,0.5183829380869012,2809399,447.14292535413017,False,False,False
20242,8098,3110717,남구로역 2번,골목상권,구로구,가리봉동,92569826,64321224,28248602,0.43918010639847277,0,8545744,2483581,81540501,0,0,6,0,15428304.333333334,True,6283,3257,3026,0.5183829380869012,2615877,416.34203406016235,False,False,False
20243,8099,3110717,남구로역 2번,골목상권,구로구,가리봉동,111000000,75489518,35510482,0.47040281804422174,0,6994633,7148066,91097817,5759484,0,6,0,18500000.0,True,6283,3257,3026,0.5183829380869012,2618271,416.7230622314181,False,False,False
20244,8100,3110717,남구로역 2번,골목상권,구로구,가리봉동,111000000,86473535,24526465,0.2836297255570736,0,5726153,16900093,53012761,35360993,0,6,0,18500000.0,True,6283,3257,3026,0.5183829380869012,2805158,446.4679293331211,False,False,True
20251,8101,3110717,남구로역 2번,골목상권,구로구,가리봉동,111000000,88372983,22627017,0.25603998226471547,0,497758,22163636,3478168,84860438,0,5,20,22200000.0,True,6283,3257,3026,0.5183829380869012,2940575,468.0208499124622,False,False,True
20252,8102,3110717,남구로역 2번,골목상권,구로구,가리봉동,102391129,87182377,15208752,0.17444754918760702,2424865,2767156,9635232,1212433,86351443,0,5,0,20478225.8,True,6283,3257,3026,0.5183829380869012,3208837,510.7173324844819,False,False,True
20253,8103,3110717,남구로역 2번,골목상권,구로구,가리봉동,76424865,63323772,13101093,0.20689059710467025,15339621,6042563,16701536,2613099,35728046,0,5,0,15284973.0,True,6283,3257,3026,0.5183829380869012,3313024,527.2996975966895,False,False,True
20254,8104,3110717,남구로역 2번,골목상권,구로구,가리봉동,111000000,78815833,32184167,0.40834646764438814,3484213,16752260,1662098,5917043,83184386,0,5,0,22200000.0,True,6283,3257,3026,0.5183829380869012,3641615,579.598121916282,False,False,True
20211,8085,3110729,가산동우체국,골목상권,금천구,가산동,26424615,16112498,10312117,0.6400073408853177,2553667,15364649,4895232,1974710,1587837,48520,3,0,8808205.0,True,2913,1707,1206,0.5859938208032955,591932,203.20357020254033,False,False,False
20212,8086,3110729,가산동우체국,골목상권,금천구,가산동,32856299,20087355,12768944,0.635670749085681,170844,23318974,5674386,1173235,2204059,314801,3,0,10952099.666666666,True,2913,1707,1206,0.5859938208032955,574509,197.22245108135942,False,False,False
20213,8087,3110729,가산동우체국,골목상권,금천구,가산동,40873809,25010685,15863124,0.6342538798917343,1385482,24807918,7634975,5210836,1834598,0,3,0,13624603.0,True,2913,1707,1206,0.5859938208032955,565404,194.09680741503604,False,False,False
20214,8088,3110729,가산동우체국,골목상권,금천구,가산동,32337576,18490030,13847546,0.748919606944932,2810305,16886044,9182670,2092445,1255346,110766,4,0,8084394.0,True,2913,1707,1206,0.5859938208032955,591306,202.98867147270855,False,False,False
20221,8089,3110729,가산동우체국,골목상권,금천구,가산동,30105915,17468926,12636989,0.7233981642603557,785336,17344956,7942390,2744653,1228052,60528,4,0,7526478.75,True,2913,1707,1206,0.5859938208032955,621273,213.27600411946446,False,False,False
20222,8090,3110729,가산동우체국,골목상권,금천구,가산동,38556200,23469046,15087154,0.6428533141057374,642221,20074975,14418186,2387225,950059,83534,4,0,9639050.0,True,2913,1707,1206,0.5859938208032955,607517,208.55372468245795,False,False,False
20223,8091,3110729,가산동우체국,골목상권,금천구,가산동,48048772,27798597,20250175,0.7284603248142343,458571,25149621,18163845,1653212,2309852,313671,4,0,12012193.0,True,2913,1707,1206,0.5859938208032955,609462,209.22142121524203,False,False,False
20224,8092,3110729,가산동우체국,골목상권,금천구,가산동,42459637,24366673,18092964,0.7425291093289593,470906,24033768,13267691,2643853,1848519,194900,3,33,14153212.333333334,True,2732,1576,1156,0.5768667642752562,632528,231.52562225475842,False,False,False
20231,8093,3110729,가산동우체국,골목상권,금천구,가산동,50028031,29298473,20729558,0.7075303207781511,166536,17888728,29044283,1892177,937375,98932,3,0,16676010.333333334,True,2732,1576,1156,0.5768667642752562,656588,240.33235724743778,False,False,False
20232,8094,3110729,가산동우체국,골목상권,금천구,가산동,51604175,27368244,24235931,0.8855493615154849,384956,24074928,25046398,1055604,807441,234848,4,0,12901043.75,True,2732,1576,1156,0.5768667642752562,666565,243.9842606149341,False,False,False
20233,8095,3110729,가산동우체국,골목상권,금천구,가산동,46123989,25376274,20747715,0.8176028915829014,245137,25275799,19164914,742675,634936,60528,3,33,15374663.0,True,2732,1576,1156,0.5768667642752562,648940,237.5329428989751,False,False,False
20234,8096,3110729,가산동우체국,골목상권,금천구,가산동,29293027,17247998,12045029,0.6983435990658162,185215,14423166,14057578,127108,399484,100476,3,0,9764342.333333334,True,3204,1895,1309,0.5914481897627965,673326,210.15168539325842,False,False,False
20241,8097,3110729,가산동우체국,골목상권,금천구,가산동,32286732,19468764,12817968,0.6583863259115987,54529,11530244,18856734,632316,1106985,105924,3,0,10762244.0,True,3204,1895,1309,0.5914481897627965,704749,219.95911360799002,False,False,False
20242,8098,3110729,가산동우체국,골목상권,금천구,가산동,30889835,18412552,12477283,0.6776509307346423,328666,10206437,19569970,566501,187392,30869,3,0,10296611.666666666,True,3204,1895,1309,0.5914481897627965,706665,220.55711610486892,False,False,False
20243,8099,3110729,가산동우체국,골목상권,금천구,가산동,46554341,29031547,17522794,0.6035776874032927,544750,17875671,26052974,898838,1033815,148293,3,0,15518113.666666666,True,3204,1895,1309,0.5914481897627965,697979,217.84612983770288,False,False,False
20211,8085,3110744,독산동성당,골목상권,금천구,독산4동,100240771,69370305,30870466,0.4450098064294225,5022899,63614334,20906120,3964017,6163234,570167,5,20,20048154.2,True,8260,4130,4130,0.5,2034756,246.33849878934626,False,False,False
20212,8086,3110744,독산동성당,골목상권,금천구,독산4동,108657522,71406617,37250905,0.5216730124604558,11267585,73795887,12489370,4724240,6136082,244358,5,0,21731504.4,True,8260,4130,4130,0.5,1854416,224.50556900726392,False,False,False
20213,8087,3110744,독산동성당,골목상권,금천구,독산4동,79986271,54844625,25141646,0.45841586117144567,7283329,45890571,17587310,3072649,4027335,2125077,5,0,15997254.2,True,8260,4130,4130,0.5,1817674,220.05738498789347,False,False,False
20214,8088,3110744,독산동성당,골목상권,금천구,독산4동,61550875,45830560,15720315,0.3430094460988476,1248937,34562975,8742559,4859994,2090612,10045798,5,0,12310175.0,True,8260,4130,4130,0.5,1737412,210.3404358353511,False,False,False
20221,8089,3110744,독산동성당,골목상권,금천구,독산4동,60606027,43856696,16749331,0.38191046128965117,1534020,22369549,24468305,4167649,3567615,4498889,5,0,12121205.4,True,8260,4130,4130,0.5,1678409,203.19721549636805,False,False,False
20222,8090,3110744,독산동성당,골목상권,금천구,독산4동,108719969,71029220,37690749,0.5306372363373834,9333736,42576199,40244799,8340959,7960731,263545,5,0,21743993.8,True,8260,4130,4130,0.5,1614892,195.50750605326877,False,False,False
20223,8091,3110744,독산동성당,골목상권,금천구,독산4동,130150099,87593927,42556172,0.48583473144205536,18163018,58829742,32482846,7244400,9829671,3600422,5,0,26030019.8,True,8260,4130,4130,0.5,1612354,195.2002421307506,False,False,False
20224,8092,3110744,독산동성당,골목상권,금천구,독산4동,117565700,66326701,51238999,0.7725244619056207,23540006,49981707,31738020,7036785,4282209,986973,4,25,29391425.0,True,9027,4576,4451,0.5069236734241719,1604590,177.75451423507255,False,False,False
20231,8093,3110744,독산동성당,골목상권,금천구,독산4동,89831153,55607565,34223588,0.6154484196529735,11247753,42807731,20063845,7002661,5693212,3015951,4,0,22457788.25,True,9027,4576,4451,0.5069236734241719,1697840,188.08463498393706,False,False,False
20232,8094,3110744,독산동성당,골목상권,금천구,독산4동,54657285,31728431,22928854,0.7226595604428092,10276579,23105336,11764443,936703,8207688,366536,4,0,13664321.25,True,9027,4576,4451,0.5069236734241719,1763848,195.39692035006092,False,False,False
20233,8095,3110744,독산동성당,골목상권,금천구,독산4동,63399845,41282800,22117045,0.5357447895976049,11792696,34147847,10795009,2543420,3400241,720632,4,0,15849961.25,True,9027,4576,4451,0.5069236734241719,1770355,196.1177578375983,False,False,False
20234,8096,3110744,독산동성당,골목상권,금천구,독산4동,64119341,39341517,24777824,0.6298136393672872,2436426,44010711,13783960,1037925,2223915,626404,4,0,16029835.25,True,7539,3815,3724,0.5060352831940576,1668442,221.30813105186365,False,False,False
20241,8097,3110744,독산동성당,골목상권,금천구,독산4동,47603506,31155549,16447957,0.5279302573034421,1126758,26982469,16521265,325810,1927708,719496,4,0,11900876.5,True,7539,3815,3724,0.5060352831940576,1694138,224.7165406552593,False,False,False
20242,8098,3110744,독산동성당,골목상권,금천구,독산4동,34489667,25250249,9239418,0.3659139361358377,1058881,16955678,11044948,1289663,3570330,570167,4,0,8622416.75,True,7539,3815,3724,0.5060352831940576,1621606,215.09563602599815,False,False,False
20243,8099,3110744,독산동성당,골목상권,금천구,독산4동,57347930,35513254,21834676,0.6148317470429491,4086196,34677008,12923783,2294243,2416422,950278,4,0,14336982.5,True,7539,3815,3724,0.5060352831940576,1622838,215.2590529247911,False,False,False
20244,8100,3110744,독산동성당,골목상권,금천구,독산4동,56595853,37261764,19334089,0.5188720802375325,7480047,22013873,12869481,1832679,12264019,135754,4,0,14148963.25,True,7539,3815,3724,0.5060352831940576,1693319,224.6079055577663,False,False,True
20251,8101,3110744,독산동성당,골목상권,금천구,독산4동,55721597,34701442,21020155,0.6057429832454801,2036310,13607983,26222249,380111,13230587,244357,3,33,18573865.666666668,True,7539,3815,3724,0.5060352831940576,1776043,235.58071362249635,False,False,True
20252,8102,3110744,독산동성당,골목상권,금천구,독산4동,44630493,28692970,15937523,0.5554504465728016,991004,11172556,28530067,2049885,1778378,108603,3,0,14876831.0,True,7539,3815,3724,0.5060352831940576,1725666,228.8985276561878,False,False,True
20253,8103,3110744,독산동성당,골목상권,금천구,독산4동,38073574,26922740,11150834,0.4141790174402754,1004580,10928199,22293526,1086033,2584756,176480,3,0,12691191.333333334,True,7539,3815,3724,0.5060352831940576,1742118,231.0807799442897,False,False,True
20211,8085,3110745,독산동정훈단지,골목상권,금천구,독산2동,291243610,185177890,106065720,0.5727774519949439,1597828,199183308,74505597,4979950,10784448,192479,3,0,97081203.33333333,True,2946,1485,1461,0.5040733197556008,779600,264.63000678886624,False,False,False
20212,8086,3110745,독산동정훈단지,골목상권,금천구,독산2동,431483243,263489254,167993989,0.6375743467701344,2541692,344099439,65246436,4844927,13966706,784043,3,0,143827747.66666666,True,2946,1485,1461,0.5040733197556008,733330,248.92396469789546,False,False,False
20213,8087,3110745,독산동정훈단지,골목상권,금천구,독산2동,403550346,264296395,139253951,0.5268855483253942,2201263,322075222,50762165,11263703,17247993,0,3,0,134516782.0,True,2946,1485,1461,0.5040733197556008,516413,175.2929395790903,False,False,False
20214,8088,3110745,독산동정훈단지,골목상권,금천구,독산2동,357016320,237644398,119371922,0.5023132167415956,2193085,282466782,49792489,13018110,9514648,31206,3,0,119005440.0,True,2946,1485,1461,0.5040733197556008,489332,166.10047522063815,False,False,False
20221,8089,3110745,독산동정훈단지,골목상권,금천구,독산2동,355012415,217561926,137450489,0.6317763936324042,2362942,216881207,92038243,18772252,24957771,0,3,0,118337471.66666667,True,2946,1485,1461,0.5040733197556008,504244,171.1622539035981,False,False,False
20222,8090,3110745,독산동정훈단지,골목상권,금천구,독산2동,429233669,258811090,170422579,0.6584825209769798,6855590,275964422,106331944,13878268,26039642,163803,3,0,143077889.66666666,True,2946,1485,1461,0.5040733197556008,417513,141.72199592668025,False,False,False
20211,8085,3110752,한울중학교,골목상권,금천구,시흥4동,352519944,208299950,144219994,0.6923669160746317,11575739,222523581,82358672,20209761,15459302,392889,3,0,117506648.0,True,6433,3165,3268,0.49199440385512205,1122808,174.53878439297372,False,False,False
20212,8086,3110752,한울중학교,골목상권,금천구,시흥4동,440384687,264570427,175814260,0.664527256479803,10145652,282540623,87447771,42277649,16023265,1949727,3,0,146794895.66666666,True,6433,3165,3268,0.49199440385512205,1077134,167.43883102751437,False,False,False
20213,8087,3110752,한울중학교,골목상권,금천구,시흥4동,325095615,190480260,134615355,0.7067155147730269,10713569,202858763,67574094,27435187,16400226,113776,3,0,108365205.0,True,6433,3165,3268,0.49199440385512205,910323,141.50831649308253,False,False,False
20221,8089,3110752,한울중학교,골목상권,금천구,시흥4동,243032848,141110873,101921975,0.7222829313797811,5067165,117340179,89849354,4949029,25503877,323244,3,0,81010949.33333333,True,6433,3165,3268,0.49199440385512205,819578,127.4021451888699,False,False,False
20211,8085,3110753,시흥동 은행나무사거리,골목상권,금천구,시흥5동,129218827,86678946,42539881,0.4907752454673364,5851034,65736319,32425769,17168666,7302986,734053,3,0,43072942.333333336,True,7026,3515,3511,0.500284656988329,1152222,163.9940222032451,False,False,False
20212,8086,3110753,시흥동 은행나무사거리,골목상권,금천구,시흥5동,195336466,126082909,69253557,0.5492699807552822,7493622,110378882,46471318,11224143,18579296,1189205,3,0,65112155.333333336,True,7026,3515,3511,0.500284656988329,1094813,155.8230856817535,False,False,False
20213,8087,3110753,시흥동 은행나무사거리,골목상권,금천구,시흥5동,166825405,109442179,57383226,0.5243245933544507,16056987,79560001,38008412,12782600,19874389,543016,3,0,55608468.333333336,True,7026,3515,3511,0.500284656988329,1102313,156.89054938798748,False,False,False
20214,8088,3110753,시흥동 은행나무사거리,골목상권,금천구,시흥5동,144754517,104544175,40210342,0.3846253700887687,8951621,63446001,32711290,17183744,21522443,939418,3,0,48251505.666666664,True,7026,3515,3511,0.500284656988329,1062992,151.29405066894392,False,False,False
20221,8089,3110753,시흥동 은행나무사거리,골목상권,금천구,시흥5동,155161420,103333249,51828171,0.5015633545017054,16825354,45165363,20979427,41559738,30061371,570167,3,0,51720473.333333336,True,7026,3515,3511,0.500284656988329,1063024,151.2986051807572,False,False,False
20222,8090,3110753,시흥동 은행나무사거리,골목상권,금천구,시흥5동,194046803,129213395,64833408,0.5017545433273385,34677008,67844430,22556889,32385481,36474392,108603,3,0,64682267.666666664,True,7026,3515,3511,0.500284656988329,1004669,142.99302590378593,False,False,False
20223,8091,3110753,시흥동 은행나무사거리,골목상권,금천구,시흥5동,269384856,179518408,89866448,0.5005973983459122,23759669,131103093,47150087,28950903,36941385,1479719,3,0,89794952.0,True,7026,3515,3511,0.500284656988329,956666,136.16083119840593,False,False,False
20224,8092,3110753,시흥동 은행나무사거리,골목상권,금천구,시흥5동,218349488,143410553,74938935,0.522548260447751,35526829,69305144,43441288,26146225,43631343,298659,3,0,72783162.66666667,True,7155,3629,3526,0.5071977638015374,908217,126.93459119496855,False,False,False
20231,8093,3110753,시흥동 은행나무사거리,골목상권,금천구,시흥5동,100520425,71469064,29051361,0.40648861722884744,5014753,36916951,19399250,15321199,23868272,0,4,50,25130106.25,True,7155,3629,3526,0.5071977638015374,933414,130.45618448637316,False,False,False
20232,8094,3110753,시흥동 은행나무사거리,골목상권,금천구,시흥5동,210098359,135515097,74583262,0.5503686574492878,10241283,76114568,35331343,28736412,56511685,3163068,4,0,52524589.75,True,7155,3629,3526,0.5071977638015374,974238,136.16184486373166,False,False,False
20233,8095,3110753,시흥동 은행나무사거리,골목상권,금천구,시흥5동,187286252,120139596,67146656,0.5589052921403198,16844359,91582380,23200363,29738277,25046617,874256,4,0,46821563.0,True,7155,3629,3526,0.5071977638015374,997398,139.39874213836478,False,False,False
20234,8096,3110753,시흥동 은행나무사거리,골목상권,금천구,시흥5동,139424814,92337173,47087641,0.5099532449406914,4621066,79646888,8373308,33520384,12839616,423552,4,0,34856203.5,True,6703,3357,3346,0.5008205281217365,1018636,151.96717887513054,False,False,False
20241,8097,3110753,시흥동 은행나무사거리,골목상권,금천구,시흥5동,82508581,48993629,33514952,0.6840675549876087,136184,20459784,21852511,30964108,8780504,315490,4,0,20627145.25,True,6703,3357,3346,0.5008205281217365,1044664,155.85021632105028,False,False,False
20242,8098,3110753,시흥동 은행나무사거리,골목상권,금천구,시흥5동,89326148,62778091,26548057,0.4228872935941936,108604,32211714,22510732,22779525,11463071,252502,4,0,22331537.0,True,6703,3357,3346,0.5008205281217365,960812,143.34059376398628,False,False,False
20243,8099,3110753,시흥동 은행나무사거리,골목상권,금천구,시흥5동,107093635,67686957,39406678,0.5821901256397152,1911417,31418912,23900852,35391074,13138275,1333105,3,33,35697878.333333336,True,6703,3357,3346,0.5008205281217365,976684,145.7084887363867,False,False,False
20244,8100,3110753,시흥동 은행나무사거리,골목상권,금천구,시흥5동,81949275,48838867,33110408,0.6779520090013554,374681,27069352,18934972,21253650,13779034,537586,3,0,27316425.0,True,6703,3357,3346,0.5008205281217365,944899,140.96658212740564,False,False,True
20251,8101,3110753,시흥동 은행나무사거리,골목상권,금천구,시흥5동,80358237,51448061,28910176,0.5619293601754981,1441708,16010829,18818223,8161532,34215444,1710501,3,0,26786079.0,True,6703,3357,3346,0.5008205281217365,999710,149.1436670147695,False,False,True
20252,8102,3110753,시흥동 은행나무사거리,골목상권,금천구,시흥5동,4118777,2603762,1515015,0.5818561757948691,285083,667910,814524,952993,1181061,217206,3,0,1372925.6666666667,True,6703,3357,3346,0.5008205281217365,881922,131.57123675965985,False,False,True
20243,8099,3110754,삼성산자연공원(서울금천초등학교),골목상권,금천구,시흥5동,115711300,77534553,38176747,0.49238366022436475,2047171,43989735,50788295,8699117,1914132,8272850,3,0,38570433.333333336,True,4847,2383,2464,0.491644316071797,1250265,257.94615225912935,False,False,False
20244,8100,3110754,삼성산자연공원(서울금천초등학교),골목상권,금천구,시흥5동,119192034,72006650,47185384,0.6552920320553727,5750541,52102395,33145703,13768173,3488878,10936344,3,0,39730678.0,True,4847,2383,2464,0.491644316071797,1258635,259.6729936042913,False,False,True
20251,8101,3110754,삼성산자연공원(서울금천초등학교),골목상권,금천구,시흥5동,78647737,51467065,27180672,0.5281177778449189,1592975,34797784,17177887,14160351,3628803,7289937,3,0,26215912.333333332,True,4847,2383,2464,0.491644316071797,1190815,245.68083350526098,False,False,True
20223,8091,3110766,대림역 5번,골목상권,영등포구,대림3동,48000000,32665560,15334440,0.46943753604713956,246326,21553710,4842865,5705592,15651507,0,3,0,16000000.0,True,2307,1143,1164,0.49544863459037713,1201201,520.6766363242306,False,False,False
20224,8092,3110766,대림역 5번,골목상권,영등포구,대림3동,48000000,33258437,14741563,0.44324280783249076,0,29068948,3888029,646537,14396486,0,3,0,16000000.0,True,2819,1434,1385,0.5086910251862362,1259518,446.79602695991485,False,False,False
20231,8093,3110766,대림역 5번,골목상권,영등포구,대림3동,42469312,28054914,14414398,0.5137922718280299,0,33582513,7684366,830769,371664,0,3,0,14156437.333333334,True,2819,1434,1385,0.5086910251862362,1290557,457.80666903157146,False,False,False
20241,8097,3110778,구로디지털단지역 4번,골목상권,영등포구,대림2동,7106467,4971340,2135127,0.4294872207493352,0,605484,414278,6086705,0,0,3,0,2368822.3333333335,True,4010,1975,2035,0.4925187032418953,1255292,313.04039900249376,False,False,False
20242,8098,3110778,구로디지털단지역 4번,골목상권,영등포구,대림2동,16475531,10452561,6022970,0.5762195504049199,95603,95603,4429592,11854733,0,0,3,0,5491843.666666667,True,4010,1975,2035,0.4925187032418953,1182732,294.94563591022444,False,False,False
20243,8099,3110778,구로디지털단지역 4번,골목상권,영등포구,대림2동,8158096,4206518,3951578,0.9393940546551803,0,0,4971341,3186755,0,0,3,0,2719365.3333333335,True,4010,1975,2035,0.4925187032418953,1183105,295.03865336658356,False,False,False
20211,8085,3110792,영등포역 2번,골목상권,영등포구,도림동,347559103,203598927,143960176,0.7070772823866601,28458604,225796881,62062644,9267982,20557094,1415898,3,0,115853034.33333333,True,3798,1928,1870,0.507635597682991,2322035,611.3836229594524,False,False,False
20212,8086,3110792,영등포역 2번,골목상권,영등포구,도림동,462000000,278654224,183345776,0.6579687663374519,29501434,331021381,55752887,18037562,26801937,884799,3,0,154000000.0,True,3798,1928,1870,0.507635597682991,2258049,594.5363349131121,False,False,False
20213,8087,3110792,영등포역 2번,골목상권,영등포구,도림동,278302913,172223707,106079206,0.6159384665898522,16709524,208420887,37616992,12342829,1894193,1318488,3,0,92767637.66666667,True,3798,1928,1870,0.507635597682991,2313233,609.0660874144287,False,False,False
20214,8088,3110792,영등포역 2번,골목상권,영등포구,도림동,446605309,268178139,178427170,0.6653307785091312,46046705,270070228,74679686,46852177,8791503,165010,3,0,148868436.33333334,True,3798,1928,1870,0.507635597682991,2291397,603.3167456556082,False,False,False
20221,8089,3110792,영등포역 2번,골목상권,영등포구,도림동,440487206,262439552,178047654,0.678433005403088,12314080,262555151,126480224,24904982,14000940,231829,3,0,146829068.66666666,True,3798,1928,1870,0.507635597682991,2299743,605.5142180094787,False,False,False
20222,8090,3110792,영등포역 2번,골목상권,영등포구,도림동,456530942,276356294,180174648,0.6519650607270048,22570249,286557524,103758698,32159197,10018896,1466378,3,0,152176980.66666666,True,3798,1928,1870,0.507635597682991,2140773,563.6579778830964,False,False,False
20223,8091,3110792,영등포역 2번,골목상권,영등포구,도림동,462000000,278897348,183102652,0.6565234603808423,20678074,306232082,92346298,26763507,14177112,1802927,3,0,154000000.0,True,3798,1928,1870,0.507635597682991,2114712,556.7962085308056,False,False,False
20224,8092,3110792,영등포역 2번,골목상권,영등포구,도림동,462000000,261184428,200815572,0.7688650259042242,22509661,224414207,155733786,35409560,21927259,2005527,3,0,154000000.0,True,4329,2212,2117,0.510972510972511,2017012,465.9302379302379,False,False,False
20211,8085,3110815,공군호텔,골목상권,영등포구,신길1동,336568101,211443754,125124347,0.5917618498203546,18933013,196428111,72164919,18692869,15680606,14668583,6,0,56094683.5,True,4944,2547,2397,0.5151699029126213,1670138,337.8110841423948,False,False,False
20212,8086,3110815,공군호텔,골목상권,영등포구,신길1동,382985602,240708954,142276648,0.5910733507653396,30313520,226697669,90530710,11620667,10888028,12935008,6,0,63830933.666666664,True,4944,2547,2397,0.5151699029126213,1575869,318.7437297734628,False,False,False
20213,8087,3110815,공군호텔,골목상권,영등포구,신길1동,333320553,210733740,122586813,0.5817142190899284,31067306,172275857,97577772,9572751,11437532,11389335,6,0,55553425.5,True,4944,2547,2397,0.5151699029126213,1512704,305.9676375404531,False,False,False
20214,8088,3110815,공군호텔,골목상권,영등포구,신길1동,402844013,267415333,135428680,0.5064357323145715,41969973,203871920,103880527,23846979,22132497,7142117,6,0,67140668.83333333,True,4944,2547,2397,0.5151699029126213,1492977,301.9775485436893,False,False,False
20221,8089,3110815,공군호텔,골목상권,영등포구,신길1동,308748306,191624442,117123864,0.6112156819744321,24488147,176969429,70255001,13797463,10745144,12493122,5,20,61749661.2,True,4944,2547,2397,0.5151699029126213,1578356,319.24676375404533,False,False,False
20222,8090,3110815,공군호텔,골목상권,영등포구,신길1동,352968287,223338364,129629923,0.5804194168808364,12415440,220298347,73984039,24240655,10728944,11300862,4,25,88242071.75,True,4944,2547,2397,0.5151699029126213,1545950,312.69215210355986,False,False,False
20223,8091,3110815,공군호텔,골목상권,영등포구,신길1동,407621731,254168068,153453663,0.6037487879870103,27704625,237226261,87122907,27447552,18004958,10115428,3,33,135873910.33333334,True,4944,2547,2397,0.5151699029126213,1458651,295.03458737864077,False,False,False
20224,8092,3110815,공군호텔,골목상권,영등포구,신길1동,337293226,219175250,118117976,0.5389202293598387,35452153,175750381,70157603,20852254,23632281,11448554,3,0,112431075.33333333,True,4845,2490,2355,0.5139318885448917,1137636,234.8061919504644,False,False,False
20231,8093,3110815,공군호텔,골목상권,영등포구,신길1동,374434802,238850997,135583805,0.567650153036623,12678165,196383544,109989394,24043591,19364695,11975413,3,0,124811600.66666667,True,4845,2490,2355,0.5139318885448917,1137934,234.86769865841075,False,False,False
20232,8094,3110815,공군호텔,골목상권,영등포구,신길1동,306938911,195612097,111326814,0.5691202932096782,12447337,152570292,94675218,19739009,13522498,13984557,3,0,102312970.33333333,True,4845,2490,2355,0.5139318885448917,1161360,239.70278637770897,False,False,False
20233,8095,3110815,공군호텔,골목상권,영등포구,신길1동,381992501,253023233,128969268,0.5097131455908636,23770465,186130354,102069366,33959349,16654153,19408814,3,0,127330833.66666667,True,4845,2490,2355,0.5139318885448917,1172883,242.0811145510836,False,False,False
20234,8096,3110815,공군호텔,골목상권,영등포구,신길1동,327978426,213124045,114854381,0.5389086013265185,21496343,157210743,87124396,31074324,16435508,14637112,3,0,109326142.0,True,4763,2432,2331,0.5106025614108755,1194706,250.8305689691371,False,False,False
20241,8097,3110815,공군호텔,골목상권,영등포구,신길1동,271315347,173986683,97328664,0.5594029515465847,6604294,136724212,70344387,23609581,19098575,14934298,3,0,90438449.0,True,4763,2432,2331,0.5106025614108755,1214821,255.05374763804326,False,False,False
20242,8098,3110815,공군호텔,골목상권,영등포구,신길1동,232314235,144102571,88211664,0.6121449699880789,10096979,105343817,69729936,24392330,12328055,10423118,4,0,58078558.75,True,4763,2432,2331,0.5106025614108755,1215551,255.20701238715097,False,False,False
20243,8099,3110815,공군호텔,골목상권,영등포구,신길1동,247214741,160148696,87066045,0.5436575331215935,10600225,112612428,71969429,25034707,13417049,13580903,5,0,49442948.2,True,4763,2432,2331,0.5106025614108755,1228224,257.8677304220029,False,False,False
20244,8100,3110815,공군호텔,골목상권,영등포구,신길1동,226310791,143351956,82958835,0.578707380874524,9926354,101804100,60265129,23649016,16967898,13698294,5,0,45262158.2,True,4763,2432,2331,0.5106025614108755,1259981,264.5351669116103,False,False,True
20251,8101,3110815,공군호텔,골목상권,영등포구,신길1동,204413756,128835261,75578495,0.5866289586668357,5425797,86101530,55076136,31348550,11820261,14641482,5,0,40882751.2,True,4763,2432,2331,0.5106025614108755,1261236,264.7986563090489,False,False,True
20252,8102,3110815,공군호텔,골목상권,영등포구,신길1동,223997374,143428868,80568506,0.5617314500453284,5025788,87166809,62936396,35617128,15219505,18031748,5,0,44799474.8,True,4763,2432,2331,0.5106025614108755,1238883,260.1056057106865,False,False,True
20253,8103,3110815,공군호텔,골목상권,영등포구,신길1동,530408683,344513012,185895671,0.5395896948008454,14638258,224908305,162682930,50875554,40952274,36351362,5,0,106081736.6,True,4763,2432,2331,0.5106025614108755,1207296,253.47386101196724,False,False,True
20254,8104,3110815,공군호텔,골목상권,영등포구,신길1동,388558670,249476279,139082391,0.557497456501666,15606646,177156604,90005004,42995282,28305661,34489473,5,0,77711734.0,True,4763,2432,2331,0.5106025614108755,1167254,245.06697459584296,False,False,True
20211,8085,3110819,신대방역 4번,골목상권,동작구,신대방1동,77926577,45270846,32655731,0.7213413020821391,7203550,43989882,15100329,8944842,2359170,328804,3,0,25975525.666666668,True,5265,2541,2724,0.4826210826210826,954808,181.35004748338082,False,False,False
20212,8086,3110819,신대방역 4번,골목상권,동작구,신대방1동,68439208,43324053,25115155,0.5797046504397915,5764643,39867220,20087828,1795512,264499,659506,3,0,22813069.333333332,True,5265,2541,2724,0.4826210826210826,948263,180.10693257359924,False,False,False
20213,8087,3110819,신대방역 4번,골목상권,동작구,신대방1동,53201876,30659615,22542261,0.7352427941446753,8321485,23717735,16771751,2789355,1526199,75351,4,0,13300469.0,True,5265,2541,2724,0.4826210826210826,1013999,192.59240265906934,False,False,False
20214,8088,3110819,신대방역 4번,골목상권,동작구,신대방1동,56711861,34647735,22064126,0.6368129402975403,9931253,33291418,9665471,2553712,838451,431556,4,0,14177965.25,True,5265,2541,2724,0.4826210826210826,1028910,195.42450142450141,False,False,False
20221,8089,3110819,신대방역 4번,골목상권,동작구,신대방1동,33980537,17345788,16634749,0.9590079735783695,3773028,13550839,11676657,1930354,2624953,424706,4,0,8495134.25,True,5265,2541,2724,0.4826210826210826,901507,171.2264007597341,False,False,False
20222,8090,3110819,신대방역 4번,골목상권,동작구,신대방1동,44380336,26050878,18329458,0.7036023123673605,2123737,21892671,15057078,3696729,1193379,416742,4,0,11095084.0,True,5265,2541,2724,0.4826210826210826,836282,158.83798670465336,False,False,False
20223,8091,3110819,신대방역 4번,골목상권,동작구,신대방1동,38911228,19282992,19628236,1.0179040679994058,3462034,23617726,5907514,4405975,1024773,493206,4,0,9727807.0,True,5265,2541,2724,0.4826210826210826,854092,162.2207027540361,False,False,False
20224,8092,3110819,신대방역 4번,골목상권,동작구,신대방1동,34598413,19833738,14764675,0.7444222062427164,5256757,19754277,5718451,2403010,917911,548007,4,0,8649603.25,True,5348,2634,2714,0.4925205684367988,936137,175.04431563201197,False,False,False
20231,8093,3110819,신대방역 4번,골목상권,동작구,신대방1동,48504088,27109898,21394190,0.7891652709279836,4241573,31519986,9701091,1808423,1233015,0,4,0,12126022.0,True,5348,2634,2714,0.4925205684367988,921557,172.31806282722513,False,False,False
20232,8094,3110819,신대방역 4번,골목상권,동작구,신대방1동,55576117,26886586,28689531,1.0670574166612303,2822235,34676505,13090514,1630321,3356542,0,4,0,13894029.25,True,5348,2634,2714,0.4925205684367988,960760,179.64846671652955,False,False,False
20233,8095,3110819,신대방역 4번,골목상권,동작구,신대방1동,76352427,38375550,37976877,0.9896112759295957,5747222,54212949,10939588,1280966,3897699,274003,4,0,19088106.75,True,5348,2634,2714,0.4925205684367988,987769,184.69876589379209,False,False,False
20234,8096,3110819,신대방역 4번,골목상권,동작구,신대방1동,50231680,25105566,25126114,1.0008184639215065,8292933,30286681,7162634,1061868,3008944,418620,4,0,12557920.0,True,4967,2419,2548,0.4870142943426616,973981,196.09039661767667,False,False,False
20241,8097,3110819,신대방역 4번,골목상권,동작구,신대방1동,63524957,37169936,26355021,0.7090413338349574,1871443,41390959,11679397,3555195,4890961,137002,4,0,15881239.25,True,4967,2419,2548,0.4870142943426616,984221,198.15200322126032,False,False,False
20211,8085,3110828,노량진역 6번,골목상권,동작구,노량진2동,34958649,21701715,13256934,0.610870339049241,3501102,23166311,5248379,1707404,1231307,104146,4,25,8739662.25,True,7081,3628,3453,0.5123570117215083,1696239,239.54794520547946,False,False,False
20212,8086,3110828,노량진역 6번,골목상권,동작구,노량진2동,42299479,26979255,15320224,0.5678520033262594,1926432,31383935,5053187,1931895,666709,1337321,4,0,10574869.75,True,7081,3628,3453,0.5123570117215083,1984433,280.2475639034035,False,False,False
20213,8087,3110828,노량진역 6번,골목상권,동작구,노량진2동,29538876,19924087,9614789,0.48257112107571104,2310263,20477551,4506858,1069434,693317,481453,4,0,7384719.0,True,7081,3628,3453,0.5123570117215083,1834210,259.0326225109448,False,False,False
20214,8088,3110828,노량진역 6번,골목상권,동작구,노량진2동,27754105,19354554,8399551,0.43398318555932625,2659600,18300000,3542165,2664360,552273,35707,4,0,6938526.25,True,7081,3628,3453,0.5123570117215083,1805080,254.9187967801158,False,False,False
20221,8089,3110828,노량진역 6번,골목상권,동작구,노량진2동,23303188,16461070,6842118,0.41565451091575456,1473182,12828274,7409945,447711,906612,237464,4,0,5825797.0,True,7081,3628,3453,0.5123570117215083,1789981,252.78647083745233,False,False,False
20222,8090,3110828,노량진역 6번,골목상권,동작구,노량진2동,45811889,32059216,13752673,0.4289772089248845,2235873,29508526,11094262,1584809,1190244,198175,4,0,11452972.25,True,7081,3628,3453,0.5123570117215083,1880340,265.54723909052393,False,False,False
20223,8091,3110828,노량진역 6번,골목상권,동작구,노량진2동,58420735,39685704,18735031,0.47208513675352715,3549902,38597820,11563219,700458,3943873,65463,4,0,14605183.75,True,7081,3628,3453,0.5123570117215083,1828882,258.28018641434824,False,False,False
20224,8092,3110828,노량진역 6번,골목상권,동작구,노량진2동,55711146,36164962,19546184,0.5404729583291142,5361781,34805730,9112423,1180493,5143597,107122,4,0,13927786.5,True,7794,3977,3817,0.5102643058763151,1733473,222.41121375416986,False,False,False
20211,8085,3110839,숭실대입구역 4번,골목상권,동작구,상도1동,38814716,27013403,11801313,0.4368688017574091,349713,24844154,12257841,262284,1076438,24286,5,0,7762943.2,True,1914,981,933,0.512539184952978,878987,459.24085684430514,False,False,False
20212,8086,3110839,숭실대입구역 4번,골목상권,동작구,상도1동,37740106,26902294,10837812,0.4028582841299705,2867549,25636739,7717363,374140,1134601,9714,5,0,7548021.2,True,1914,981,933,0.512539184952978,799315,417.61494252873564,False,False,False
20213,8087,3110839,숭실대입구역 4번,골목상권,동작구,상도1동,35644065,26603135,9040930,0.33984453336044795,1414486,22385168,10869405,248171,702403,24432,5,0,7128813.0,True,1914,981,933,0.512539184952978,671685,350.93260188087777,False,False,False
20214,8088,3110839,숭실대입구역 4번,골목상권,동작구,상도1동,27032084,20514501,6517583,0.3177061435713206,1971739,15444629,8528140,223009,798996,65571,5,0,5406416.8,True,1914,981,933,0.512539184952978,681406,356.01149425287355,False,False,False
20221,8089,3110839,숭실대입구역 4번,골목상권,동작구,상도1동,23406407,14412807,8993600,0.6240005850352398,312255,10763894,10391379,494589,1225596,218694,5,0,4681281.4,True,1914,981,933,0.512539184952978,706545,369.1457680250784,False,False,False
20222,8090,3110839,숭실대입구역 4번,골목상권,동작구,상도1동,30772749,21343086,9429663,0.4418134753334171,684017,16004419,12448301,512426,951158,172428,5,0,6154549.8,True,1914,981,933,0.512539184952978,781231,408.1666666666667,False,False,False
20223,8091,3110839,숭실대입구역 4번,골목상권,동작구,상도1동,30425872,19853432,10572440,0.5325245529337195,432284,16095281,12074424,711602,968996,143285,5,0,6085174.4,True,1914,981,933,0.512539184952978,718762,375.5287356321839,False,False,False
20224,8092,3110839,숭실대입구역 4번,골목상권,동작구,상도1동,34848183,25629581,9218602,0.3596860206181287,665425,17328666,14106237,1384947,1098195,264713,5,0,6969636.6,True,1966,1019,947,0.5183112919633774,846028,430.32960325534077,False,False,False
20231,8093,3110839,숭실대입구역 4번,골목상권,동작구,상도1동,35870210,27580250,8289960,0.3005759556204168,530965,15428548,18266398,733841,820602,89856,5,0,7174042.0,True,1966,1019,947,0.5183112919633774,807125,410.5417090539166,False,False,False
20232,8094,3110839,숭실대입구역 4번,골목상권,동작구,상도1동,30663035,24065968,6597067,0.27412431529868236,440321,16736473,12063576,405484,1017181,0,5,0,6132607.0,True,1966,1019,947,0.5183112919633774,906157,460.91403865717194,False,False,False
20233,8095,3110839,숭실대입구역 4번,골목상권,동작구,상도1동,31083829,22753579,8330250,0.36610723965667114,1103604,17799821,11111353,479883,569740,19428,4,17,7770957.25,True,1966,1019,947,0.5183112919633774,808513,411.24771108850456,False,False,False
20234,8096,3110839,숭실대입구역 4번,골목상권,동작구,상도1동,28523111,21214734,7308377,0.34449533988972003,171037,16583760,10895123,367717,422903,82571,4,0,7130777.75,True,2065,1103,962,0.5341404358353511,876485,424.4479418886199,False,False,False
20241,8097,3110839,숭실대입구역 4번,골목상권,동작구,상도1동,21495974,13934293,7561681,0.5426670014761423,521049,10383389,10019907,0,489896,81733,4,20,5373993.5,True,2065,1103,962,0.5341404358353511,795647,385.301210653753,False,False,False
20242,8098,3110839,숭실대입구역 4번,골목상권,동작구,상도1동,11224005,6411968,4812037,0.7504773885334425,0,1507977,8398080,398450,858198,61300,4,0,2806001.25,True,2065,1103,962,0.5341404358353511,915898,443.53414043583535,False,False,False
20243,8099,3110839,숭실대입구역 4번,골목상권,동작구,상도1동,8577895,6395619,2182276,0.34121419678064,0,306500,8173316,77646,20433,0,4,0,2144473.75,True,2065,1103,962,0.5341404358353511,821773,397.9530266343826,False,False,False
20244,8100,3110839,숭실대입구역 4번,골목상권,동작구,상도1동,6170852,5149188,1021664,0.19841264292544766,0,0,6170852,0,0,0,4,0,1542713.0,True,2065,1103,962,0.5341404358353511,939438,454.93365617433415,False,False,True
20211,8085,3110840,중앙대학교,골목상권,동작구,흑석동,31730174,20659696,11070478,0.5358490270137566,623689,24651306,3913647,608097,1871067,62368,3,0,10576724.666666666,True,2244,1118,1126,0.4982174688057041,858417,382.53877005347596,False,False,False
20212,8086,3110840,중앙대학교,골목상권,동작구,흑석동,35035726,24526567,10509159,0.42848063489684474,1839882,25758351,2853377,327437,3835688,420991,3,0,11678575.333333334,True,2244,1118,1126,0.4982174688057041,865385,385.6439393939394,False,False,False
20213,8087,3110840,중앙대학교,골목상권,동작구,흑석동,30716681,21065093,9651588,0.4581792256981728,467766,18601523,6112152,249476,5192211,93553,3,0,10238893.666666666,True,2244,1118,1126,0.4982174688057041,733348,326.80392156862746,False,False,False
20214,8088,3110840,중앙대학교,골목상권,동작구,흑석동,31698991,19396727,12302264,0.6342443237975149,2822192,19942456,3976016,654873,4256677,46777,3,0,10566330.333333334,True,2244,1118,1126,0.4982174688057041,775159,345.4362745098039,False,False,False
20221,8089,3110840,중앙대학교,골목상권,동작구,흑석동,25197032,19583833,5613199,0.28662412511381197,2058173,16699272,3570619,436581,1637183,795204,3,0,8399010.666666666,True,2244,1118,1126,0.4982174688057041,784643,349.6626559714795,False,False,False
20222,8090,3110840,중앙대학교,골목상권,동작구,흑석동,38735761,29542587,9193174,0.31118378360026494,4103873,27222464,2929779,1064948,3243183,171514,3,0,12911920.333333334,True,2244,1118,1126,0.4982174688057041,963766,429.48573975044565,False,False,False
20223,8091,3110840,중앙대학교,골목상권,동작구,흑석동,133106132,94239398,38866734,0.41242553353322564,11511738,85270752,23187194,2965641,9656264,514543,2,33,66553066.0,True,2244,1118,1126,0.4982174688057041,974151,434.1136363636364,False,False,False
20224,8092,3110840,중앙대학교,골목상권,동작구,흑석동,167173580,127998120,39175460,0.3060627765470305,19822393,104846786,18111927,5318506,17511627,1562341,2,0,83586790.0,True,2040,1035,1005,0.5073529411764706,1216624,596.3843137254902,False,False,False
20231,8093,3110840,중앙대학교,골목상권,동작구,흑석동,138279632,99701354,38578278,0.3869383559224281,12499380,83244102,21211631,6584681,14490321,249517,2,0,69139816.0,True,2040,1035,1005,0.5073529411764706,1291724,633.1980392156863,False,False,False
20232,8094,3110840,중앙대학교,골목상권,동작구,흑석동,183133781,142226025,40907756,0.2876249687776903,24461080,119200987,15607816,7557551,15422268,884079,2,0,91566890.5,True,2040,1035,1005,0.5073529411764706,1312747,643.503431372549,False,False,False
20233,8095,3110840,중앙대학교,골목상권,동작구,흑석동,129672725,91211388,38461337,0.4216725328201343,11686370,77599379,24763570,2960963,11999774,662669,2,0,64836362.5,True,2040,1035,1005,0.5073529411764706,1173370,575.1813725490196,False,False,False
20234,8096,3110840,중앙대학교,골목상권,동작구,흑석동,157665442,116190128,41475314,0.3569607393839862,17741232,96148649,23767182,6776124,12389727,842528,2,0,78832721.0,True,2395,1206,1189,0.5035490605427975,1236512,516.2889352818372,False,False,False
20213,8087,3110850,사당역 10번,골목상권,동작구,사당1동,100427018,65469382,34957636,0.5339539633962025,4618945,53698059,30362268,7774048,3265613,708085,3,0,33475672.666666668,True,8232,3880,4352,0.4713313896987366,2468739,299.8954081632653,False,False,False
20214,8088,3110850,사당역 10번,골목상권,동작구,사당1동,94821694,62869250,31952444,0.5082364430941995,4704987,51569979,27761823,7575726,2759648,449531,3,0,31607231.333333332,True,8232,3880,4352,0.4713313896987366,2412562,293.071185617104,False,False,False
20221,8089,3110850,사당역 10번,골목상권,동작구,사당1동,58768452,37987133,20781319,0.5470620538801915,2451222,29823600,15695663,5870491,4869910,57566,3,0,19589484.0,True,8232,3880,4352,0.4713313896987366,2513013,305.27368804664724,False,False,False
20222,8090,3110850,사당역 10번,골목상권,동작구,사당1동,58154367,39744346,18410021,0.46321106906627674,2548550,27083367,18685072,3040156,6667998,129224,3,0,19384789.0,True,8232,3880,4352,0.4713313896987366,2564820,311.56705539358603,False,False,False
20223,8091,3110850,사당역 10번,골목상권,동작구,사당1동,72379219,47701911,24677308,0.517323257762147,3853368,42814893,14536523,3430477,7714436,29522,3,0,24126406.333333332,True,8232,3880,4352,0.4713313896987366,2472337,300.3324829931973,False,False,False
20224,8092,3110850,사당역 10번,골목상권,동작구,사당1동,73885923,47988008,25897915,0.539674724568688,2896460,36053563,22264972,3294374,9244677,131877,3,0,24628641.0,True,8052,3855,4197,0.47876304023845007,2561136,318.07451564828614,False,False,False
20241,8097,3110850,사당역 10번,골목상권,동작구,사당1동,63651931,39409942,24241989,0.6151236913771657,2564120,26905495,24949337,3205391,4389664,1637924,3,0,21217310.333333332,True,8241,3975,4266,0.4823443756825628,2754568,334.25166848683415,False,False,False
20211,8085,3110855,신대방역 2번,골목상권,관악구,조원동,54000000,31712363,22287637,0.7028059372302216,2419689,37723661,10770105,2041780,506088,538677,5,0,10800000.0,True,4616,2270,2346,0.4917677642980936,1846736,400.0727902946274,False,False,False
20212,8086,3110855,신대방역 2번,골목상권,관악구,조원동,54000000,32916719,21083281,0.6405037209206664,1609513,32748913,14741309,3416260,1351962,132043,6,0,9000000.0,True,4616,2270,2346,0.4917677642980936,1854533,401.7619150779896,False,False,False
20213,8087,3110855,신대방역 2번,골목상권,관악구,조원동,54000000,32141517,21858483,0.6800700477205229,1849481,37885581,11396928,1986909,736399,144702,6,0,9000000.0,True,4616,2270,2346,0.4917677642980936,1401979,303.72162045060657,False,False,False
20214,8088,3110855,신대방역 2번,골목상권,관악구,조원동,54000000,32830628,21169372,0.6448055760614753,2078353,35797979,11928799,2150174,1752752,291943,6,0,9000000.0,True,4616,2270,2346,0.4917677642980936,1297288,281.04159445407277,False,False,False
20221,8089,3110855,신대방역 2번,골목상권,관악구,조원동,54000000,32495756,21504244,0.6617554612362303,690028,35777362,13986237,1784397,1432861,329115,6,0,9000000.0,True,4616,2270,2346,0.4917677642980936,1292683,280.0439774696707,False,False,False
20222,8090,3110855,신대방역 2번,골목상권,관악구,조원동,54000000,33205085,20794915,0.6262569422725465,809472,30151632,16929924,2454796,2357078,1297098,5,20,10800000.0,True,4616,2270,2346,0.4917677642980936,1317326,285.382582322357,False,False,False
20223,8091,3110855,신대방역 2번,골목상권,관악구,조원동,54000000,33335417,20664583,0.6198987401297545,1183819,33710675,13385010,2248051,1900132,1572313,5,0,10800000.0,True,4616,2270,2346,0.4917677642980936,1224477,265.26798093587524,False,False,False
20224,8092,3110855,신대방역 2번,골목상권,관악구,조원동,54000000,31355594,22644406,0.7221807375105062,1645657,35907226,12233892,1799235,2344894,69096,5,0,10800000.0,True,4326,2140,2186,0.4946833102172908,1013672,234.32085067036525,False,False,False
20231,8093,3110855,신대방역 2번,골목상권,관악구,조원동,54000000,33810284,20189716,0.5971471875243639,1266595,31139953,16673275,2205902,2525746,188529,5,0,10800000.0,True,4326,2140,2186,0.4946833102172908,978447,226.17822468793344,False,False,False
20232,8094,3110855,신대방역 2번,골목상권,관악구,조원동,54000000,35230319,18769681,0.5327706797091448,1742845,32887388,15052882,2535144,1657452,124289,5,0,10800000.0,True,4326,2140,2186,0.4946833102172908,1056048,244.11650485436894,False,False,False
20233,8095,3110855,신대방역 2번,골목상권,관악구,조원동,54000000,34168480,19831520,0.5804039278305619,1198529,37437083,12012683,1707809,1569113,74783,7,0,7714285.714285715,True,4326,2140,2186,0.4946833102172908,1143860,264.415164123902,False,False,False
20234,8096,3110855,신대방역 2번,골목상권,관악구,조원동,54000000,36084922,17915078,0.4964699106180692,2308535,35233712,12090939,2061744,1882824,422246,7,14,7714285.714285715,True,4615,2273,2342,0.49252437703141927,1219502,264.2474539544962,False,False,False
20241,8097,3110855,신대방역 2번,골목상권,관악구,조원동,54000000,36233817,17766183,0.49032049259397653,1180797,32200201,15869119,2385073,1879354,485456,6,17,9000000.0,True,4615,2273,2342,0.49252437703141927,1216477,263.5919826652221,False,False,False
20242,8098,3110855,신대방역 2번,골목상권,관악구,조원동,54000000,35324035,18675965,0.5287041811616369,2281474,29645451,15687577,3707531,2262770,415197,6,0,9000000.0,True,4615,2273,2342,0.49252437703141927,1111885,240.9284940411701,False,False,False
20243,8099,3110855,신대방역 2번,골목상권,관악구,조원동,54000000,36183873,17816127,0.4923775572614905,1324866,28012687,15759058,6433715,1823642,646032,7,0,7714285.714285715,True,4615,2273,2342,0.49252437703141927,1116441,241.9157096424702,False,False,False
20244,8100,3110855,신대방역 2번,골목상권,관악구,조원동,54000000,37057028,16942972,0.4572134602915269,537132,29006535,14237240,7475494,1968877,774722,7,0,7714285.714285715,True,4615,2273,2342,0.49252437703141927,1118960,242.46153846153845,False,False,True
20251,8101,3110855,신대방역 2번,골목상권,관악구,조원동,54000000,33378499,20621501,0.6178079188042578,1022053,24005858,17018250,9635209,1414612,904018,7,0,7714285.714285715,True,4615,2273,2342,0.49252437703141927,1192549,258.40715059588297,False,False,True
20252,8102,3110855,신대방역 2번,골목상권,관악구,조원동,54000000,37065970,16934030,0.45686191404137,803537,24230402,18198697,8077961,2031238,658165,7,0,7714285.714285715,True,4615,2273,2342,0.49252437703141927,1219408,264.2270855904659,False,False,True
20253,8103,3110855,신대방역 2번,골목상권,관악구,조원동,54000000,34866572,19133428,0.5487613752220896,1344046,24403231,18366708,7405861,1937321,542833,7,0,7714285.714285715,True,4615,2273,2342,0.49252437703141927,1241704,269.05828819068256,False,False,True
20254,8104,3110855,신대방역 2번,골목상권,관악구,조원동,54000000,33402771,20597229,0.6166323446638604,725666,22775153,16128111,11238319,1683953,1448798,7,0,7714285.714285715,True,4615,2273,2342,0.49252437703141927,1218995,264.1375947995666,False,False,True
20211,8085,3110861,관악구신사동주민센터,골목상권,관악구,신사동,510069876,326285299,183784577,0.5632634310012232,39007729,263852623,168701588,29525649,8728086,254201,4,25,127517469.0,True,7107,3587,3520,0.5047136625861827,1808452,254.4606725763332,False,False,False
20212,8086,3110861,관악구신사동주민센터,골목상권,관악구,신사동,614696753,392689145,222007608,0.5653520369145931,31772013,335918533,192240294,38467662,15250103,1048148,4,0,153674188.25,True,7107,3587,3520,0.5047136625861827,1792913,252.27423666807374,False,False,False
20213,8087,3110861,관악구신사동주민센터,골목상권,관악구,신사동,470322451,317276201,153046250,0.48237544926983034,45570427,238698494,143251319,23616320,18583840,602051,4,0,117580612.75,True,7107,3587,3520,0.5047136625861827,1941561,273.18995356690584,False,False,False
20214,8088,3110861,관악구신사동주민센터,골목상권,관악구,신사동,517241511,363219937,154021574,0.42404493341454436,54690148,234645857,152365129,43559504,30035102,1945771,5,0,103448302.2,True,7107,3587,3520,0.5047136625861827,2006088,282.26931194596875,False,False,False
20221,8089,3110861,관악구신사동주민센터,골목상권,관악구,신사동,453026722,287782914,165243808,0.574196034445603,37518110,236687488,121235989,32246454,21980527,3358154,5,0,90605344.4,True,7107,3587,3520,0.5047136625861827,2066088,290.71169269734065,False,False,False
20222,8090,3110861,관악구신사동주민센터,골목상권,관악구,신사동,576707317,367070656,209636661,0.5711071085998223,34603498,310304448,185489588,22160304,19422174,4727305,6,0,96117886.16666667,True,7107,3587,3520,0.5047136625861827,2112716,297.2725481919235,False,False,False
20223,8091,3110861,관악구신사동주민센터,골목상권,관악구,신사동,804143020,510055426,294087594,0.5765796794013519,59335396,461209302,195678550,55732470,30855560,1331742,6,0,134023836.66666667,True,7107,3587,3520,0.5047136625861827,2105677,296.2821162234417,False,False,False
20224,8092,3110861,관악구신사동주민센터,골목상권,관악구,신사동,557699356,332120378,225578978,0.6792084826544429,52433850,333717019,117084523,32349418,19176537,2938009,7,0,79671336.57142857,True,7384,3718,3666,0.5035211267605634,2041931,276.534534127844,False,False,False
20231,8093,3110861,관악구신사동주민센터,골목상권,관악구,신사동,573489956,358646757,214843199,0.5990384544310825,35230616,308686233,137156806,39723653,44505827,8186821,6,17,95581659.33333333,True,7384,3718,3666,0.5035211267605634,1951100,264.2334777898158,False,False,False
20232,8094,3110861,관악구신사동주민센터,골목상권,관악구,신사동,592733923,378935882,213798041,0.5642063767400101,20262637,343489515,152070925,38309727,30365058,8236061,5,20,118546784.6,True,7384,3718,3666,0.5035211267605634,1960232,265.47020585048756,False,False,False
20233,8095,3110861,관악구신사동주민센터,골목상권,관악구,신사동,748816918,457438553,291378365,0.6369781538723956,39565277,435497247,165438888,61146628,37389762,9779116,5,0,149763383.6,True,7384,3718,3666,0.5035211267605634,1915236,259.3764897074756,False,False,False
20234,8096,3110861,관악구신사동주민센터,골목상권,관악구,신사동,640551243,416906054,223645189,0.5364402527961372,42420886,364648051,139646494,57938793,20834256,15062763,5,0,128110248.6,True,6922,3511,3411,0.5072233458537995,1931090,278.97861889627274,False,False,False
20241,8097,3110861,관악구신사동주민센터,골목상권,관악구,신사동,592180036,369512578,222667458,0.602597776793406,9878480,274278871,221234720,54094385,29293970,3399610,6,29,98696672.66666667,True,6922,3511,3411,0.5072233458537995,1981336,286.23750361167293,False,False,False
20242,8098,3110861,관악구신사동주민센터,골목상권,관악구,신사동,474967879,295238719,179729160,0.6087587719143301,17922280,207544916,174864187,46404012,21903374,6329110,6,0,79161313.16666667,True,6922,3511,3411,0.5072233458537995,1841979,266.1050274487142,False,False,False
20243,8099,3110861,관악구신사동주민센터,골목상권,관악구,신사동,406285870,249726049,156559821,0.62692627231691,20911969,171131907,127335268,48840460,34488784,3577482,6,17,67714311.66666667,True,6922,3511,3411,0.5072233458537995,1815099,262.2217567177116,False,False,False
20244,8100,3110861,관악구신사동주민센터,골목상권,관악구,신사동,320666955,192379463,128287492,0.6668460863725355,19226604,114724795,120237131,30546917,30431318,5500190,6,0,53444492.5,True,6922,3511,3411,0.5072233458537995,1818090,262.6538572666859,False,False,True
20251,8101,3110861,관악구신사동주민센터,골목상권,관악구,신사동,343311306,212382015,130929291,0.6164801242704097,14068715,121989008,135650201,26251096,38131318,7220968,6,0,57218551.0,True,6922,3511,3411,0.5072233458537995,1802948,260.4663392083213,False,False,True
20252,8102,3110861,관악구신사동주민센터,골목상권,관악구,신사동,295154430,185265624,109888806,0.5931419095859899,8596235,98742020,104043552,33022310,27302686,23447627,5,20,59030886.0,True,6922,3511,3411,0.5072233458537995,1802528,260.4056631031494,False,False,True
20253,8103,3110861,관악구신사동주민센터,골목상권,관악구,신사동,646008237,385240565,260767672,0.6768956742652478,26370990,261141911,229221928,65466192,42296972,21510244,4,25,161502059.25,True,6922,3511,3411,0.5072233458537995,1801454,260.2505056342098,False,False,True
20254,8104,3110861,관악구신사동주민센터,골목상권,관악구,신사동,375569214,241463497,134105717,0.5553871233795641,13247351,183698270,103150031,35266822,27724705,12482035,4,0,93892303.5,True,6922,3511,3411,0.5072233458537995,1791496,258.81190407396707,False,False,True
20211,8085,3110865,남강고등학교(남강중학교),골목상권,관악구,난곡동,896027555,590678840,305348715,0.5169454097932473,90042771,427490785,166089317,30301328,59903647,122199707,4,0,224006888.75,True,8794,4369,4425,0.496816010916534,2262464,257.2735956333864,False,False,False
20212,8086,3110865,남강고등학교(남강중학교),골목상권,관악구,난곡동,1001807938,663090882,338717056,0.5108154329891691,76876045,560273403,152370015,44973032,56439445,110875998,4,0,250451984.5,True,8794,4369,4425,0.496816010916534,2169798,246.73618376165567,False,False,False
20213,8087,3110865,남강고등학교(남강중학교),골목상권,관악구,난곡동,843214696,531446658,311768038,0.5866403209181532,128163389,408886573,121674859,39050411,48015989,97423475,4,0,210803674.0,True,8794,4369,4425,0.496816010916534,2319934,263.8087332272004,False,False,False
20214,8088,3110865,남강고등학교(남강중학교),골목상권,관악구,난곡동,790337707,481586110,308751597,0.6411139993219489,159210998,404081103,104340740,28850136,40428333,53426397,4,0,197584426.75,True,8794,4369,4425,0.496816010916534,2336133,265.6507846258813,False,False,False
20221,8089,3110865,남강고등학교(남강중학교),골목상권,관악구,난곡동,822041496,538586324,283455172,0.5262947820412908,148018344,402010462,157556213,32483957,57062908,24909612,4,0,205510374.0,True,8794,4369,4425,0.496816010916534,2370340,269.54059586081416,False,False,False
20222,8090,3110865,남강고등학교(남강중학교),골목상권,관악구,난곡동,267000000,168709573,98290427,0.5826013619274586,55593356,143421295,24987481,6984572,24925449,11087847,2,67,133500000.0,True,8794,4369,4425,0.496816010916534,2216555,252.05310438935638,False,False,False
20223,8091,3110865,남강고등학교(남강중학교),골목상권,관악구,난곡동,267000000,172716024,94283976,0.5458901485596959,52451562,135171592,32263035,12528565,9426137,25159109,2,0,133500000.0,True,8794,4369,4425,0.496816010916534,2322667,264.1195133045258,False,False,False
20224,8092,3110865,남강고등학교(남강중학교),골목상권,관악구,난곡동,267000000,176485179,90514821,0.5128749139892365,57913837,114582202,34645850,8088744,14305801,37463566,2,0,133500000.0,True,9533,4766,4767,0.4999475506136578,2395157,251.24902968635266,False,False,False
20231,8093,3110865,남강고등학교(남강중학교),골목상권,관악구,난곡동,267000000,173960549,93039451,0.5348307506203605,30611391,121860104,58846831,13953432,19280094,22448148,2,0,133500000.0,True,9533,4766,4767,0.4999475506136578,2149041,225.43176334836883,False,False,False
20232,8094,3110865,남강고등학교(남강중학교),골목상권,관악구,난곡동,267000000,161557852,105442148,0.6526587639949558,42743639,116323300,68675444,22716483,8021468,8519666,2,0,133500000.0,True,9533,4766,4767,0.4999475506136578,2213523,232.1958460086017,False,False,False
20233,8095,3110865,남강고등학교(남강중학교),골목상권,관악구,난곡동,267000000,170551646,96448354,0.565508198027007,60440235,101218327,58497479,19968450,9070818,17804691,2,0,133500000.0,True,9533,4766,4767,0.4999475506136578,2229780,233.90118535613132,False,False,False
20234,8096,3110865,남강고등학교(남강중학교),골목상권,관악구,난곡동,267000000,160241268,106758732,0.6662374389099317,51242367,112143444,49135409,26084775,15003805,13390200,2,0,133500000.0,True,8106,4000,4106,0.4934616333580064,2232235,275.3805822847274,False,False,False
20241,8097,3110865,남강고등학교(남강중학교),골목상권,관악구,난곡동,267000000,167492741,99507259,0.5940989347114451,15214979,121262470,79935457,18816507,14241265,17529322,2,0,133500000.0,True,8106,4000,4106,0.4934616333580064,2226631,274.6892425363928,False,False,False
20242,8098,3110865,남강고등학교(남강중학교),골목상권,관악구,난곡동,267000000,168637258,98362742,0.583280012771555,6067982,105152115,68311907,17908267,22305227,47254502,2,0,133500000.0,True,8106,4000,4106,0.4934616333580064,2176667,268.5254132741179,False,False,False
20243,8099,3110865,남강고등학교(남강중학교),골목상권,관악구,난곡동,267000000,180385145,86614855,0.48016622987441676,7990224,87843088,82998337,22838264,14985273,50344814,2,0,133500000.0,True,8106,4000,4106,0.4934616333580064,2105653,259.76474216629657,False,False,False
20244,8100,3110865,남강고등학교(남강중학교),골목상권,관악구,난곡동,267000000,177688548,89311452,0.5026291958894278,15815649,109346285,74597430,10143124,7734126,49363386,2,0,133500000.0,True,8106,4000,4106,0.4934616333580064,2074415,255.91105354058723,False,False,True
20251,8101,3110865,남강고등학교(남강중학교),골목상권,관악구,난곡동,267000000,159643146,107356854,0.6724801952975795,16221483,95050496,115568936,23776382,10464281,5918422,2,0,133500000.0,True,8106,4000,4106,0.4934616333580064,2114269,260.8276585245497,False,False,True
20252,8102,3110865,남강고등학교(남강중학교),골목상권,관악구,난곡동,267000000,161482509,105517491,0.6534298460770138,12292904,78620005,133406046,16026224,15215187,11439634,2,0,133500000.0,True,8106,4000,4106,0.4934616333580064,2079116,256.4909943251912,False,False,True
20253,8103,3110865,남강고등학교(남강중학교),골목상권,관악구,난곡동,267000000,166794158,100205842,0.6007754899904828,9736084,91834703,117171526,24256816,17027520,6973351,2,0,133500000.0,True,8106,4000,4106,0.4934616333580064,2042492,251.9728596101653,False,False,True
20254,8104,3110865,남강고등학교(남강중학교),골목상권,관악구,난곡동,267000000,168092892,98907108,0.5884074384299367,13835507,110010085,84645698,24140833,28514990,5852887,2,0,133500000.0,True,8106,4000,4106,0.4934616333580064,2018126,248.96693807056502,False,False,True
20211,8085,3110869,"신림역 5번(신림동주민센터, 신림동별빛거리)",골목상권,관악구,신림동,268615793,166886357,101729436,0.6095731120788981,5302825,160626121,71847590,11743085,17941663,1154509,7,14,38373684.71428572,True,11244,5800,5444,0.5158306652436855,4020354,357.5554962646745,False,False,False
20212,8086,3110869,"신림역 5번(신림동주민센터, 신림동별빛거리)",골목상권,관악구,신림동,373857809,261987075,111870734,0.42700859956545567,10478923,218502047,112884569,13295504,18516542,180224,8,0,46732226.125,True,11244,5800,5444,0.5158306652436855,3949190,351.22643187477763,False,False,False
20213,8087,3110869,"신림역 5번(신림동주민센터, 신림동별빛거리)",골목상권,관악구,신림동,235286228,159244855,76041373,0.47751227504336013,4685134,140411842,59352714,12270471,18024667,541400,7,14,33612318.28571428,True,11244,5800,5444,0.5158306652436855,4128889,367.20819992885095,False,False,False
20214,8088,3110869,"신림역 5번(신림동주민센터, 신림동별빛거리)",골목상권,관악구,신림동,243927989,147383083,96544906,0.6550609746710211,8164156,154699375,62140256,6473451,8747355,3703396,7,0,34846855.571428575,True,11244,5800,5444,0.5158306652436855,4276041,380.2953575240128,False,False,False
20221,8089,3110869,"신림역 5번(신림동주민센터, 신림동별빛거리)",골목상권,관악구,신림동,244374561,162823366,81551195,0.5008568303396946,595230,164011299,67801879,3460725,6039012,2466416,7,0,34910651.571428575,True,11244,5800,5444,0.5158306652436855,4398774,391.21077908217717,False,False,False
20222,8090,3110869,"신림역 5번(신림동주민센터, 신림동별빛거리)",골목상권,관악구,신림동,357601584,225585810,132015774,0.5852131124736968,426627,281775213,62923103,2344473,8787022,1345146,7,14,51085940.571428575,True,11244,5800,5444,0.5158306652436855,4713491,419.2005514051939,False,False,False
20223,8091,3110869,"신림역 5번(신림동주민센터, 신림동별빛거리)",골목상권,관악구,신림동,112027349,71725089,40302260,0.5618990587798365,391855,82826335,23805174,1496886,3271987,235112,7,0,16003907.0,True,11244,5800,5444,0.5158306652436855,4687025,416.84676271789397,False,False,False
20224,8092,3110869,"신림역 5번(신림동주민센터, 신림동별빛거리)",골목상권,관악구,신림동,131388891,76748668,54640223,0.7119370853445952,5023577,89307614,32339770,78371,4561188,78371,6,17,21898148.5,True,10494,5254,5240,0.5006670478368591,4243695,404.39251000571755,False,False,False
20231,8093,3110869,"신림역 5번(신림동주민센터, 신림동별빛거리)",골목상권,관악구,신림동,128951554,78715776,50235778,0.6381919934321679,78370,87967469,37508335,391855,2488277,517248,5,20,25790310.8,True,10494,5254,5240,0.5006670478368591,4331021,412.7140270630837,False,False,False
20232,8094,3110869,"신림역 5번(신림동주민센터, 신림동별빛거리)",골목상권,관악구,신림동,139339623,91200271,48139352,0.5278422034513472,431040,99464487,37892352,1018822,493737,39185,6,0,23223270.5,True,10494,5254,5240,0.5006670478368591,4242644,404.29235753764056,False,False,False
20233,8095,3110869,"신림역 5번(신림동주민센터, 신림동별빛거리)",골목상권,관악구,신림동,133105214,83617880,49487334,0.5918271785890769,0,91859639,35734500,2503315,3007760,0,6,0,22184202.333333332,True,10494,5254,5240,0.5006670478368591,4154377,395.88117019249097,False,False,False
20234,8096,3110869,"신림역 5번(신림동주민센터, 신림동별빛거리)",골목상권,관악구,신림동,157169014,101948844,55220170,0.5416458670193455,78371,112332996,38531075,4294728,1861310,70534,6,0,26194835.666666668,True,11445,6101,5344,0.5330712101354304,4129899,360.84744429882045,False,False,False
20241,8097,3110869,"신림역 5번(신림동주민센터, 신림동별빛거리)",골목상권,관악구,신림동,165084479,112372182,52712297,0.4690867086660291,78371,89158708,60079167,9937435,5517314,313484,6,0,27514079.833333332,True,11445,6101,5344,0.5330712101354304,4191728,366.2497160332023,False,False,False
20242,8098,3110869,"신림역 5번(신림동주민센터, 신림동별빛거리)",골목상권,관악구,신림동,116228032,73292508,42935524,0.5858105442373455,0,80220501,29001169,2742983,3409136,854243,6,0,19371338.666666668,True,11445,6101,5344,0.5330712101354304,4133023,361.1204019222368,False,False,False
20243,8099,3110869,"신림역 5번(신림동주민센터, 신림동별빛거리)",골목상권,관악구,신림동,207130492,147729232,59401260,0.4020955040231983,0,150405602,51129205,1073682,4137986,384017,6,0,34521748.666666664,True,11445,6101,5344,0.5330712101354304,4145728,362.23049366535605,False,False,False
20244,8100,3110869,"신림역 5번(신림동주민센터, 신림동별빛거리)",골목상권,관악구,신림동,146902420,102340699,44561721,0.43542521631594483,587782,95083551,46807047,3652086,771954,0,6,0,24483736.666666668,True,11445,6101,5344,0.5330712101354304,4135782,361.3614678899083,False,False,True
20251,8101,3110869,"신림역 5번(신림동주민센터, 신림동별빛거리)",골목상권,관악구,신림동,119774317,71823051,47951266,0.667630591187222,235411,65287050,46740522,5131137,1517818,862379,6,0,19962386.166666668,True,11445,6101,5344,0.5330712101354304,4242229,370.66221057230234,False,False,True
20252,8102,3110869,"신림역 5번(신림동주민센터, 신림동별빛거리)",골목상권,관악구,신림동,101462945,65862943,35600002,0.5405164175551646,2688123,49158176,41724694,4835487,2468684,587781,3,100,33820981.666666664,True,11445,6101,5344,0.5330712101354304,4229368,369.5384884228921,False,False,True
20253,8103,3110869,"신림역 5번(신림동주민센터, 신림동별빛거리)",골목상권,관악구,신림동,119931059,77716548,42214511,0.5431856160157809,275054,62806304,48256356,7391300,848622,353423,3,0,39977019.666666664,True,11445,6101,5344,0.5330712101354304,4063960,355.0860637833115,False,False,True
20254,8104,3110869,"신림역 5번(신림동주민센터, 신림동별빛거리)",골목상권,관악구,신림동,96866489,68484451,28382038,0.414430393842246,0,54440376,38977791,2155202,352669,940451,3,0,32288829.666666668,True,11445,6101,5344,0.5330712101354304,4069371,355.5588466579292,False,False,True
20211,8085,3110881,구립대학경로당(관악산샘말공원),골목상권,관악구,대학동,1732749442,1116017087,616732355,0.552619097130365,27147323,977471691,526367063,102199021,69073332,30491012,16,13,108296840.125,True,10081,6426,3655,0.6374367622259697,3825408,379.4671163575042,False,False,False
20212,8086,3110881,구립대학경로당(관악산샘말공원),골목상권,관악구,대학동,1872272479,1263162791,609109688,0.4822099671870401,25471308,1088104652,522388728,74189247,130548286,31570258,16,6,117017029.9375,True,10081,6426,3655,0.6374367622259697,3955180,392.34004563039383,False,False,False
20213,8087,3110881,구립대학경로당(관악산샘말공원),골목상권,관악구,대학동,1525587269,959782984,565804285,0.5895127278063934,41513963,983081662,384067845,53960942,52152428,10810429,15,7,101705817.93333334,True,10081,6426,3655,0.6374367622259697,4037916,400.5471679396885,False,False,False
20214,8088,3110881,구립대학경로당(관악산샘말공원),골목상권,관악구,대학동,1797366399,1163896821,633469578,0.5442660952160123,51550920,1038741518,477547897,78015750,133611828,17898486,15,0,119824426.6,True,10081,6426,3655,0.6374367622259697,4080924,404.81341136791985,False,False,False
20221,8089,3110881,구립대학경로당(관악산샘말공원),골목상권,관악구,대학동,1475249664,958106641,517143023,0.53975518055093,62304933,689614306,512590090,61745625,146097092,2897618,14,7,105374976.0,True,10081,6426,3655,0.6374367622259697,4340212,430.53387560757864,False,False,False
20222,8090,3110881,구립대학경로당(관악산샘말공원),골목상권,관악구,대학동,1485786521,962783732,523002789,0.543219387300574,41397741,810825238,523321056,53484317,51018692,5739477,14,0,106127608.64285715,True,10081,6426,3655,0.6374367622259697,4391647,435.63604801111,False,False,False
20223,8091,3110881,구립대학경로당(관악산샘말공원),골목상권,관악구,대학동,838503370,574678411,263824959,0.4590827738611534,36933411,493314688,262518087,26799418,13081162,5856604,13,23,64500259.23076923,True,10081,6426,3655,0.6374367622259697,4216516,418.26366431901596,False,False,False
20224,8092,3110881,구립대학경로당(관악산샘말공원),골목상권,관악구,대학동,1499901457,981925756,517975701,0.5275100462890802,58626333,851055802,464309519,49513683,60145963,16250157,10,30,149990145.7,True,9588,6116,3472,0.637880684188569,4233725,441.56497705465165,False,False,False
20231,8093,3110881,구립대학경로당(관악산샘말공원),골목상권,관악구,대학동,1497634861,980903758,516731103,0.526790828137494,23688463,789559660,548430670,81477259,41124643,13354166,10,0,149763486.1,True,9588,6116,3472,0.637880684188569,4930552,514.2419691280768,False,False,False
20232,8094,3110881,구립대학경로당(관악산샘말공원),골목상권,관악구,대학동,1498708958,955078459,543630499,0.5691998326181493,29387885,773787798,566957764,81992907,32148187,14434417,10,0,149870895.8,True,9588,6116,3472,0.637880684188569,4775565,498.0772841051314,False,False,False
20233,8095,3110881,구립대학경로당(관악산샘말공원),골목상권,관악구,대학동,1507134269,966730202,540404067,0.5590019489222495,37188206,813761504,468818976,117562828,54491973,15310782,10,0,150713426.9,True,9588,6116,3472,0.637880684188569,4686015,488.7374843554443,False,False,False
20234,8096,3110881,구립대학경로당(관악산샘말공원),골목상권,관악구,대학동,1463240676,931558364,531682312,0.5707450360029187,42659364,705226043,520518460,103743716,77728525,13364568,10,0,146324067.6,True,10870,7036,3834,0.6472861085556578,4528177,416.575620975161,False,False,False
20241,8097,3110881,구립대학경로당(관악산샘말공원),골목상권,관악구,대학동,1513002048,991871683,521130365,0.5254009908053802,16176638,608792506,593935403,164081965,121625193,8390343,10,0,151300204.8,True,10870,7036,3834,0.6472861085556578,4603358,423.49199632014717,False,False,False
20242,8098,3110881,구립대학경로당(관악산샘말공원),골목상권,관악구,대학동,1509302759,966961856,542340903,0.5608710412254359,25414932,771521155,571022025,99281161,32754894,8875571,10,0,150930275.9,True,10870,7036,3834,0.6472861085556578,4342202,399.4666053357866,False,False,False
20243,8099,3110881,구립대학경로당(관악산샘말공원),골목상권,관악구,대학동,1522124253,990159944,531964309,0.5372508878222204,34756016,681215936,564125944,156862222,72392132,12772003,10,0,152212425.3,True,10870,7036,3834,0.6472861085556578,4100702,377.2494940202392,False,False,False
20244,8100,3110881,구립대학경로당(관악산샘말공원),골목상권,관악구,대학동,1420137860,920747973,499389887,0.5423741367280751,41081110,694076690,453766695,153914115,70618699,6680551,9,11,157793095.55555555,True,10870,7036,3834,0.6472861085556578,4122786,379.2811407543698,False,False,True
20251,8101,3110881,구립대학경로당(관악산샘말공원),골목상권,관악구,대학동,981643131,594502979,387140152,0.651199683895949,12682878,460828201,362831135,68248499,69198035,7854383,8,13,122705391.375,True,10870,7036,3834,0.6472861085556578,4175520,384.132474701012,False,False,True
20252,8102,3110881,구립대학경로당(관악산샘말공원),골목상권,관악구,대학동,876656565,547721621,328934944,0.6005513227676655,10656132,394852818,347295577,58802748,54687224,10362066,8,0,109582070.625,True,10870,7036,3834,0.6472861085556578,4300562,395.6358785648574,False,False,True
20253,8103,3110881,구립대학경로당(관악산샘말공원),골목상권,관악구,대학동,886747994,557711486,329036508,0.589976208594707,36902158,421352972,301175772,63245340,47484834,15512822,7,14,126678284.85714285,True,10870,7036,3834,0.6472861085556578,4343649,399.59972401103954,False,False,True
20254,8104,3110881,구립대학경로당(관악산샘말공원),골목상권,관악구,대학동,875985045,572652029,303333016,0.5296986662733015,42669080,444434303,237116287,51498933,86113139,14153303,7,0,125140720.71428572,True,10870,7036,3834,0.6472861085556578,4308108,396.33008279668815,False,False,True
20211,8085,3110883,은천초등학교(은천교앞),골목상권,관악구,보라매동,387573084,256075156,131497928,0.5135130250589401,36781127,219634110,77469130,37894980,11261844,4531893,3,25,129191028.0,True,4677,2331,2346,0.49839640795381657,1431918,306.1616420782553,False,False,False
20212,8086,3110883,은천초등학교(은천교앞),골목상권,관악구,보라매동,453943257,279615565,174327692,0.6234548924341891,25887740,288346252,88314931,32226047,17558447,1609840,3,0,151314419.0,True,4677,2331,2346,0.49839640795381657,1382716,295.6416506307462,False,False,False
20213,8087,3110883,은천초등학교(은천교앞),골목상권,관악구,보라매동,317786255,187751545,130034710,0.6925892940055434,20375293,166663735,84480212,28193834,14701515,3371666,3,0,105928751.66666667,True,4677,2331,2346,0.49839640795381657,1145325,244.8845413726748,False,False,False
20214,8088,3110883,은천초등학교(은천교앞),골목상권,관악구,보라매동,268787818,172202602,96585216,0.5608812809924905,19273338,160352464,55661373,20720137,11395014,1385492,3,0,89595939.33333333,True,4677,2331,2346,0.49839640795381657,1096964,234.5443660466111,False,False,False
20221,8089,3110883,은천초등학교(은천교앞),골목상권,관악구,보라매동,232978767,134283685,98695082,0.734974483311208,5337391,127147958,65546794,24166752,7727232,3052640,2,33,116489383.5,True,4677,2331,2346,0.49839640795381657,1140010,243.74812914261278,False,False,False
20222,8090,3110883,은천초등학교(은천교앞),골목상권,관악구,보라매동,339062272,220024022,119038250,0.541023879656195,8343253,169969301,115700324,29365941,9442279,6241174,2,0,169531136.0,True,4677,2331,2346,0.49839640795381657,1159577,247.931793884969,False,False,False
20223,8091,3110883,은천초등학교(은천교앞),골목상권,관악구,보라매동,312609963,177410096,135199867,0.7620753838045384,7177897,151610175,115430676,21269892,12006576,5114747,2,0,156304981.5,True,4677,2331,2346,0.49839640795381657,1111647,237.68377164849264,False,False,False
20224,8092,3110883,은천초등학교(은천교앞),골목상권,관악구,보라매동,415227613,245927281,169300332,0.6884162314631536,10036243,231123229,124537360,27621369,14936361,6973051,5,20,83045522.6,True,4525,2275,2250,0.5027624309392266,1242977,274.6910497237569,False,False,False
20231,8093,3110883,은천초등학교(은천교앞),골목상권,관악구,보라매동,546189060,341604967,204584093,0.5988908615605698,8115181,313310111,165315079,39088872,12154254,8205563,4,25,136547265.0,True,4525,2275,2250,0.5027624309392266,1293589,285.87602209944754,False,False,False
20232,8094,3110883,은천초등학교(은천교앞),골목상권,관악구,보라매동,551651556,360255692,191395864,0.5312778347441073,6835255,320989547,154304611,36944305,25917702,6660136,4,0,137912889.0,True,4525,2275,2250,0.5027624309392266,1370432,302.85790055248617,False,False,False
20233,8095,3110883,은천초등학교(은천교앞),골목상권,관악구,보라매동,583846111,351852109,231994002,0.659350892223869,17177104,311433017,185977589,36601282,23684876,8972243,4,0,145961527.75,True,4525,2275,2250,0.5027624309392266,1342973,296.7896132596685,False,False,False
20234,8096,3110883,은천초등학교(은천교앞),골목상권,관악구,보라매동,439922940,250194309,189728631,0.758325126412048,26188892,203488464,151789810,30800056,16438092,11217626,4,0,109980735.0,True,4669,2380,2289,0.5097451274362819,1367293,292.84493467551937,False,False,False
20241,8097,3110883,은천초등학교(은천교앞),골목상권,관악구,보라매동,353364428,218075272,135289156,0.6203782517808805,10445059,139908685,143933866,26259578,18245869,12183145,4,0,88341107.0,True,4669,2380,2289,0.5097451274362819,1454455,311.51317198543586,False,False,False
20242,8098,3110883,은천초등학교(은천교앞),골목상권,관악구,보라매동,303113233,190784573,112328660,0.588772237889486,7497422,119781417,117711265,29253239,24197333,4672557,3,33,101037744.33333333,True,4669,2380,2289,0.5097451274362819,1191117,255.11180124223603,False,False,False
20243,8099,3110883,은천초등학교(은천교앞),골목상권,관악구,보라매동,363203778,221506926,141696852,0.6396949050703724,25011759,112730414,133161179,48298666,36115331,7886429,3,0,121067926.0,True,4669,2380,2289,0.5097451274362819,1170823,250.76526022702933,False,False,False
20244,8100,3110883,은천초등학교(은천교앞),골목상권,관악구,보라매동,289873667,181434927,108438740,0.5976729056142537,12363295,89736678,113757269,43749815,25667923,4598687,3,0,96624555.66666667,True,4669,2380,2289,0.5097451274362819,1166672,249.87620475476547,False,False,True
20251,8101,3110883,은천초등학교(은천교앞),골목상권,관악구,보라매동,323374032,183572308,139801724,0.7615621632866325,18999313,92060957,131296591,45935924,27178859,7902388,3,0,107791344.0,True,4669,2380,2289,0.5097451274362819,1189106,254.68108802741486,False,False,True
20252,8102,3110883,은천초등학교(은천교앞),골목상권,관악구,보라매동,291533458,169556140,121977318,0.719391925293888,16309971,79476153,126840407,33975184,21012480,13919263,3,0,97177819.33333333,True,4669,2380,2289,0.5097451274362819,1134841,243.05868494324267,False,False,True
20253,8103,3110883,은천초등학교(은천교앞),골목상권,관악구,보라매동,362515469,219424615,143090854,0.6521185145978267,12384952,109464904,158157765,43698640,22951876,15857332,3,0,120838489.66666667,True,4669,2380,2289,0.5097451274362819,1154169,247.1983294067252,False,False,True
20254,8104,3110883,은천초등학교(은천교앞),골목상권,관악구,보라매동,314052070,188572441,125479629,0.6654187024073152,17990526,96428445,139699287,32131279,13660396,14142137,3,0,104684023.33333333,True,4669,2380,2289,0.5097451274362819,1264696,270.8708502891411,False,False,True
20211,8085,3110886,관악해태어린이공원,골목상권,관악구,서림동,138192440,89609310,48583130,0.5421660985895327,676706,99969410,25331909,7443761,2887438,1883216,3,0,46064146.666666664,True,3465,2216,1249,0.6395382395382395,1042545,300.8787878787879,False,False,False
20253,8103,3110902,사당역 4번,골목상권,관악구,남현동,36000000,20628688,15371312,0.7451424928235862,2615791,20066356,6386728,2285512,3542525,1103088,1,0,36000000.0,True,9406,4501,4905,0.4785243461620242,2065352,219.57814161173718,False,False,True
20254,8104,3110902,사당역 4번,골목상권,관악구,남현동,36000000,21671645,14328355,0.6611567788232042,2825842,20119248,6503853,2565940,3217137,767980,1,0,36000000.0,True,9406,4501,4905,0.4785243461620242,2019468,214.6999787369764,False,False,True
20211,8085,3110939,양재역 8번(양재동우체국),골목상권,서초구,양재1동,261657647,190197885,71459762,0.37571270574328414,1015982,63487147,133818653,32111524,28772906,2451435,2,0,130828823.5,True,6198,2936,3262,0.47370119393352694,1846279,297.88302678283316,False,False,False
20211,8085,3110997,대청초등학교,골목상권,강남구,일원1동,514176840,334020266,180156574,0.5393582136719812,35282433,308357762,102828663,21529715,20266180,25912087,8,0,64272105.0,True,7187,3566,3621,0.4961736468623904,2907688,404.57604007235284,False,False,False
20212,8086,3110997,대청초등학교,골목상권,강남구,일원1동,532971266,335058215,197913051,0.5906825803390614,24217354,291129579,138948986,28169381,33952491,16553475,8,0,66621408.25,True,7187,3566,3621,0.4961736468623904,2719240,378.35536385139835,False,False,False
20213,8087,3110997,대청초등학교,골목상권,강남구,일원1동,444104509,296621676,147482833,0.4972085485755262,33806609,252433761,86364190,27983760,29282089,14234100,8,0,55513063.625,True,7187,3566,3621,0.4961736468623904,2413704,335.84304995130094,False,False,False
20214,8088,3110997,대청초등학교,골목상권,강남구,일원1동,576877066,383848563,193028503,0.5028767113034627,69277841,303328476,135825832,30417448,27911653,10115816,8,0,72109633.25,True,7187,3566,3621,0.4961736468623904,2169539,301.86990399332126,False,False,False
20221,8089,3110997,대청초등학교,골목상권,강남구,일원1동,413697786,268741119,144956667,0.5393914691558608,49178863,193961891,127763232,11417008,27088268,4288524,8,0,51712223.25,True,7187,3566,3621,0.4961736468623904,2180094,303.3385278975929,False,False,False
20222,8090,3110997,대청초등학교,골목상권,강남구,일원1동,536204580,336831900,199372680,0.5919055766392672,54755103,253809993,137557876,47996098,36634999,5450511,8,0,67025572.5,True,7187,3566,3621,0.4961736468623904,2012571,280.029358564074,False,False,False
20223,8091,3110997,대청초등학교,골목상권,강남구,일원1동,458747387,287479030,171268357,0.5957594785261381,59594331,218456002,101702546,37215885,36653256,5125367,8,0,57343423.375,True,7187,3566,3621,0.4961736468623904,1888318,262.7407819674412,False,False,False
20224,8092,3110997,대청초등학교,골목상권,강남구,일원1동,559841969,369732157,190109812,0.514182519428517,88572316,225283519,117987070,58023026,61461421,8514617,7,13,79977424.14285715,True,7646,3808,3838,0.49803818990321735,1870798,244.67669369605022,False,False,False
20231,8093,3110997,대청초등학교,골목상권,강남구,일원1동,487111172,310359140,176752032,0.5695080608871387,39117192,205210736,143248395,45617882,46356917,7560050,7,0,69587310.28571428,True,7646,3808,3838,0.49803818990321735,2008624,262.7025895893278,False,False,False
20232,8094,3110997,대청초등학교,골목상권,강남구,일원1동,521834569,333673415,188161154,0.5639081375422133,48539013,200307518,134056944,61128015,64545985,13257094,7,0,74547795.57142857,True,7646,3808,3838,0.49803818990321735,1798358,235.20245880198797,False,False,False
20233,8095,3110997,대청초등학교,골목상권,강남구,일원1동,627106190,414807092,212299098,0.5118019968665338,52174322,266809925,148496052,91129660,58596864,9899367,5,33,125421238.0,True,7646,3808,3838,0.49803818990321735,1832284,239.63955009155114,False,False,False
20234,8096,3110997,대청초등학교,골목상권,강남구,일원1동,530109731,356353651,173756080,0.4875944992071935,58310434,199021833,89717554,96041110,80280582,6738218,5,0,106021946.2,True,6706,3299,3407,0.4919475096928124,1780630,265.5278854756934,False,False,False
20241,8097,3110997,대청초등학교,골목상권,강남구,일원1동,454586167,299890376,154695791,0.5158411318941425,32572925,158160479,141426155,53299628,54866853,14260127,5,0,90917233.4,True,6706,3299,3407,0.4919475096928124,1797481,268.04070981210856,False,False,False
20242,8098,3110997,대청초등학교,골목상권,강남구,일원1동,455934167,299000380,156933787,0.5248614968315425,35213298,163256731,136946827,62200965,43482316,14834030,4,20,113983541.75,True,6706,3299,3407,0.4919475096928124,1803050,268.871160155085,False,False,False
20243,8099,3110997,대청초등학교,골목상권,강남구,일원1동,552970900,358194514,194776386,0.5437726664903639,63648284,216399188,118894389,74380079,64135433,15513527,5,0,110594180.0,True,6706,3299,3407,0.4919475096928124,1807132,269.47986877423205,False,False,False
20244,8100,3110997,대청초등학교,골목상권,강남구,일원1동,483006538,318100170,164906368,0.518410185068433,48155543,148810863,114806069,70906927,80730805,19596331,5,0,96601307.6,True,6706,3299,3407,0.4919475096928124,1805205,269.1925141664181,False,False,True
20251,8101,3110997,대청초등학교,골목상권,강남구,일원1동,410803115,268887161,141915954,0.5277899973810948,34820824,153490253,113102396,45368965,49588890,14431787,5,0,82160623.0,True,6706,3299,3407,0.4919475096928124,1765273,263.23784670444377,False,False,True
20252,8102,3110997,대청초등학교,골목상권,강남구,일원1동,404800097,259923595,144876502,0.5573811103990002,29647987,151172783,110464738,54634087,47194345,11686157,5,0,80960019.4,True,6706,3299,3407,0.4919475096928124,1694506,252.68505815687445,False,False,True
20253,8103,3110997,대청초등학교,골목상권,강남구,일원1동,451044857,293134950,157909907,0.538693550530225,45808871,153722673,127767255,61618468,50493138,11634452,5,0,90208971.4,True,6706,3299,3407,0.4919475096928124,1778785,265.25275872353114,False,False,True
20254,8104,3110997,대청초등학교,골목상권,강남구,일원1동,453476290,301166363,152309927,0.5057335270871535,41300675,126462856,124838352,73091423,55687370,32095614,5,0,90695258.0,True,6706,3299,3407,0.4919475096928124,1879038,280.20250521920667,False,False,True
20234,8096,3111003,삼전역 4번,골목상권,송파구,잠실본동,52595410,29936700,22658710,0.7568873656749074,4439805,25835940,10626827,3708677,7519276,464885,2,0,26297705.0,True,10282,4955,5327,0.48191013421513323,2200455,214.01040653569345,False,False,False
20241,8097,3111003,삼전역 4번,골목상권,송파구,잠실본동,70399350,44646611,25752739,0.576812851483845,5184452,34903792,23171434,3300993,3354034,484645,2,0,35199675.0,True,10282,4955,5327,0.48191013421513323,2290699,222.78729819101343,False,False,False
20242,8098,3111003,삼전역 4번,골목상권,송파구,잠실본동,58579631,38633271,19946360,0.5163000564979341,3657247,22355080,22709896,4325229,4557390,974789,2,0,29289815.5,True,10282,4955,5327,0.48191013421513323,2254016,219.21960708033455,False,False,False
20243,8099,3111003,삼전역 4번,골목상권,송파구,잠실본동,57859944,39849041,18010903,0.45197832991765097,7065196,26411891,14386766,6061704,3579251,355136,2,0,28929972.0,True,10282,4955,5327,0.48191013421513323,2277163,221.47082279712117,False,False,False
20211,8085,3111005,삼전역 3번,골목상권,송파구,삼전동,270743019,168618268,102124751,0.6056565057351911,15760185,187569898,43432556,15182016,6971368,1826996,3,33,90247673.0,True,8660,4131,4529,0.47702078521939956,1297239,149.79665127020786,False,False,False
20212,8086,3111005,삼전역 3번,골목상권,송파구,삼전동,277896832,157130646,120766186,0.7685718163470161,19529719,170475390,39385033,8760706,9680850,30065134,3,0,92632277.33333333,True,8660,4131,4529,0.47702078521939956,1285233,148.41027713625866,False,False,False
20213,8087,3111005,삼전역 3번,골목상권,송파구,삼전동,165318404,96511425,68806979,0.71294128130426,1801954,86970587,24403670,8014901,5681628,38445664,3,0,55106134.666666664,True,8660,4131,4529,0.47702078521939956,1437109,165.94792147806004,False,False,False
20214,8088,3111005,삼전역 3번,골목상권,송파구,삼전동,145187756,85214056,59973700,0.7038005560960506,4106006,90833497,25507002,2726117,7783884,14231250,3,0,48395918.666666664,True,8660,4131,4529,0.47702078521939956,1463928,169.0448036951501,False,False,False
20221,8089,3111005,삼전역 3번,골목상권,송파구,삼전동,108516350,64765306,43751044,0.6755321128259627,2859225,70610857,16427589,15917762,2696875,4042,3,0,36172116.666666664,True,8660,4131,4529,0.47702078521939956,1474491,170.26454965357968,False,False,False
20222,8090,3111005,삼전역 3번,골목상권,송파구,삼전동,114079704,59605271,54474433,0.9139197269986408,3419919,62888012,30525306,10276878,2182731,4786858,3,0,38026568.0,True,8660,4131,4529,0.47702078521939956,1434984,165.7025404157044,False,False,False
20223,8091,3111005,삼전역 3번,골목상권,송파구,삼전동,211883106,121019017,90864089,0.7508248806879666,6317671,128440164,69798871,2523756,3481558,1321086,3,0,70627702.0,True,8660,4131,4529,0.47702078521939956,1413660,163.24018475750577,False,False,False
20224,8092,3111005,삼전역 3번,골목상권,송파구,삼전동,216135145,130331445,85803700,0.6583499477044853,1058658,136880062,56063050,5942317,15989802,201256,3,0,72045048.33333333,True,9342,4577,4765,0.48993791479340615,1480147,158.440055662599,False,False,False
20224,8092,3111019,한성백제역 3번,골목상권,송파구,방이2동,51601387,28065442,23535945,0.8386094542890149,1974663,25975004,13083765,5233245,4731124,603586,3,0,17200462.333333332,True,8922,4344,4578,0.48688634835238737,1424430,159.65366509751178,False,False,False
20231,8093,3111019,한성백제역 3번,골목상권,송파구,방이2동,90948940,58897750,32051190,0.5441836063347072,1669027,49226720,25651433,10323027,3935613,143120,3,0,30316313.333333332,True,8922,4344,4578,0.48688634835238737,1514379,169.73537323470075,False,False,False
20232,8094,3111019,한성백제역 3번,골목상권,송파구,방이2동,112092137,74204159,37887978,0.510591030349121,3766751,55832583,30871212,17464417,1845593,2311581,3,0,37364045.666666664,True,8922,4344,4578,0.48688634835238737,1441585,161.57644026003138,False,False,False
20233,8095,3111019,한성백제역 3번,골목상권,송파구,방이2동,114701605,74247903,40453702,0.5448463911499292,8544600,55592198,35912442,10297321,2585721,1769323,3,0,38233868.333333336,True,8922,4344,4578,0.48688634835238737,1435246,160.8659493387133,False,False,False
20234,8096,3111019,한성백제역 3번,골목상권,송파구,방이2동,94241346,60421025,33820321,0.5597442446565579,8294197,51266717,21399917,7712274,1461060,4107181,3,0,31413782.0,True,8124,3937,4187,0.4846134908911866,1444462,177.8018217626785,False,False,False
20241,8097,3111019,한성백제역 3번,골목상권,송파구,방이2동,76034907,51678135,24356772,0.47131677642778713,4956697,19579058,40895947,4095352,2738400,3769453,3,0,25344969.0,True,8124,3937,4187,0.4846134908911866,1455556,179.1674052191039,False,False,False
20224,8092,3111023,문정역 1번,골목상권,송파구,문정1동,8332105,5639421,2692684,0.4774752585416127,221041,5162891,1550877,1144678,162910,89708,3,0,2777368.3333333335,True,2201,1101,1100,0.5002271694684235,906787,411.9886415265788,False,False,False
20211,8085,3111042,거여역 1번(거여공원),골목상권,송파구,거여1동,256779566,166939409,89840157,0.5381602674776451,23479710,152004371,58534916,3932137,13515331,5313101,4,0,64194891.5,True,5657,2877,2780,0.5085734488244653,1718922,303.85752165458723,False,False,False
20212,8086,3111042,거여역 1번(거여공원),골목상권,송파구,거여1동,256480367,161659054,94821313,0.5865512054771767,20113616,171532471,47977362,5377035,8146359,3333524,4,0,64120091.75,True,5657,2877,2780,0.5085734488244653,1746628,308.75517058511576,False,False,False
20213,8087,3111042,거여역 1번(거여공원),골목상권,송파구,거여1동,216230484,135703254,80527230,0.5934067726924219,22347599,130939891,46995369,8828820,6793814,324991,4,0,54057621.0,True,5657,2877,2780,0.5085734488244653,1774771,313.7300689411349,False,False,False
20214,8088,3111042,거여역 1번(거여공원),골목상권,송파구,거여1동,206742176,133415907,73326269,0.5496066447309016,20613050,112895670,38199390,15798050,17491021,1744995,4,0,51685544.0,True,5657,2877,2780,0.5085734488244653,1741864,307.91302810677035,False,False,False
20221,8089,3111042,거여역 1번(거여공원),골목상권,송파구,거여1동,200724007,120029390,80694617,0.6722904865216761,9774821,89811746,71533599,14087364,14712384,804093,4,0,50181001.75,True,5657,2877,2780,0.5085734488244653,1835977,324.54958458546935,False,False,False
20222,8090,3111042,거여역 1번(거여공원),골목상권,송파구,거여1동,221752696,144134149,77618547,0.5385160112195202,14794165,90113956,94256843,9858845,12005140,723747,4,0,55438174.0,True,5657,2877,2780,0.5085734488244653,1905547,336.8476224147074,False,False,False
20223,8091,3111042,거여역 1번(거여공원),골목상권,송파구,거여1동,241533254,146786870,94746384,0.6454690668177611,21356532,104313666,88409903,14825678,10871920,1755555,4,0,60383313.5,True,5657,2877,2780,0.5085734488244653,1950369,344.770903305639,False,False,False
20224,8092,3111042,거여역 1번(거여공원),골목상권,송파구,거여1동,230629946,141038980,89590966,0.6352213125761403,27549385,81099236,74811535,13320269,29947899,3901622,4,0,57657486.5,True,5600,2883,2717,0.5148214285714285,2072931,370.16625,False,False,False
20231,8093,3111042,거여역 1번(거여공원),골목상권,송파구,거여1동,245773662,153578326,92195336,0.6003147605606797,19538242,87463638,77642798,23655638,35445395,2027951,3,33,81924554.0,True,5600,2883,2717,0.5148214285714285,2083844,372.115,False,False,False
20232,8094,3111042,거여역 1번(거여공원),골목상권,송파구,거여1동,247612587,152505605,95106982,0.6236294200465615,19527994,76322370,81268484,25401076,41997633,3095030,3,0,82537529.0,True,5600,2883,2717,0.5148214285714285,2014943,359.81125,False,False,False
20233,8095,3111042,거여역 1번(거여공원),골목상권,송파구,거여1동,270496873,164774750,105722123,0.6416160425065127,26520403,85384108,93017044,23489582,37309190,4776546,3,0,90165624.33333333,True,5600,2883,2717,0.5148214285714285,2158371,385.42339285714286,False,False,False
20234,8096,3111042,거여역 1번(거여공원),골목상권,송파구,거여1동,232150816,135813391,96337425,0.7093367177615055,20275509,73089846,98304794,25291689,12382030,2806948,3,0,77383605.33333333,True,5261,2649,2612,0.5035164417411139,2153412,409.31609960083637,False,False,False
20241,8097,3111042,거여역 1번(거여공원),골목상권,송파구,거여1동,218034056,133837186,84196870,0.6290992250838269,17309069,69371929,87339829,27262195,14659906,2091128,3,0,72678018.66666667,True,5261,2649,2612,0.5035164417411139,2180239,414.41532028131536,False,False,False
20242,8098,3111042,거여역 1번(거여공원),골목상권,송파구,거여1동,223128296,134376473,88751823,0.6604714427949006,11557531,64517694,95228811,37815323,8806302,5202635,3,0,74376098.66666667,True,5261,2649,2612,0.5035164417411139,1893697,359.9500095038966,False,False,False
20243,8099,3111042,거여역 1번(거여공원),골목상권,송파구,거여1동,236514196,155652056,80862140,0.5195057622624657,9117104,87887442,88407520,36439100,13620771,1042259,3,0,78838065.33333333,True,5261,2649,2612,0.5035164417411139,1887374,358.74814674016346,False,False,False
20244,8100,3111042,거여역 1번(거여공원),골목상권,송파구,거여1동,193292967,115956245,77336722,0.6669474507388541,5963346,58021258,90341204,27070599,11020171,876389,3,0,64430989.0,True,5261,2649,2612,0.5035164417411139,1878968,357.1503516441741,False,False,True
20251,8101,3111042,거여역 1번(거여공원),골목상권,송파구,거여1동,114756543,75161424,39595119,0.5268010755091601,2743141,38157217,40311571,14278517,18536062,730035,3,0,38252181.0,True,5261,2649,2612,0.5035164417411139,1872561,355.932522334157,False,False,True
20252,8102,3111042,거여역 1번(거여공원),골목상권,송파구,거여1동,97384205,65189813,32194392,0.49385617964573697,4745019,36064279,28741126,14583135,11564401,1686245,3,0,32461401.666666668,True,5261,2649,2612,0.5035164417411139,1945732,369.84071469302415,False,False,True
20253,8103,3111042,거여역 1번(거여공원),골목상권,송파구,거여1동,141520539,95540915,45979624,0.4812558472985108,9235685,47860685,50194157,14197507,16684620,3347885,3,0,47173513.0,True,5261,2649,2612,0.5035164417411139,1868951,355.24634099980995,False,False,True
20254,8104,3111042,거여역 1번(거여공원),골목상권,송파구,거여1동,122220753,78361638,43859115,0.5597013554004575,11684741,44930856,33890538,9552578,18522967,3639073,3,0,40740251.0,True,5261,2649,2612,0.5035164417411139,1783293,338.9646455046569,False,False,True
20211,8085,3111059,강동역 4번(강풀만화거리),골목상권,강동구,성내2동,359623578,234181202,125442376,0.5356637293201698,11323821,212977147,106473002,8688579,8938377,11222652,3,0,119874526.0,True,11270,5620,5650,0.4986690328305235,3568360,316.62466725820764,False,False,False
20212,8086,3111059,강동역 4번(강풀만화거리),골목상권,강동구,성내2동,405732229,262360973,143371256,0.5464656361066323,8653778,251762545,108229567,8484533,11689912,16911894,3,0,135244076.33333334,True,11270,5620,5650,0.4986690328305235,3470637,307.9535936113576,False,False,False
20213,8087,3111059,강동역 4번(강풀만화거리),골목상권,강동구,성내2동,349206950,230056934,119150016,0.517915343512315,11642548,226750292,86695401,7609262,12523437,3986010,4,0,87301737.5,True,11270,5620,5650,0.4986690328305235,3501585,310.6996450754215,False,False,False
20214,8088,3111059,강동역 4번(강풀만화거리),골목상권,강동구,성내2동,321239096,210103956,111135140,0.5289531054807936,15376639,219469333,66038075,8290885,9496558,2567606,5,0,64247819.2,True,11270,5620,5650,0.4986690328305235,3484675,309.19920141969834,False,False,False
20221,8089,3111059,강동역 4번(강풀만화거리),골목상권,강동구,성내2동,289962047,195280505,94681542,0.4848489202749655,5936052,210491850,47093839,6742304,15039599,4658403,5,0,57992409.4,True,11270,5620,5650,0.4986690328305235,3532807,313.47000887311447,False,False,False
20222,8090,3111059,강동역 4번(강풀만화거리),골목상권,강동구,성내2동,342762442,229611357,113151085,0.49279393875974525,7922504,217374403,76236449,12065791,24286445,4876850,4,25,85690610.5,True,11270,5620,5650,0.4986690328305235,3393472,301.1066548358474,False,False,False
20223,8091,3111059,강동역 4번(강풀만화거리),골목상권,강동구,성내2동,374710568,253416912,121293656,0.47863283883752794,6324964,194677351,117905672,21536932,30241908,4023741,4,0,93677642.0,True,11270,5620,5650,0.4986690328305235,3349057,297.1656610470275,False,False,False
20224,8092,3111059,강동역 4번(강풀만화거리),골목상권,강동구,성내2동,400214188,264178587,136035601,0.5149380294020575,10829788,229017366,108337904,18853696,27033379,6142055,3,33,133404729.33333333,True,11657,5873,5784,0.5038174487432444,3340728,286.58557090160417,False,False,False
20231,8093,3111059,강동역 4번(강풀만화거리),골목상권,강동구,성내2동,395244963,253082731,142162232,0.5617223721202851,4262830,198942900,137494580,21178301,29195898,4170454,3,0,131748321.0,True,11657,5873,5784,0.5038174487432444,3222278,276.42429441537274,False,False,False
20232,8094,3111059,강동역 4번(강풀만화거리),골목상권,강동구,성내2동,309154286,200442631,108711655,0.5423579527850041,3621638,159088570,91491888,26193713,27196253,1562224,4,25,77288571.5,True,11657,5873,5784,0.5038174487432444,3129557,268.47018958565667,False,False,False
20233,8095,3111059,강동역 4번(강풀만화거리),골목상권,강동구,성내2동,324882468,208954707,115927761,0.5547985143019535,6836633,174240800,76945175,30431289,35803683,624888,4,0,81220617.0,True,11657,5873,5784,0.5038174487432444,3305122,283.5310971948186,False,False,False
20234,8096,3111059,강동역 4번(강풀만화거리),골목상권,강동구,성내2동,300386824,195688042,104698782,0.5350290233881537,3466775,172952952,66137701,20148592,36841279,839525,3,33,100128941.33333333,True,10207,5102,5105,0.49985304202997943,3297129,323.0262564906437,False,False,False
20241,8097,3111059,강동역 4번(강풀만화거리),골목상권,강동구,성내2동,379508630,250898337,128610293,0.5125992246014768,4496483,146006656,182972912,14223015,30323414,1486150,3,0,126502876.66666667,True,10207,5102,5105,0.49985304202997943,3376397,330.79229940237093,False,False,False
20242,8098,3111059,강동역 4번(강풀만화거리),골목상권,강동구,성내2동,274089868,164908187,109181681,0.6620755645079041,1537770,132786179,84634413,20401266,17703376,17026864,3,0,91363289.33333333,True,10207,5102,5105,0.49985304202997943,3131184,306.76829626726754,False,False,False
20222,8090,3111060,암사역 2번(서울강동초등학교),골목상권,강동구,천호2동,105357379,64888438,40468941,0.6236695202926599,2558496,58572295,35597144,3375639,5038700,215105,1,0,105357379.0,True,9867,4868,4999,0.4933617107530151,3540886,358.8614573831965,False,False,False
20211,8085,3111066,암사동성당(효정하나플러스아파트),골목상권,강동구,암사1동,179071408,98932765,80138643,0.8100313682731903,10283159,111918523,35913525,15657339,4164657,1134205,2,0,89535704.0,True,5430,2691,2739,0.49558011049723755,914169,168.35524861878454,False,False,False
20212,8086,3111066,암사동성당(효정하나플러스아파트),골목상권,강동구,암사1동,195318001,122928282,72389719,0.5888776595771509,14638327,97351081,45434641,28709554,3482362,5702036,2,0,97659000.5,True,5430,2691,2739,0.49558011049723755,1162004,213.99705340699816,False,False,False
20213,8087,3111066,암사동성당(효정하나플러스아파트),골목상권,강동구,암사1동,151185924,89602161,61583763,0.6873022069188711,13096518,69939662,55824130,8546409,3779205,0,2,0,75592962.0,True,5430,2691,2739,0.49558011049723755,1597018,294.1101289134438,False,False,False
20214,8088,3111066,암사동성당(효정하나플러스아파트),골목상권,강동구,암사1동,114581244,63254057,51327187,0.8114449797267549,8546409,56116541,37061021,9547699,3309574,0,2,0,57290622.0,True,5430,2691,2739,0.49558011049723755,1310061,241.26353591160222,False,False,False
20221,8089,3111066,암사동성당(효정하나플러스아파트),골목상권,강동구,암사1동,63320515,35979981,27340534,0.7598818354017475,6091919,33924237,14438956,7886266,979137,0,2,33,31660257.5,True,5430,2691,2739,0.49558011049723755,1113036,204.9790055248619,False,False,False
20222,8090,3111066,암사동성당(효정하나플러스아파트),골목상권,강동구,암사1동,113863505,63404695,50458810,0.7958213504536218,5790646,44477653,44699180,16259886,354439,2281701,2,0,56931752.5,True,5430,2691,2739,0.49558011049723755,1235481,227.52872928176797,False,False,False
20223,8091,3111066,암사동성당(효정하나플러스아파트),골목상권,강동구,암사1동,188402012,118289561,70112451,0.5927188367872969,26500425,65374247,54961544,23545523,12250087,5770186,2,0,94201006.0,True,5430,2691,2739,0.49558011049723755,1242140,228.75506445672193,False,False,False
20211,8085,3111076,둔촌2동주민센터,골목상권,강동구,둔촌2동,58031285,33644051,24387234,0.7248602137715223,868799,32905433,16539736,2384246,4021382,1311689,2,0,29015642.5,True,2077,1038,1039,0.4997592681752528,542914,261.393355801637,False,False,False
20212,8086,3111076,둔촌2동주민센터,골목상권,강동구,둔촌2동,67220185,39077588,28142597,0.7201723146269928,2597366,31028571,25429861,2453197,4018541,1692649,2,0,33610092.5,True,2077,1038,1039,0.4997592681752528,512812,246.90033702455466,False,False,False
20213,8087,3111076,둔촌2동주민센터,골목상권,강동구,둔촌2동,50213503,30674001,19539502,0.637005325780618,4915652,22867540,17166575,912664,4019967,331105,2,0,25106751.5,True,2077,1038,1039,0.4997592681752528,470486,226.521906596052,False,False,False
20214,8088,3111076,둔촌2동주민센터,골목상권,강동구,둔촌2동,59852370,37165947,22686423,0.6104088508763142,5122484,28799026,21397943,1817457,1554431,212990,2,0,29926185.0,True,2077,1038,1039,0.4997592681752528,443091,213.3322099181512,False,False,False
20221,8089,3111076,둔촌2동주민센터,골목상권,강동구,둔촌2동,38217278,23405236,14812042,0.6328516405474399,1488611,24855635,7333141,1063795,3008961,467135,2,0,19108639.0,True,2077,1038,1039,0.4997592681752528,465820,224.27539720751082,False,False,False
20211,8085,3111089,상일여고(상일초등학교),골목상권,강동구,상일동,335269199,215384231,119884968,0.5566097733496562,18539106,201020652,71756493,11573608,31491871,887469,2,0,167634599.5,True,3621,1856,1765,0.5125655896161282,977123,269.8489367578017,False,False,False
20212,8086,3111089,상일여고(상일초등학교),골목상권,강동구,상일동,347708089,221178828,126529261,0.5720676890466206,25225668,210977708,64363900,13153329,32253104,1734380,2,0,173854044.5,True,3621,1856,1765,0.5125655896161282,1015413,280.4233637116819,False,False,False
20213,8087,3111089,상일여고(상일초등학교),골목상권,강동구,상일동,228153855,151167728,76986127,0.5092762060960525,33983707,125935331,29134093,20971546,18129178,0,2,0,114076927.5,True,3621,1856,1765,0.5125655896161282,844807,233.30764982049158,False,False,False
20214,8088,3111089,상일여고(상일초등학교),골목상권,강동구,상일동,215658500,134483051,81175449,0.6036110007646986,34641204,112840029,47857187,8682485,11449371,188224,2,0,107829250.0,True,3621,1856,1765,0.5125655896161282,819807,226.40347970173985,False,False,False
20221,8089,3111089,상일여고(상일초등학교),골목상권,강동구,상일동,108924979,77203931,31721048,0.41087348259507667,10196340,57714722,32167408,3100312,5665530,80667,2,0,54462489.5,True,3621,1856,1765,0.5125655896161282,801156,221.25269262634632,False,False,False
20222,8090,3111089,상일여고(상일초등학교),골목상권,강동구,상일동,155190334,107179878,48010456,0.4479428125491988,11696751,74560734,56238513,10986879,1707457,0,2,0,77595167.0,True,3621,1856,1765,0.5125655896161282,831137,229.53244959955813,False,False,False
20223,8091,3111089,상일여고(상일초등학교),골목상권,강동구,상일동,148521841,92208038,56313803,0.6107255313251541,15867247,75448074,41239784,5461172,6733026,3772538,2,0,74260920.5,True,3621,1856,1765,0.5125655896161282,878654,242.65506766086716,False,False,False
20224,8092,3111089,상일여고(상일초등학교),골목상권,강동구,상일동,135945817,90729136,45216681,0.4983700164410251,15178886,58650464,46520800,8714752,5972064,908851,2,0,67972908.5,True,4387,2269,2118,0.5172099384545248,863016,196.72122179165717,False,False,False
20231,8093,3111089,상일여고(상일초등학교),골목상권,강동구,상일동,161987892,103848321,58139571,0.5598508520903289,12831470,72745719,51807193,8884152,15531134,188224,2,0,80993946.0,True,4387,2269,2118,0.5172099384545248,872148,198.80282653293824,False,False,False
20232,8094,3111089,상일여고(상일초등학교),골목상권,강동구,상일동,144007164,93762226,50244938,0.5358761213710945,9096576,68647825,40148088,8133946,16560985,1419744,2,0,72003582.0,True,4387,2269,2118,0.5172099384545248,852368,194.29405060405745,False,False,False
20233,8095,3111089,상일여고(상일초등학교),골목상권,강동구,상일동,163480236,109559562,53920674,0.49215853929755576,14428681,95636394,34993451,12697025,4546943,1177742,2,0,81740118.0,True,4387,2269,2118,0.5172099384545248,889488,202.7554137223615,False,False,False
20234,8096,3111089,상일여고(상일초등학교),골목상권,강동구,상일동,143055291,94528565,48526726,0.513355153545386,17324635,60629502,39543082,11930685,11922619,1704768,2,0,71527645.5,True,3288,1699,1589,0.5167274939172749,896855,272.7661192214112,False,False,False
20241,8097,3111089,상일여고(상일초등학교),골목상권,강동구,상일동,136566956,86972735,49594221,0.5702272212090376,12428134,47854497,46614912,22721274,6308179,639960,3,0,45522318.666666664,True,3288,1699,1589,0.5167274939172749,915139,278.3269464720195,False,False,False
20211,8085,3111090,강일동주민센터,골목상권,강동구,강일동,177430808,112388321,65042487,0.578729946503961,14285669,96014535,33252776,22005513,11442284,430031,2,0,88715404.0,True,1002,537,465,0.5359281437125748,57267,57.15269461077844,False,False,False
20212,8086,3111090,강일동주민센터,골목상권,강동구,강일동,218626683,137624284,81002399,0.5885763518304662,17766860,114437171,48954062,25156818,11861840,449932,2,0,109313341.5,True,1002,537,465,0.5359281437125748,63856,63.728542914171655,False,False,False
20213,8087,3111090,강일동주민센터,골목상권,강동구,강일동,176031558,115316121,60715437,0.5265130015949808,16563029,83970857,45339502,23016818,6900709,240643,2,0,88015779.0,True,1002,537,465,0.5359281437125748,62625,62.5,False,False,False
20214,8088,3111090,강일동주민센터,골목상권,강동구,강일동,156212274,100238886,55973388,0.5583999407176173,17813941,77142151,36838224,11393033,12656254,368671,2,0,78106137.0,True,1002,537,465,0.5359281437125748,67691,67.5558882235529,False,False,False
20221,8089,3111090,강일동주민센터,골목상권,강동구,강일동,123312380,76995431,46316949,0.6015545130203895,7604621,68753555,32659722,6201930,7688336,404216,2,0,61656190.0,True,1002,537,465,0.5359281437125748,68031,67.89520958083833,False,False,False
20222,8090,3111090,강일동주민센터,골목상권,강동구,강일동,195964494,122969700,72994794,0.5935998380088754,12147516,122677557,35026577,13060658,10685501,2366685,2,0,97982247.0,True,1002,537,465,0.5359281437125748,68066,67.93013972055888,False,False,False
20223,8091,3111090,강일동주민센터,골목상권,강동구,강일동,235879573,149902836,85976737,0.5735497692652058,18947612,130790867,42375013,15202994,24056415,4506672,2,0,117939786.5,True,1002,537,465,0.5359281437125748,66364,66.23153692614771,False,False,False
20224,8092,3111090,강일동주민센터,골목상권,강동구,강일동,199659169,123937725,75721444,0.6109636432329221,21138570,107684974,31285934,21830520,14563243,3155928,2,0,99829584.5,True,604,322,282,0.5331125827814569,64294,106.44701986754967,False,False,False
20231,8093,3111090,강일동주민센터,골목상권,강동구,강일동,248776595,155403662,93372933,0.6008412658898604,15025843,127434996,58433803,24056447,21475702,2349804,2,0,124388297.5,True,604,322,282,0.5331125827814569,60448,100.0794701986755,False,False,False
20232,8094,3111090,강일동주민센터,골목상권,강동구,강일동,210143013,130343881,79799132,0.6122200090083246,11899655,110367425,50954853,17779228,15891394,3250458,2,0,105071506.5,True,604,322,282,0.5331125827814569,60230,99.71854304635761,False,False,False
20234,8096,3111090,강일동주민센터,골목상권,강동구,강일동,208446719,124596183,83850536,0.6729783688477841,20995965,91622031,59156301,12574166,20963262,3134994,3,0,69482239.66666667,True,902,500,402,0.5543237250554324,66284,73.48558758314856,False,False,False
20211,8085,3120006,종각역,발달상권,종로구,종로1·2·3·4가동,222933266,151042226,71891040,0.4759665022415652,5240634,151836881,43273607,10847885,11427006,307253,5,0,44586653.2,True,431,279,152,0.6473317865429234,1923268,4462.338747099768,False,False,False
20212,8086,3120006,종각역,발달상권,종로구,종로1·2·3·4가동,312408181,217611376,94796805,0.43562430761891785,9093458,208902711,65424788,11667374,16388724,931126,5,0,62481636.2,True,431,279,152,0.6473317865429234,2184169,5067.677494199536,False,False,False
20213,8087,3120006,종각역,발달상권,종로구,종로1·2·3·4가동,207996725,148330224,59666501,0.40225450613490615,7014429,130512017,54675815,7396349,8001866,396249,5,0,41599345.0,True,431,279,152,0.6473317865429234,2015849,4677.143851508121,False,False,False
20214,8088,3120006,종각역,발달상권,종로구,종로1·2·3·4가동,223137552,155022016,68115536,0.43939266020124523,7504016,137045915,55842852,8822634,12945710,976425,5,0,44627510.4,True,431,279,152,0.6473317865429234,2338078,5424.77494199536,False,False,False
20221,8089,3120006,종각역,발달상권,종로구,종로1·2·3·4가동,206772875,141408905,65363970,0.4622337610209201,2627750,123241444,54884343,12547994,12689281,782063,5,0,41354575.0,True,431,279,152,0.6473317865429234,2172020,5039.489559164733,False,False,False
20222,8090,3120006,종각역,발달상권,종로구,종로1·2·3·4가동,307482368,204539646,102942722,0.5032898218666126,7278927,167096602,91780256,13886342,25818676,1621565,5,0,61496473.6,True,431,279,152,0.6473317865429234,2587117,6002.591647331787,False,False,False
20223,8091,3120006,종각역,발달상권,종로구,종로1·2·3·4가동,370971532,247109119,123862413,0.5012458200702824,15541723,192898317,118816659,16096226,25807400,1811207,5,0,74194306.4,True,431,279,152,0.6473317865429234,2539478,5892.060324825986,False,False,False
20224,8092,3120006,종각역,발달상권,종로구,종로1·2·3·4가동,317592637,206726647,110865990,0.5362926918656984,12806031,179427025,86898082,19657804,17785842,1017853,6,0,52932106.166666664,True,300,187,113,0.6233333333333333,2598929,8663.096666666666,False,False,False
20231,8093,3120006,종각역,발달상권,종로구,종로1·2·3·4가동,293077088,204080389,88996699,0.4360864825674161,8977652,156704531,89059999,23037388,13970868,1326650,6,0,48846181.333333336,True,300,187,113,0.6233333333333333,2678514,8928.38,False,False,False
20232,8094,3120006,종각역,발달상권,종로구,종로1·2·3·4가동,243564648,174241231,69323417,0.3978588569544714,6300604,117928864,88235408,15653533,13869471,1576768,7,0,34794949.71428572,True,300,187,113,0.6233333333333333,2702051,9006.836666666666,False,False,False
20233,8095,3120006,종각역,발달상권,종로구,종로1·2·3·4가동,205273095,145851782,59421313,0.40740889267983027,8066650,87097412,80779535,14225167,12155921,2948410,7,13,29324727.85714286,True,300,187,113,0.6233333333333333,2698603,8995.343333333334,False,False,False
20234,8096,3120006,종각역,발달상권,종로구,종로1·2·3·4가동,193849521,128714959,65134562,0.5060372353457379,10138677,87050965,71687825,15172893,9049882,749279,7,0,27692788.714285713,True,430,284,146,0.6604651162790698,2782039,6469.858139534884,False,False,False
20241,8097,3120006,종각역,발달상권,종로구,종로1·2·3·4가동,20210037,15164113,5045924,0.33275431276461737,684888,6608872,9169883,2165884,1258554,321956,6,13,3368339.5,True,430,284,146,0.6604651162790698,2772892,6448.5860465116275,False,False,False
20244,8100,3120006,종각역,발달상권,종로구,종로1·2·3·4가동,46634626,22120724,24513902,1.108187146135,2318242,27385966,11918202,2862895,1893453,255868,7,0,6662089.428571428,True,430,284,146,0.6604651162790698,2839572,6603.655813953488,False,False,True
20251,8101,3120006,종각역,발달상권,종로구,종로1·2·3·4가동,82276901,37716328,44560573,1.181466366503123,1330950,48567992,22436109,6481188,2582133,878529,7,0,11753843.0,True,430,284,146,0.6604651162790698,2758592,6415.33023255814,False,False,True
20252,8102,3120006,종각역,발달상권,종로구,종로1·2·3·4가동,62635721,33659532,28976189,0.8608613155999911,1043175,35372500,15726062,5353008,3505116,1635860,7,0,8947960.142857144,True,430,284,146,0.6604651162790698,2856554,6643.148837209303,False,False,True
20253,8103,3120006,종각역,발달상권,종로구,종로1·2·3·4가동,75752257,40863322,34888935,0.8537958563427613,1595611,47749414,17413792,4236571,3050445,1706424,7,0,10821751.0,True,430,284,146,0.6604651162790698,2880768,6699.460465116279,False,False,True
20254,8104,3120006,종각역,발달상권,종로구,종로1·2·3·4가동,59389807,31757924,27631883,0.8700783779191612,1477229,35428680,15712059,3106707,2941430,723702,7,0,8484258.142857144,True,430,284,146,0.6604651162790698,2946462,6852.237209302326,False,False,True
20211,8085,3120009,종로3가역,발달상권,종로구,종로1·2·3·4가동,41868031,26016270,15851761,0.6093018330452444,502525,22921706,5431338,4972837,6572107,1467518,4,0,10467007.75,True,3706,2479,1227,0.6689152725310308,5087289,1372.716945493794,False,False,False
20212,8086,3120009,종로3가역,발달상권,종로구,종로1·2·3·4가동,45319304,29719072,15600232,0.524923254669594,631475,19293767,9731610,8206537,4865143,2590772,4,0,11329826.0,True,3706,2479,1227,0.6689152725310308,5719498,1543.307609282245,False,False,False
20213,8087,3120009,종로3가역,발달상권,종로구,종로1·2·3·4가동,39181943,24451483,14730460,0.602436261228,489824,24725517,4776445,2396166,2806559,3987432,4,0,9795485.75,True,3706,2479,1227,0.6689152725310308,5065112,1366.7328656233135,False,False,False
20214,8088,3120009,종로3가역,발달상권,종로구,종로1·2·3·4가동,46815252,31339462,15475790,0.49381160404093727,1157044,24704334,11383773,2994545,2909819,3665737,4,0,11703813.0,True,3706,2479,1227,0.6689152725310308,5739550,1548.7182946573125,False,False,False
20221,8089,3120009,종로3가역,발달상권,종로구,종로1·2·3·4가동,13243780,9129259,4114521,0.45069605320650885,99289,4940603,4904858,946552,1796462,556016,4,0,3310945.0,True,3706,2479,1227,0.6689152725310308,5319130,1435.2752293577983,False,False,False
20211,8085,3120012,대학로(혜화역),발달상권,종로구,혜화동,214628785,142489582,72139203,0.5062770343448688,27806796,135090825,36557562,6081693,7329116,1762793,8,0,26828598.125,True,2009,943,1066,0.46938775510204084,2814550,1400.9706321553012,True,True,False
20212,8086,3120012,대학로(혜화역),발달상권,종로구,혜화동,249709243,161026239,88683004,0.5507363554581933,29897532,155320368,38255470,12941474,11498444,1795955,8,0,31213655.375,True,2009,943,1066,0.46938775510204084,3021496,1503.9800895968144,True,True,False
20213,8087,3120012,대학로(혜화역),발달상권,종로구,혜화동,227049516,143260099,83789417,0.5848761629014371,35766394,134450231,35587289,10531786,9934642,779174,8,0,28381189.5,True,2009,943,1066,0.46938775510204084,2732619,1360.1886510701843,True,True,False
20214,8088,3120012,대학로(혜화역),발달상권,종로구,혜화동,265617725,183927429,81690296,0.44414417384152094,43445417,139215719,43195406,16020836,22840568,899779,8,0,33202215.625,True,2009,943,1066,0.46938775510204084,3329853,1657.4678944748632,True,True,False
20221,8089,3120012,대학로(혜화역),발달상권,종로구,혜화동,183164874,118491994,64672880,0.5457995752860738,16464951,111674839,28865334,9726569,14762497,1670684,8,0,22895609.25,True,2009,943,1066,0.46938775510204084,3127482,1556.7356893977103,True,True,False
20222,8090,3120012,대학로(혜화역),발달상권,종로구,혜화동,244335139,162168994,82166145,0.5066698816667753,21065943,149456204,37985736,12807567,21705832,1313857,8,0,30541892.375,True,2009,943,1066,0.46938775510204084,3615418,1799.6107516177203,True,True,False
20223,8091,3120012,대학로(혜화역),발달상권,종로구,혜화동,307599585,198269168,109330417,0.5514241982394358,38505154,181578345,47528532,13916056,23550480,2521018,7,14,43942797.85714286,True,2009,943,1066,0.46938775510204084,3571027,1777.5146839223494,True,True,False
20224,8092,3120012,대학로(혜화역),발달상권,종로구,혜화동,323724574,208033226,115691348,0.5561195690922949,51154446,175139412,44153161,16917463,34026861,2333231,7,0,46246367.71428572,True,1973,921,1052,0.4668018246325393,3761066,1906.2676127724278,True,True,False
20231,8093,3120012,대학로(혜화역),발달상권,종로구,혜화동,281692867,185204276,96488591,0.5209846828806479,25295270,155068517,50184627,12523290,36559405,2061758,7,0,40241838.14285714,True,1973,921,1052,0.4668018246325393,3464545,1755.978205778003,True,True,False
20232,8094,3120012,대학로(혜화역),발달상권,종로구,혜화동,289811935,195463379,94348556,0.48269172712910074,25762038,159682055,50830782,14731408,36393210,2412442,7,0,41401705.0,True,1973,921,1052,0.4668018246325393,3655665,1852.845919918905,True,True,False
20233,8095,3120012,대학로(혜화역),발달상권,종로구,혜화동,325034120,209426271,115607849,0.5520217136464222,37879827,177563371,49511385,18556620,37255816,4267101,6,14,54172353.333333336,True,1973,921,1052,0.4668018246325393,3524596,1786.4145970603142,True,True,False
20234,8096,3120012,대학로(혜화역),발달상권,종로구,혜화동,342164196,225197673,116966523,0.519394900674662,46092089,180160423,58455430,23260377,31080439,3115438,5,17,68432839.2,True,1866,894,972,0.4790996784565916,4029662,2159.518756698821,True,True,False
20241,8097,3120012,대학로(혜화역),발달상권,종로구,혜화동,308747643,207101304,101646339,0.4908049202819119,27593701,157460196,67047756,21413741,30299730,4932519,5,0,61749528.6,True,1866,894,972,0.4790996784565916,3705077,1985.5718113612004,True,True,False
20242,8098,3120012,대학로(혜화역),발달상권,종로구,혜화동,257442898,169604899,87837999,0.5178977701581603,19829721,135966485,54543323,19562173,24191423,3349773,5,0,51488579.6,True,1866,894,972,0.4790996784565916,3871488,2074.7524115755627,True,True,False
20243,8099,3120012,대학로(혜화역),발달상권,종로구,혜화동,262265009,169761691,92503318,0.544901016566806,24571447,137635023,55923065,19334724,22226833,2573917,5,0,52453001.8,True,1866,894,972,0.4790996784565916,3579858,1918.4662379421222,True,True,False
20244,8100,3120012,대학로(혜화역),발달상권,종로구,혜화동,296343085,198697524,97645561,0.4914281719987613,27043401,160242723,60679879,19660463,22564691,6151928,5,0,59268617.0,True,1866,894,972,0.4790996784565916,3847942,2062.1339764201502,True,True,True
20251,8101,3120012,대학로(혜화역),발달상권,종로구,혜화동,295446594,195181786,100264808,0.5136996133440443,13227669,175400972,58283240,13429374,28784521,6320818,5,0,59089318.8,True,1866,894,972,0.4790996784565916,3559167,1907.377813504823,True,True,True
20252,8102,3120012,대학로(혜화역),발달상권,종로구,혜화동,270167029,183218938,86948091,0.4745584269241862,16820134,165664352,46648900,14706290,23787529,2539824,5,0,54033405.8,True,1866,894,972,0.4790996784565916,3753523,2011.5342979635584,True,True,True
20253,8103,3120012,대학로(혜화역),발달상권,종로구,혜화동,526667956,327718097,198949859,0.6070762061089351,33082635,284064870,132161058,41285900,31641552,4431941,5,0,105333591.2,True,1866,894,972,0.4790996784565916,3494157,1872.5385852090033,True,True,True
20254,8104,3120012,대학로(혜화역),발달상권,종로구,혜화동,402842793,248628424,154214369,0.6202604131859035,23718169,196650843,109304940,41633784,27070158,4464899,4,20,100710698.25,True,1866,894,972,0.4790996784565916,3707419,1986.826902465166,True,True,True
20211,8085,3120017,동묘앞역(동묘),발달상권,종로구,창신1동,63896095,42435512,21460583,0.5057222592247738,3740338,37100045,17252169,1804721,3344089,654733,6,0,10649349.166666666,True,1020,521,499,0.5107843137254902,697650,683.9705882352941,False,False,False
20212,8086,3120017,동묘앞역(동묘),발달상권,종로구,창신1동,80503743,51610442,28893301,0.5598344032783134,4506774,45908093,18716941,2946867,7354655,1070413,6,0,13417290.5,True,1020,521,499,0.5107843137254902,721479,707.3323529411765,False,False,False
20213,8087,3120017,동묘앞역(동묘),발달상권,종로구,창신1동,70931612,46360311,24571301,0.5300072512455751,5979315,37252568,19760883,1836138,3580160,2522548,5,20,14186322.4,True,1020,521,499,0.5107843137254902,688217,674.7225490196079,False,False,False
20214,8088,3120017,동묘앞역(동묘),발달상권,종로구,창신1동,75251494,48076073,27175421,0.5652587514791402,4235351,42070989,20075996,1927348,6113417,828393,5,0,15050298.8,True,1020,521,499,0.5107843137254902,666475,653.406862745098,False,False,False
20221,8089,3120017,동묘앞역(동묘),발달상권,종로구,창신1동,68252161,41218945,27033216,0.655844442403851,1899867,35138440,24581460,1420351,4385057,826986,4,25,17063040.25,True,1020,521,499,0.5107843137254902,717764,703.6901960784314,False,False,False
20222,8090,3120017,동묘앞역(동묘),발달상권,종로구,창신1동,85251929,57562288,27689641,0.48103788021768695,1984607,52999058,22588022,2629625,4124541,926076,4,0,21312982.25,True,1020,521,499,0.5107843137254902,760986,746.064705882353,False,False,False
20223,8091,3120017,동묘앞역(동묘),발달상권,종로구,창신1동,95011972,62506427,32505545,0.5200352437358161,6529484,53709237,26172021,2184360,6019435,397435,4,0,23752993.0,True,1020,521,499,0.5107843137254902,726577,712.3303921568628,False,False,False
20224,8092,3120017,동묘앞역(동묘),발달상권,종로구,창신1동,82881010,52933876,29947134,0.5657461017968909,5273079,48284362,19376547,3973241,5523869,449912,3,33,27627003.333333332,True,991,513,478,0.5176589303733602,747631,754.4207870837538,False,False,False
20231,8093,3120017,동묘앞역(동묘),발달상권,종로구,창신1동,82086613,55671309,26415304,0.47448684923144163,2100931,47855609,20654780,5752722,4521862,1200709,3,0,27362204.333333332,True,991,513,478,0.5176589303733602,710141,716.590312815338,False,False,False
20232,8094,3120017,동묘앞역(동묘),발달상권,종로구,창신1동,67899613,46332379,21567234,0.465489458246899,4196323,36362859,18658864,4156945,3795192,729430,3,0,22633204.333333332,True,991,513,478,0.5176589303733602,733574,740.2361251261352,False,False,False
20233,8095,3120017,동묘앞역(동묘),발달상권,종로구,창신1동,75708156,50300556,25407600,0.5051156889796606,4665756,38494325,19005351,6788924,6126115,627685,3,0,25236052.0,True,991,513,478,0.5176589303733602,702910,709.2936427850656,False,False,False
20234,8096,3120017,동묘앞역(동묘),발달상권,종로구,창신1동,72137387,47499214,24638173,0.5187069621825742,5326898,30790990,25017725,4824296,5606262,571216,3,0,24045795.666666668,True,1185,562,623,0.4742616033755274,940316,793.515611814346,False,False,False
20241,8097,3120017,동묘앞역(동묘),발달상권,종로구,창신1동,66884714,44614921,22269793,0.49915571967503874,2284619,26217300,25383682,8124573,4225706,648834,3,0,22294904.666666668,True,1185,562,623,0.4742616033755274,944953,797.4286919831223,False,False,False
20242,8098,3120017,동묘앞역(동묘),발달상권,종로구,창신1동,62042148,39849805,22192343,0.5568996636244519,3240388,24133206,17562404,9204167,6850983,1051000,3,0,20680716.0,True,1185,562,623,0.4742616033755274,904069,762.9274261603375,False,False,False
20243,8099,3120017,동묘앞역(동묘),발달상권,종로구,창신1동,80507552,54089286,26418266,0.4884195735177573,5485181,29578423,25120381,11053909,8435498,834160,3,0,26835850.666666668,True,1185,562,623,0.4742616033755274,852174,719.1341772151899,False,False,False
20244,8100,3120017,동묘앞역(동묘),발달상권,종로구,창신1동,73935256,47599943,26335313,0.5532635406727273,5385912,28968743,24143824,8541662,6430253,464862,3,0,24645085.333333332,True,1185,562,623,0.4742616033755274,844041,712.2708860759494,False,False,True
20251,8101,3120017,동묘앞역(동묘),발달상권,종로구,창신1동,79906147,52014202,27891945,0.5362371030896523,2352454,33007294,27991784,9078778,6725313,750524,3,0,26635382.333333332,True,1185,562,623,0.4742616033755274,774272,653.3940928270042,False,False,True
20252,8102,3120017,동묘앞역(동묘),발달상권,종로구,창신1동,69706793,46059395,23647398,0.5134109555716049,3550085,30423319,21121223,4579171,8969049,1063946,3,0,23235597.666666668,True,1185,562,623,0.4742616033755274,796856,672.4523206751055,False,False,True
20253,8103,3120017,동묘앞역(동묘),발달상권,종로구,창신1동,77577551,51795395,25782156,0.4977692708010046,4010293,31900934,25641049,6015849,8648675,1360751,3,0,25859183.666666668,True,1185,562,623,0.4742616033755274,761079,642.2607594936709,False,False,True
20254,8104,3120017,동묘앞역(동묘),발달상권,종로구,창신1동,77420533,51579548,25840985,0.5009928547648382,3958624,29475912,25647748,5615091,12312193,410965,3,0,25806844.333333332,True,1185,562,623,0.4742616033755274,775903,654.7704641350211,False,False,True
20211,8085,3120032,충무로역,발달상권,중구,필동,93131560,65062958,28068602,0.431406792171976,4109152,61699153,16897137,4094345,4809233,1522540,4,0,23282890.0,True,2406,1270,1136,0.5278470490440565,1599415,664.7610141313384,False,False,False
20212,8086,3120032,충무로역,발달상권,중구,필동,113837182,79056881,34780301,0.43994021216192425,11851432,73439672,17297504,4495907,6393638,359029,3,33,37945727.333333336,True,2406,1270,1136,0.5278470490440565,1742262,724.1321695760598,False,False,False
20213,8087,3120032,충무로역,발달상권,중구,필동,89650837,63166694,26484143,0.41927385023506214,7779054,61105963,14466811,3434545,2342485,521979,3,0,29883612.333333332,True,2406,1270,1136,0.5278470490440565,1613077,670.4393183707398,False,False,False
20214,8088,3120032,충무로역,발달상권,중구,필동,110125409,73792803,36332606,0.4923597495002324,13515371,64544774,17919549,10136342,2755416,1253957,3,0,36708469.666666664,True,2406,1270,1136,0.5278470490440565,1757839,730.6064006650041,False,False,False
20221,8089,3120032,충무로역,발달상권,중구,필동,105666646,74955537,30711109,0.4097243543195481,5593453,48828625,32767879,14433080,2981652,1061957,3,0,35222215.333333336,True,2406,1270,1136,0.5278470490440565,1608754,668.6425602660016,False,False,False
20222,8090,3120032,충무로역,발달상권,중구,필동,114705307,83182899,31522408,0.3789529864786271,13200863,56020193,31305538,6629791,6320422,1228500,3,0,38235102.333333336,True,2406,1270,1136,0.5278470490440565,1843773,766.3229426433916,False,False,False
20223,8091,3120032,충무로역,발달상권,중구,필동,120943688,87613251,33330437,0.38042689455730844,9666695,66919938,31999053,6709274,5144072,504656,3,0,40314562.666666664,True,2406,1270,1136,0.5278470490440565,1720588,715.1238570241064,False,False,False
20224,8092,3120032,충무로역,발달상권,중구,필동,113843913,80262236,33581677,0.418399469957453,15723548,54792265,26941753,7529181,8035543,821623,3,0,37947971.0,True,2496,1260,1236,0.5048076923076923,1770514,709.3405448717949,False,False,False
20231,8093,3120032,충무로역,발달상권,중구,필동,103165461,75872263,27293198,0.3597256351771134,5136925,48343270,33439327,7093130,8152160,1000649,3,0,34388487.0,True,2496,1260,1236,0.5048076923076923,1654715,662.9467147435897,False,False,False
20232,8094,3120032,충무로역,발달상권,중구,필동,125756880,94146989,31609891,0.33575041895391894,10288788,54480673,33190880,18399663,8662484,734392,3,0,41918960.0,True,2496,1260,1236,0.5048076923076923,1743287,698.4322916666666,False,False,False
20233,8095,3120032,충무로역,발달상권,중구,필동,116542499,80942675,35599824,0.43981526432132373,8181002,51493054,35100717,11217934,9450699,1099093,3,0,38847499.666666664,True,2496,1260,1236,0.5048076923076923,1637726,656.1402243589744,False,False,False
20234,8096,3120032,충무로역,발달상권,중구,필동,141678472,101909259,39769213,0.3902414107436499,10818560,62106805,42870151,13016472,12227272,639212,3,0,47226157.333333336,True,2345,1265,1080,0.5394456289978679,1911083,814.9607675906184,False,False,False
20241,8097,3120032,충무로역,발달상권,중구,필동,128650628,89138636,39511992,0.4432644897101634,4255731,54403996,45080173,14255413,9398962,1256353,3,0,42883542.666666664,True,2345,1265,1080,0.5394456289978679,1859044,792.7692963752665,False,False,False
20242,8098,3120032,충무로역,발달상권,중구,필동,142246006,106079398,36166608,0.34093903888858795,10479049,67081858,35837176,15709415,11913879,1224629,3,0,47415335.333333336,True,2345,1265,1080,0.5394456289978679,1910720,814.8059701492538,False,False,False
20243,8099,3120032,충무로역,발달상권,중구,필동,139943719,98374701,41569018,0.42255801112930447,7885929,65476665,36300942,15301585,13610914,1367684,3,0,46647906.333333336,True,2345,1265,1080,0.5394456289978679,1768787,754.280170575693,False,False,False
20252,8102,3120037,동대문역사문화공원역,발달상권,중구,광희동,468000000,315509307,152490693,0.48331598978790186,15215305,250371762,120634229,55447477,22867145,3464082,3,0,156000000.0,True,1663,870,793,0.5231509320505111,3964721,2384.077570655442,False,False,True
20253,8103,3120037,동대문역사문화공원역,발달상권,중구,광희동,468000000,301348485,166651515,0.5530192560948166,24222142,233289906,138526443,46515626,21045596,4400287,3,0,156000000.0,True,1663,870,793,0.5231509320505111,3979203,2392.7859290438964,False,False,True
20254,8104,3120037,동대문역사문화공원역,발달상권,중구,광희동,468000000,296313308,171686692,0.5794093190036541,23739005,258736619,107811577,50178104,23836018,3698677,3,0,156000000.0,True,1663,870,793,0.5231509320505111,4048333,2434.3553818400483,False,False,True
20211,8085,3120038,약수역,발달상권,중구,다산동,222542172,147560096,74982076,0.5081460234344114,25864699,104077544,64183791,3105815,23504083,1806240,3,0,74180724.0,True,2176,1022,1154,0.4696691176470588,1092781,502.19715073529414,False,False,False
20212,8086,3120038,약수역,발달상권,중구,다산동,272794523,176434109,96360414,0.5461552448455418,39051526,155521881,42304386,2381169,23523873,10011688,3,33,90931507.66666667,True,2176,1022,1154,0.4696691176470588,1114861,512.3442095588235,False,False,False
20213,8087,3120038,약수역,발달상권,중구,다산동,220546093,134905964,85640129,0.6348135135078239,36102310,117114115,45361263,4218044,14152346,3598015,3,0,73515364.33333333,True,2176,1022,1154,0.4696691176470588,1019420,468.4834558823529,False,False,False
20214,8088,3120038,약수역,발달상권,중구,다산동,246587330,165275883,81311447,0.49197405891336243,34981477,130707302,55279380,9902426,9849970,5866775,3,0,82195776.66666667,True,2176,1022,1154,0.4696691176470588,1086883,499.4866727941176,False,False,False
20221,8089,3120038,약수역,발달상권,중구,다산동,224911653,137692640,87219013,0.6334326438944013,15623784,132105574,45386213,11319340,20153760,322982,3,0,74970551.0,True,2176,1022,1154,0.4696691176470588,1079978,496.3134191176471,False,False,False
20222,8090,3120038,약수역,발달상권,중구,다산동,234802161,152610227,82191934,0.5385742201929887,27701098,122756924,58243867,6036947,19552803,510522,3,0,78267387.0,True,2176,1022,1154,0.4696691176470588,1148637,527.8662683823529,False,False,False
20223,8091,3120038,약수역,발달상권,중구,다산동,289083550,177658032,111425518,0.6271909957890336,35090440,155788741,66223295,11033759,19315416,1631899,3,0,96361183.33333333,True,2176,1022,1154,0.4696691176470588,1159638,532.921875,False,False,False
20224,8092,3120038,약수역,발달상권,중구,다산동,300548333,179400570,121147763,0.6752919625617689,37093435,165047695,59780982,5573350,32303765,749106,3,0,100182777.66666667,True,2438,1145,1293,0.4696472518457752,1093077,448.3498769483183,False,False,False
20231,8093,3120038,약수역,발달상권,중구,다산동,274564719,170992141,103572578,0.6057154287576293,17420261,169431390,64651424,13682404,8169145,1210095,3,0,91521573.0,True,2438,1145,1293,0.4696472518457752,1035788,424.8515176374077,False,False,False
20232,8094,3120038,약수역,발달상권,중구,다산동,225351897,132921409,92430488,0.695376980242513,17317017,114262112,64332394,18998446,9865321,576607,3,0,75117299.0,True,2438,1145,1293,0.4696472518457752,1038149,425.8199343724364,False,False,False
20233,8095,3120038,약수역,발달상권,중구,다산동,357074736,223484894,133589842,0.5977578153447812,27629342,170491967,121834637,20608488,15512262,998040,3,0,119024912.0,True,2438,1145,1293,0.4696472518457752,1017724,417.44216570959804,False,False,False
20234,8096,3120038,약수역,발달상권,중구,다산동,297941443,194723825,103217618,0.5300718491946221,31348102,145635762,66623814,26503167,21708932,6121666,3,0,99313814.33333333,True,1826,847,979,0.463855421686747,1040170,569.644030668127,False,False,False
20241,8097,3120038,약수역,발달상권,중구,다산동,251158030,170180801,80977229,0.47583057856214933,12256336,110530976,82306787,17840576,17104933,11118422,3,0,83719343.33333333,True,1826,847,979,0.463855421686747,982116,537.8510405257393,False,False,False
20211,8085,3120039,신당역,발달상권,중구,신당동,211887057,137705607,74181450,0.5386959297888284,8419542,110997765,57945410,25586082,6152045,2786213,3,33,70629019.0,True,3369,1652,1717,0.4903532205402196,2416321,717.2220243395666,False,False,False
20212,8086,3120039,신당역,발달상권,중구,신당동,212625596,137834165,74791431,0.54261895807908,7584305,122913185,48145417,23415405,9112635,1454649,3,0,70875198.66666667,True,3369,1652,1717,0.4903532205402196,2535966,752.7355298308104,False,False,False
20213,8087,3120039,신당역,발달상권,중구,신당동,178479506,117382708,61096798,0.5204923198738949,6159368,105826984,32985965,17815077,14722984,969128,3,0,59493168.666666664,True,3369,1652,1717,0.4903532205402196,2445923,726.0086078955179,False,False,False
20214,8088,3120039,신당역,발달상권,중구,신당동,206763803,138070952,68692851,0.49751848600276183,9718802,112994698,35163304,27290970,20799737,796292,3,0,68921267.66666667,True,3369,1652,1717,0.4903532205402196,2625979,779.4535470466013,False,False,False
20221,8089,3120039,신당역,발달상권,중구,신당동,162029745,105883703,56146042,0.530261413316835,2723856,82002753,30162523,29756600,15940561,1443452,3,0,54009915.0,True,3369,1652,1717,0.4903532205402196,2453786,728.342534876818,False,False,False
20222,8090,3120039,신당역,발달상권,중구,신당동,197114485,126403010,70711475,0.5594129048034536,4514420,104516273,40051452,33347408,13767510,917422,3,0,65704828.333333336,True,3369,1652,1717,0.4903532205402196,2627413,779.8791926387652,False,False,False
20223,8091,3120039,신당역,발달상권,중구,신당동,227236488,142712086,84524402,0.5922722060134417,8898760,108039143,49267042,33344815,19449921,2902519,3,0,75745496.0,True,3369,1652,1717,0.4903532205402196,2296055,681.5241911546453,False,False,False
20224,8092,3120039,신당역,발달상권,중구,신당동,214895141,135854092,79041049,0.5818083786537692,12329063,95998938,53001685,33719943,16753201,3092311,3,0,71631713.66666667,True,2615,1365,1250,0.5219885277246654,2346281,897.2393881453155,False,False,False
20211,8085,3120042,"숙대입구역(남영역, 남영동)",발달상권,용산구,남영동,373561399,255772278,117789121,0.460523407466387,49823346,222262064,61621177,22479725,16578578,796509,3,33,124520466.33333333,True,316,158,158,0.5,268760,850.506329113924,False,False,False
20212,8086,3120042,"숙대입구역(남영역, 남영동)",발달상권,용산구,남영동,480696236,322397872,158298364,0.49100312920179573,60161074,282701693,88790790,31556984,16243680,1242015,3,0,160232078.66666666,True,316,158,158,0.5,302606,957.6139240506329,False,False,False
20213,8087,3120042,"숙대입구역(남영역, 남영동)",발달상권,용산구,남영동,380892053,250866216,130025837,0.5183074830610113,52271801,226839837,68283279,21304786,11341792,850558,3,0,126964017.66666667,True,316,158,158,0.5,284741,901.0791139240506,False,False,False
20214,8088,3120042,"숙대입구역(남영역, 남영동)",발달상권,용산구,남영동,413447596,267057497,146390099,0.5481594811771938,50690125,236215958,71470446,34829528,18207878,2033661,3,0,137815865.33333334,True,316,158,158,0.5,320324,1013.6835443037975,False,False,False
20221,8089,3120042,"숙대입구역(남영역, 남영동)",발달상권,용산구,남영동,328406673,210936809,117469864,0.5568959943828485,29425867,192982690,65923805,22358309,13994939,3721063,3,0,109468891.0,True,316,158,158,0.5,302290,956.6139240506329,False,False,False
20222,8090,3120042,"숙대입구역(남영역, 남영동)",발달상권,용산구,남영동,499371219,324906256,174464963,0.5369701560932701,46907750,280760599,89661067,52088187,25277741,4675875,3,0,166457073.0,True,316,158,158,0.5,358262,1133.740506329114,False,False,False
20223,8091,3120042,"숙대입구역(남영역, 남영동)",발달상권,용산구,남영동,565185143,378610998,186574145,0.4927858566855472,47782008,324123557,124033890,36874219,27938056,4433413,3,0,188395047.66666666,True,316,158,158,0.5,365062,1155.259493670886,False,False,False
20224,8092,3120042,"숙대입구역(남영역, 남영동)",발달상권,용산구,남영동,544628224,363600664,181027560,0.49787466834769034,64022416,308851251,112663525,31248183,23316624,4526225,3,0,181542741.33333334,True,192,96,96,0.5,400638,2086.65625,False,False,False
20211,8085,3120048,금호역,발달상권,성동구,금호4가동,101030614,63747807,37282807,0.5848484638851968,6922547,58853767,19466149,7683667,4496710,3607774,4,0,25257653.5,True,1469,733,736,0.4989788972089857,871825,593.4819605173587,False,False,False
20212,8086,3120048,금호역,발달상권,성동구,금호4가동,115382909,70834898,44548011,0.6288992044571025,10073225,67749553,17980172,8183004,8101535,3295420,3,33,38460969.666666664,True,1469,733,736,0.4989788972089857,839448,571.4417971409122,False,False,False
20213,8087,3120048,금호역,발달상권,성동구,금호4가동,97485566,62708951,34776615,0.5545717867294575,7691592,57136474,13377301,10352043,6110553,2817603,3,0,32495188.666666668,True,1469,733,736,0.4989788972089857,809631,551.14431586113,False,False,False
20214,8088,3120048,금호역,발달상권,성동구,금호4가동,109365027,70878737,38486290,0.5429878074717951,7221539,64927264,16391237,13844479,6040231,940277,3,0,36455009.0,True,1469,733,736,0.4989788972089857,814874,554.713410483322,False,False,False
20221,8089,3120048,금호역,발달상권,성동구,금호4가동,77364533,48874627,28489906,0.5829181264135274,3236938,42879941,14028114,9806544,6756413,656583,3,0,25788177.666666668,True,1469,733,736,0.4989788972089857,827607,563.3812117086453,False,False,False
20222,8090,3120048,금호역,발달상권,성동구,금호4가동,103912763,65454829,38457934,0.5875492242138468,4837383,58064178,18700542,10644138,10404479,1262043,3,0,34637587.666666664,True,1469,733,736,0.4989788972089857,877862,597.5915588835943,False,False,False
20223,8091,3120048,금호역,발달상권,성동구,금호4가동,130926692,90248359,40678333,0.4507376472075243,6641422,68744894,28657772,13002744,13034799,845061,3,0,43642230.666666664,True,1469,733,736,0.4989788972089857,820152,558.3063308373042,False,False,False
20224,8092,3120048,금호역,발달상권,성동구,금호4가동,108201577,71721624,36479953,0.5086325568980423,4307156,55655991,21595463,11444216,14570485,628266,3,0,36067192.333333336,True,1531,740,791,0.48334421946440237,871498,569.2344872632267,False,False,False
20231,8093,3120048,금호역,발달상권,성동구,금호4가동,120076780,81950070,38126710,0.46524316574714336,3821307,48283066,33208702,10460509,21811116,2492080,3,33,40025593.333333336,True,1531,740,791,0.48334421946440237,1032994,674.7184846505552,False,False,False
20233,8095,3120048,금호역,발달상권,성동구,금호4가동,124925642,82471230,42454412,0.5147784506184763,6399832,51336929,36689657,11310847,18335626,852751,3,0,41641880.666666664,True,1531,740,791,0.48334421946440237,944268,616.7655127367733,False,False,False
20234,8096,3120048,금호역,발달상권,성동구,금호4가동,62704367,41027342,21677025,0.5283555780922878,5221007,27765032,15702400,4134033,8492794,1389101,3,0,20901455.666666668,True,1306,635,671,0.48621745788667686,970851,743.3774885145482,False,False,False
20211,8085,3120049,왕십리역(왕십리),발달상권,성동구,행당1동,213000000,140633240,72366760,0.514577919132063,4182730,163583572,35026969,5371712,4676634,158383,3,0,71000000.0,True,2400,1136,1264,0.47333333333333333,1815916,756.6316666666667,False,False,False
20212,8086,3120049,왕십리역(왕십리),발달상권,성동구,행당1동,213000000,138028462,74971538,0.5431599897128463,8491315,144040814,54419714,1513188,4031977,502992,3,0,71000000.0,True,2400,1136,1264,0.47333333333333333,2013013,838.7554166666666,False,False,False
20213,8087,3120049,왕십리역(왕십리),발달상권,성동구,행당1동,213000000,136703161,76296839,0.5581205177837841,6530400,163014009,34736980,3666299,5052312,0,3,0,71000000.0,True,2400,1136,1264,0.47333333333333333,1913208,797.17,False,False,False
20214,8088,3120049,왕십리역(왕십리),발달상권,성동구,행당1동,213000000,150843613,62156387,0.41205846083784803,5413377,161516068,40317180,1982969,3032367,738039,3,0,71000000.0,True,2400,1136,1264,0.47333333333333333,2124549,885.22875,False,False,False
20221,8089,3120049,왕십리역(왕십리),발달상권,성동구,행당1동,213000000,143497228,69502772,0.484349230773991,9766544,139533926,54483255,2472913,6553123,190239,3,0,71000000.0,True,2400,1136,1264,0.47333333333333333,1993597,830.6654166666667,False,False,False
20222,8090,3120049,왕십리역(왕십리),발달상권,성동구,행당1동,213000000,149208415,63791585,0.4275334269853346,16920557,132494964,50729655,4207578,7448615,1198631,3,0,71000000.0,True,2400,1136,1264,0.47333333333333333,2181685,909.0354166666667,False,False,False
20223,8091,3120049,왕십리역(왕십리),발달상권,성동구,행당1동,213000000,150880887,62119113,0.41170962230623687,28620300,126783188,47604828,3327299,6412156,252229,3,0,71000000.0,True,2400,1136,1264,0.47333333333333333,2187635,911.5145833333333,False,False,False
20224,8092,3120049,왕십리역(왕십리),발달상권,성동구,행당1동,213000000,132057808,80942192,0.6129299980505507,16093108,132561492,47968492,5444451,7241185,3691272,3,0,71000000.0,True,2362,1132,1230,0.4792548687552921,2336681,989.2806943268416,False,False,False
20211,8085,3120052,성수역,발달상권,성동구,성수2가3동,152341361,104788802,47552559,0.4537942804232078,6267431,90362739,36327407,12876610,5433202,1073972,6,0,25390226.833333332,True,1062,596,466,0.5612052730696798,1250905,1177.876647834275,False,False,False
20212,8086,3120052,성수역,발달상권,성동구,성수2가3동,193465560,133529655,59935905,0.44885838280642604,7124021,119159493,46903349,12440588,7054248,783861,5,20,38693112.0,True,1062,596,466,0.5612052730696798,1311262,1234.7099811676082,False,False,False
20213,8087,3120052,성수역,발달상권,성동구,성수2가3동,166583344,109376491,57206853,0.5230269546679825,9328681,103744147,36859940,9299587,5870336,1480653,5,0,33316668.8,True,1062,596,466,0.5612052730696798,1260955,1187.3399246704332,False,False,False
20214,8088,3120052,성수역,발달상권,성동구,성수2가3동,169394028,117079019,52315009,0.4468350473623289,7277303,99702909,39464779,15109865,5080242,2758930,7,0,24199146.85714286,True,1062,596,466,0.5612052730696798,1333319,1255.4792843691148,False,False,False
20221,8089,3120052,성수역,발달상권,성동구,성수2가3동,152242704,101159017,51083687,0.5049840193682388,4725103,77271320,42144749,19593219,6140580,2367733,5,40,30448540.8,True,1062,596,466,0.5612052730696798,1301597,1225.6092278719398,False,False,False
20222,8090,3120052,성수역,발달상권,성동구,성수2가3동,214674526,151290636,63383890,0.41895448175655764,7682830,95649363,79720895,23169692,4882106,3569640,5,0,42934905.2,True,1062,596,466,0.5612052730696798,1386093,1305.1723163841807,False,False,False
20223,8091,3120052,성수역,발달상권,성동구,성수2가3동,218773417,149843014,68930403,0.4600174620086059,2248809,128798931,67466816,12546114,6776102,936645,5,0,43754683.4,True,1062,596,466,0.5612052730696798,1373427,1293.2457627118645,False,False,False
20224,8092,3120052,성수역,발달상권,성동구,성수2가3동,239424384,149787546,89636838,0.5984265073679758,1751475,132440087,77090854,18472680,9177813,491475,5,40,47884876.8,True,993,581,412,0.5850956696878147,1401866,1411.7482376636456,False,False,False
20231,8093,3120052,성수역,발달상권,성동구,성수2가3동,260041863,172885011,87156852,0.5041319169074756,3394139,147191368,93250277,9231639,5178848,1795592,5,0,52008372.6,True,993,581,412,0.5850956696878147,1417339,1427.330312185297,False,False,False
20232,8094,3120052,성수역,발달상권,성동구,성수2가3동,250455259,163738365,86716894,0.5296064486780481,4564799,119831010,98227348,22529911,4094966,1207225,5,0,50091051.8,True,993,581,412,0.5850956696878147,1426481,1436.5367573011079,False,False,False
20233,8095,3120052,성수역,발달상권,성동구,성수2가3동,253683935,163498101,90185834,0.5516017216615867,4879015,130206365,99206915,13058164,5728729,604747,4,25,63420983.75,True,993,581,412,0.5850956696878147,1387647,1397.429003021148,False,False,False
20234,8096,3120052,성수역,발달상권,성동구,성수2가3동,266998430,168849661,98148769,0.581279040885963,4263747,126713794,113282857,15369874,6200935,1167223,4,0,66749607.5,True,936,513,423,0.5480769230769231,1418127,1515.0929487179487,False,False,False
20241,8097,3120052,성수역,발달상권,성동구,성수2가3동,264632130,173936467,90695663,0.5214298333425388,2851787,114239169,119079043,21169988,5812024,1480119,4,0,66158032.5,True,936,513,423,0.5480769230769231,1421488,1518.6837606837607,False,False,False
20242,8098,3120052,성수역,발달상권,성동구,성수2가3동,239679749,153263168,86416581,0.5638444130294893,2020698,110663405,103731346,18385548,3747607,1131145,4,0,59919937.25,True,936,513,423,0.5480769230769231,1412970,1509.5833333333333,False,False,False
20243,8099,3120052,성수역,발달상권,성동구,성수2가3동,258380953,180695783,77685170,0.42992242934634506,4822627,139059719,84363030,17109535,11283539,1742503,4,0,64595238.25,True,936,513,423,0.5480769230769231,1383668,1478.2777777777778,False,False,False
20244,8100,3120052,성수역,발달상권,성동구,성수2가3동,229069597,159292517,69777080,0.43804367784583376,3420767,105767721,93995881,15307164,9357499,1220565,4,0,57267399.25,True,936,513,423,0.5480769230769231,1418431,1515.417735042735,False,False,True
20251,8101,3120052,성수역,발달상권,성동구,성수2가3동,233226583,168354789,64871794,0.38532788039667826,1554065,104064422,104044580,11952456,7930195,3680865,4,0,58306645.75,True,936,513,423,0.5480769230769231,1335392,1426.7008547008547,False,False,True
20252,8102,3120052,성수역,발달상권,성동구,성수2가3동,247668236,180760391,66907845,0.37014660473930927,3300659,114200927,104577835,16686894,4576334,4325587,4,0,61917059.0,True,936,513,423,0.5480769230769231,1359267,1452.2083333333333,False,False,True
20253,8103,3120052,성수역,발달상권,성동구,성수2가3동,225402407,146106313,79296094,0.5427287320569099,4358843,113534829,77764384,20565256,8254699,924396,4,0,56350601.75,True,936,513,423,0.5480769230769231,1395702,1491.1346153846155,False,False,True
20254,8104,3120052,성수역,발달상권,성동구,성수2가3동,180283621,121002618,59281003,0.48991504464804225,4068553,86132058,64593067,18272388,6440136,777419,4,0,45070905.25,True,936,513,423,0.5480769230769231,1412367,1508.9391025641025,False,False,True
20211,8085,3120053,건대입구역(건대),발달상권,광진구,화양동,238243070,149228869,89014201,0.5964945093834357,15194038,173480562,31272819,6123995,10382255,1789401,10,10,23824307.0,True,4276,1997,2279,0.4670252572497661,2240305,523.9253975678204,False,False,False
20212,8086,3120053,건대입구역(건대),발달상권,광진구,화양동,322701862,202164165,120537697,0.5962367118821479,24479936,231281579,42539577,7980822,14774361,1645587,9,11,35855762.44444445,True,4276,1997,2279,0.4670252572497661,2417025,565.2537418147801,False,False,False
20213,8087,3120053,건대입구역(건대),발달상권,광진구,화양동,233547145,139274959,94272186,0.6768782175696063,18585301,171891348,25074481,4851345,11826766,1317904,9,0,25949682.777777776,True,4276,1997,2279,0.4670252572497661,2300008,537.887745556595,False,False,False
20214,8088,3120053,건대입구역(건대),발달상권,광진구,화양동,258606968,154139138,104467830,0.6777501895722292,22835600,184035121,29415305,7384725,13718346,1217871,9,0,28734107.555555556,True,4276,1997,2279,0.4670252572497661,2630063,615.0755378858746,False,False,False
20221,8089,3120053,건대입구역(건대),발달상권,광진구,화양동,230671955,143402872,87269083,0.6085588230059995,12897879,166645295,32137809,7706821,10001019,1283132,8,13,28833994.375,True,4276,1997,2279,0.4670252572497661,2578659,603.0540224508887,False,False,False
20222,8090,3120053,건대입구역(건대),발달상권,광진구,화양동,360137686,225482441,134655245,0.5971872772124194,31799811,250474605,47102970,11354375,16981637,2424288,8,0,45017210.75,True,4276,1997,2279,0.4670252572497661,3026292,707.7390084190832,False,False,False
20223,8091,3120053,건대입구역(건대),발달상권,광진구,화양동,423262075,261063590,162198485,0.6212987609647136,38552096,283858634,60912340,14190831,22861715,2886459,7,14,60466010.71428572,True,4276,1997,2279,0.4670252572497661,2901669,678.5942469597755,False,False,False
20224,8092,3120053,건대입구역(건대),발달상권,광진구,화양동,394516127,238387155,156128972,0.6549386941590876,33119006,256633604,51310249,19932909,31492540,2027819,7,0,56359446.71428572,True,4782,2180,2602,0.45587620242576327,2888248,603.9832705980762,False,False,False
20231,8093,3120053,건대입구역(건대),발달상권,광진구,화양동,405255372,256562361,148693011,0.5795589439559297,23543820,243066893,78623267,18164327,39682392,2174673,6,33,67542562.0,True,4782,2180,2602,0.45587620242576327,2949174,616.723964868256,False,False,False
20232,8094,3120053,건대입구역(건대),발달상권,광진구,화양동,382730315,239747203,142983112,0.5963911578980965,32554328,231471739,76476390,15596939,24440134,2190785,7,0,54675759.28571428,True,4782,2180,2602,0.45587620242576327,2960313,619.0533249686324,False,False,False
20233,8095,3120053,건대입구역(건대),발달상권,광진구,화양동,394838536,249458934,145379602,0.5827796971184043,36765012,236091603,80489901,13848432,25611608,2031980,7,0,56405505.14285714,True,4782,2180,2602,0.45587620242576327,2918008,610.2066081137599,False,False,False
20234,8096,3120053,건대입구역(건대),발달상권,광진구,화양동,327497815,207578742,119919073,0.5777040165317121,45092224,189276371,53727780,13850561,23533583,2017296,7,0,46785402.14285714,True,4002,1899,2103,0.4745127436281859,2998446,749.2368815592204,False,False,False
20241,8097,3120053,건대입구역(건대),발달상권,광진구,화양동,313555911,195930318,117625593,0.6003440110784692,19101342,201728424,57907314,12526914,20646756,1645161,9,0,34839545.666666664,True,4002,1899,2103,0.4745127436281859,2923076,730.4037981009495,False,False,False
20242,8098,3120053,건대입구역(건대),발달상권,광진구,화양동,289744048,187259496,102484552,0.5472862748706746,20915293,176289114,58311710,15990741,16315151,1922039,9,0,32193783.111111112,True,4002,1899,2103,0.4745127436281859,2961943,740.1156921539231,False,False,False
20243,8099,3120053,건대입구역(건대),발달상권,광진구,화양동,489977503,315066597,174910906,0.5551553470455645,32076094,300288540,104453807,25468818,25299642,2390602,13,0,37690577.15384615,True,4002,1899,2103,0.4745127436281859,2767204,691.455272363818,False,False,False
20244,8100,3120053,건대입구역(건대),발달상권,광진구,화양동,499802299,311690478,188111821,0.603521231084897,38996205,301148187,101933688,33364139,20930310,3429770,15,7,33320153.266666666,True,4002,1899,2103,0.4745127436281859,2865300,715.9670164917542,False,False,True
20251,8101,3120053,건대입구역(건대),발달상권,광진구,화양동,496680611,301777503,194903108,0.6458503568438632,17467828,287104718,131084134,31636946,25129177,4257808,14,7,35477186.5,True,4002,1899,2103,0.4745127436281859,2642429,660.2771114442778,False,False,True
20252,8102,3120053,건대입구역(건대),발달상권,광진구,화양동,513204595,315840810,197363785,0.6248837349422958,27085363,289564527,137509513,28477886,24275986,6291320,15,0,34213639.666666664,True,4002,1899,2103,0.4745127436281859,2619460,654.5377311344328,False,False,True
20253,8103,3120053,건대입구역(건대),발달상권,광진구,화양동,513898411,323088194,190810217,0.5905824494472243,28858126,280471584,141128594,36751548,22866095,3822464,14,7,36707029.35714286,True,4002,1899,2103,0.4745127436281859,2659320,664.4977511244377,False,False,True
20254,8104,3120053,건대입구역(건대),발달상권,광진구,화양동,528641726,330633644,198008082,0.5988745718811362,33068736,300467641,135376429,36778107,18784369,4166444,15,0,35242781.733333334,True,4002,1899,2103,0.4745127436281859,2771403,692.5044977511244,False,False,True
20211,8085,3120054,어린이대공원역,발달상권,광진구,군자동,15987702,9935454,6052248,0.6091566625943817,346523,12138437,2222631,267930,776998,235183,3,33,5329234.0,True,4222,1933,2289,0.45783988630980577,1371519,324.850544765514,False,False,False
20212,8086,3120054,어린이대공원역,발달상권,광진구,군자동,30147523,19656562,10490961,0.533712914801683,1292020,23303987,3536680,552532,1233075,229229,3,0,10049174.333333334,True,4222,1933,2289,0.45783988630980577,1424049,337.2925153955471,False,False,False
20213,8087,3120054,어린이대공원역,발달상권,광진구,군자동,19662515,11263197,8399318,0.7457312519704663,367958,16150842,2417326,256022,440597,29770,3,0,6554171.666666667,True,4222,1933,2289,0.45783988630980577,1352719,320.39767882520135,False,False,False
20231,8093,3120054,어린이대공원역,발달상권,광진구,군자동,30932857,22641901,8290956,0.3661775572642951,1193779,19648227,6349949,635292,2989507,116103,3,0,10310952.333333334,True,2783,1407,1376,0.5055695292849443,1433965,515.2587136183975,False,False,False
20232,8094,3120054,어린이대공원역,발달상권,광진구,군자동,32445175,24264964,8180211,0.3371202611304101,1845146,22168559,3284826,1457541,3606938,82165,3,0,10815058.333333334,True,2783,1407,1376,0.5055695292849443,1726235,620.2784764642472,False,False,False
20233,8095,3120054,어린이대공원역,발달상권,광진구,군자동,27365811,19085574,8280237,0.43384794190627957,1490288,17706624,2392321,3795084,1923740,57754,3,0,9121937.0,True,2783,1407,1376,0.5055695292849443,1721312,618.5095220984549,False,False,False
20234,8096,3120054,어린이대공원역,발달상권,광진구,군자동,27520614,20656240,6864374,0.33231478720231755,931802,20635995,1968991,1745715,2049964,188147,3,0,9173538.0,True,4920,2050,2870,0.4166666666666667,1829276,371.8040650406504,False,False,False
20241,8097,3120054,어린이대공원역,발달상권,광진구,군자동,23259331,16905810,6353521,0.375818786559177,266740,17844756,2936517,711504,1493860,5954,3,0,7753110.333333333,True,4920,2050,2870,0.4166666666666667,1774003,360.56971544715446,False,False,False
20242,8098,3120054,어린이대공원역,발달상권,광진구,군자동,13479278,10989312,2489966,0.22658069950147924,955618,9571663,1078867,888338,754372,230420,3,33,4493092.666666667,True,4920,2050,2870,0.4166666666666667,1939153,394.13678861788617,False,False,False
20253,8103,3120054,어린이대공원역,발달상권,광진구,군자동,12983905,9013774,3970131,0.4404515799930196,1665968,7440264,2350772,517651,999593,9657,3,0,4327968.333333333,True,4920,2050,2870,0.4166666666666667,1875698,381.23943089430895,False,False,True
20254,8104,3120054,어린이대공원역,발달상권,광진구,군자동,7782483,5435413,2347070,0.43181079340245165,207199,5347295,1093751,350096,471557,312585,3,0,2594161.0,True,4920,2050,2870,0.4166666666666667,2015441,409.64247967479673,False,False,True
20211,8085,3120055,군자역,발달상권,광진구,군자동,146448431,95757922,50690509,0.5293609963674859,4202036,96492329,33895710,4785151,5636182,1437023,3,0,48816143.666666664,True,6446,2864,3582,0.4443065466956252,2286578,354.72820353707726,False,False,False
20212,8086,3120055,군자역,발달상권,광진구,군자동,221047873,141491443,79556430,0.5622702568663464,5546067,144081816,58962685,2493295,7988625,1975385,3,0,73682624.33333333,True,6446,2864,3582,0.4443065466956252,2233715,346.5273037542662,False,False,False
20213,8087,3120055,군자역,발달상권,광진구,군자동,159225730,99053116,60172614,0.6074782543943393,5524925,103509823,40608202,4154685,3034029,2394066,3,0,53075243.333333336,True,6446,2864,3582,0.4443065466956252,2267193,351.72091219360846,False,False,False
20214,8088,3120055,군자역,발달상권,광진구,군자동,170689432,105044421,65645011,0.624926201459095,7010178,108633202,44629338,4283848,4971034,1161832,3,0,56896477.333333336,True,6446,2864,3582,0.4443065466956252,2391732,371.04126590133416,False,False,False
20221,8089,3120055,군자역,발달상권,광진구,군자동,141345229,86915541,54429688,0.6262365438190162,2249857,81482402,46596998,3871642,5578242,1566088,3,0,47115076.333333336,True,6446,2864,3582,0.4443065466956252,2274031,352.7817251008377,False,False,False
20222,8090,3120055,군자역,발달상권,광진구,군자동,177816563,106306491,71510072,0.6726783221543828,4111588,93745154,66919168,5370026,6787980,882647,3,0,59272187.666666664,True,6446,2864,3582,0.4443065466956252,2371361,367.8810114799876,False,False,False
20223,8091,3120055,군자역,발달상권,광진구,군자동,229083922,140224513,88859409,0.6336938321190675,9097038,126042145,76115280,6332550,10070449,1426460,3,0,76361307.33333333,True,6446,2864,3582,0.4443065466956252,2358970,365.95873409866584,False,False,False
20224,8092,3120055,군자역,발달상권,광진구,군자동,247683409,151004848,96678561,0.6402348155073803,7800155,146793223,72356192,11164285,8478298,1091256,3,0,82561136.33333333,True,5277,2519,2758,0.47735455751373884,2456740,465.5561872275914,False,False,False
20231,8093,3120055,군자역,발달상권,광진구,군자동,206990527,133283836,73706691,0.5530054747223812,5516586,104707055,72935455,11607890,11441968,781573,3,0,68996842.33333333,True,5277,2519,2758,0.47735455751373884,2462275,466.60507864316844,False,False,False
20232,8094,3120055,군자역,발달상권,광진구,군자동,169489765,99695138,69794627,0.7000805495650149,5672658,95357047,51517004,8294417,7598618,1050021,3,0,56496588.333333336,True,5277,2519,2758,0.47735455751373884,2371736,449.4477923062346,False,False,False
20233,8095,3120055,군자역,발달상권,광진구,군자동,223990918,141337520,82653398,0.5847944551453853,7600414,128602556,67269550,10588699,8390804,1538895,3,0,74663639.33333333,True,5277,2519,2758,0.47735455751373884,2437900,461.9859768808035,False,False,False
20234,8096,3120055,군자역,발달상권,광진구,군자동,193037537,127044491,65993046,0.519448308860555,5128891,121436451,51262540,9266640,4836635,1106380,3,25,64345845.666666664,True,6506,2810,3696,0.43190900707039653,2686568,412.9369812480787,False,False,False
20241,8097,3120055,군자역,발달상권,광진구,군자동,143725113,95828183,47896930,0.4998209138537042,953978,70051405,58456697,8899104,4422271,941658,3,0,47908371.0,True,6506,2810,3696,0.43190900707039653,2759423,424.13510605594837,False,False,False
20242,8098,3120055,군자역,발달상권,광진구,군자동,123188177,79531346,43656831,0.5489260926125907,4269141,62857847,46716778,4457473,4658125,228813,4,0,30797044.25,True,6506,2810,3696,0.43190900707039653,2630541,404.3253919458961,False,False,False
20243,8099,3120055,군자역,발달상권,광진구,군자동,159817778,101893514,57924264,0.5684784215018829,1134708,99805753,50840315,3928413,3751888,356701,4,20,39954444.5,True,6506,2810,3696,0.43190900707039653,2548764,391.75591761450966,False,False,False
20244,8100,3120055,군자역,발달상권,광진구,군자동,151137806,94548585,56589221,0.5985200201568326,1362324,85286897,52241756,4936222,7149557,161050,4,20,37784451.5,True,6506,2810,3696,0.43190900707039653,2559314,393.37749769443593,False,False,True
20251,8101,3120055,군자역,발달상권,광진구,군자동,157904980,98074081,59830899,0.6100582171144688,1883315,67515530,67916395,6758814,13372418,458508,4,0,39476245.0,True,6506,2810,3696,0.43190900707039653,2464418,378.79157700584074,False,False,True
20252,8102,3120055,군자역,발달상권,광진구,군자동,137306880,79558627,57748253,0.7258578381449443,2553036,64671637,58678469,5014547,6093493,295698,4,0,34326720.0,True,6506,2810,3696,0.43190900707039653,2465582,378.9704887795881,False,False,True
20253,8103,3120055,군자역,발달상권,광진구,군자동,234466998,148899828,85567170,0.5746626517258301,5123839,100731599,98018147,16556663,11831437,2205313,5,0,46893399.6,True,6506,2810,3696,0.43190900707039653,2323338,357.10697817399324,False,False,True
20254,8104,3120055,군자역,발달상권,광진구,군자동,157055650,98506812,58548838,0.5943633421006458,4118066,52526762,78626212,13467866,7087851,1228893,4,20,39263912.5,True,6506,2810,3696,0.43190900707039653,2357349,362.33461420227485,False,False,True
20211,8085,3120056,구의역,발달상권,광진구,구의1동,111135548,68053530,43082018,0.6330607390975898,100557,63743458,19042336,26716698,1532499,0,4,0,27783887.0,True,4390,1983,2407,0.45170842824601365,1401965,319.35421412300684,False,False,False
20212,8086,3120056,구의역,발달상권,광진구,구의1동,130875376,83223306,47652070,0.5725808345080644,1457131,83119558,24788787,20498456,946717,64727,3,25,43625125.333333336,True,4390,1983,2407,0.45170842824601365,1416117,322.57790432801823,False,False,False
20213,8087,3120056,구의역,발달상권,광진구,구의1동,89082633,51893104,37189529,0.7166564752033334,2217971,56187985,13680892,16206967,322951,465867,3,0,29694211.0,True,4390,1983,2407,0.45170842824601365,1438299,327.63075170842825,False,False,False
20253,8103,3120056,구의역,발달상권,광진구,구의1동,17116427,7730417,9386010,1.214166066332515,364321,5283623,4646606,4087605,1258863,1475409,3,0,5705475.666666667,True,4317,1927,2390,0.4463747973129488,1442030,334.0352096363215,False,False,True
20254,8104,3120056,구의역,발달상권,광진구,구의1동,40968435,24022763,16945672,0.7054006235669061,1470190,14743392,5480468,8996382,7891995,2386008,3,0,13656145.0,True,4317,1927,2390,0.4463747973129488,1413059,327.32429928190874,False,False,True
20211,8085,3120059,구삼강변맛길,발달상권,광진구,구의3동,288899654,185134103,103765551,0.5604885827005087,39254483,193368033,23668920,16879177,15290620,438421,5,17,57779930.8,True,4389,2089,2300,0.4759626338573707,1147428,261.43267259056734,False,False,False
20212,8086,3120059,구삼강변맛길,발달상권,광진구,구의3동,324688820,202966683,121722137,0.5997148655181008,29170590,228302021,36485029,16533044,13295417,902719,5,0,64937764.0,True,4389,2089,2300,0.4759626338573707,1110823,253.09250398724083,False,False,False
20213,8087,3120059,구삼강변맛길,발달상권,광진구,구의3동,272589443,177315434,95274009,0.5373136835905666,28559869,180294876,40829798,9281405,13067211,556284,5,0,54517888.6,True,4389,2089,2300,0.4759626338573707,1120354,255.26406926406926,False,False,False
20214,8088,3120059,구삼강변맛길,발달상권,광진구,구의3동,291982798,193904712,98078086,0.5058055835177435,32536730,186172277,41915008,18456974,12170534,731275,5,0,58396559.6,True,4389,2089,2300,0.4759626338573707,1154064,262.94463431305536,False,False,False
20221,8089,3120059,구삼강변맛길,발달상권,광진구,구의3동,251653608,161149621,90503987,0.5616146438222154,21549718,133429904,57577891,13312837,23748895,2034363,5,0,50330721.6,True,4389,2089,2300,0.4759626338573707,1189881,271.10526315789474,False,False,False
20222,8090,3120059,구삼강변맛길,발달상권,광진구,구의3동,316252461,198555214,117697247,0.5927683520816532,28276029,193369840,55703460,13566236,23264677,2072219,5,0,63250492.2,True,4389,2089,2300,0.4759626338573707,1113618,253.72932330827066,False,False,False
20223,8091,3120059,구삼강변맛길,발달상권,광진구,구의3동,321321941,202869172,118452769,0.5838874769992161,39241498,192443451,59304852,12265894,17342433,723813,5,0,64264388.2,True,4389,2089,2300,0.4759626338573707,1118551,254.85326953748006,False,False,False
20224,8092,3120059,구삼강변맛길,발달상권,광진구,구의3동,319564670,201296388,118268282,0.5875330559831009,44035689,174056289,55015910,21253111,24400235,803436,5,17,63912934.0,True,3771,1821,1950,0.48289578361177404,1164704,308.85812781755504,False,False,False
20231,8093,3120059,구삼강변맛길,발달상권,광진구,구의3동,326469788,214113887,112355901,0.5247483130321201,29329287,178563519,71693560,17461441,27590557,1831424,5,0,65293957.6,True,3771,1821,1950,0.48289578361177404,1204093,319.30336780694773,False,False,False
20232,8094,3120059,구삼강변맛길,발달상권,광진구,구의3동,298710335,185672406,113037929,0.6088030603750565,23902388,161554230,72459516,18817123,19619056,2358022,5,0,59742067.0,True,3771,1821,1950,0.48289578361177404,1179388,312.7520551577831,False,False,False
20233,8095,3120059,구삼강변맛길,발달상권,광진구,구의3동,307757594,191155768,116601826,0.6099832990652942,34415998,160309385,66662743,24033021,20950975,1385472,5,0,61551518.8,True,3771,1821,1950,0.48289578361177404,1103200,292.54839565102094,False,False,False
20234,8096,3120059,구삼강변맛길,발달상권,광진구,구의3동,287855512,187391476,100464036,0.5361184945253327,32622598,146529718,54658125,32317001,18765192,2962878,5,0,57571102.4,True,4133,1966,2167,0.47568352286474713,1093518,264.58214372126787,False,False,False
20241,8097,3120059,구삼강변맛길,발달상권,광진구,구의3동,293574720,189760768,103813952,0.547078055670601,23396277,151390660,75263476,25310192,15983408,2230707,5,0,58714944.0,True,4133,1966,2167,0.47568352286474713,1084599,262.4241471086378,False,False,False
20242,8098,3120059,구삼강변맛길,발달상권,광진구,구의3동,288431885,181862254,106569631,0.5859909280570118,28161255,151136475,69933908,24109951,11479563,3610733,5,0,57686377.0,True,4133,1966,2167,0.47568352286474713,974677,235.82796999758045,False,False,False
20243,8099,3120059,구삼강변맛길,발달상권,광진구,구의3동,344607201,223754177,120853024,0.540115163973006,37553901,180809973,69243479,32867521,20177117,3955210,5,0,68921440.2,True,4133,1966,2167,0.47568352286474713,960162,232.31599322526012,False,False,False
20244,8100,3120059,구삼강변맛길,발달상권,광진구,구의3동,300862695,202106338,98756357,0.48863562606334493,37076005,137117573,68145976,39530489,15694548,3298104,6,0,50143782.5,True,4133,1966,2167,0.47568352286474713,953108,230.60924268086137,False,False,True
20251,8101,3120059,구삼강변맛길,발달상권,광진구,구의3동,315673597,207776250,107897347,0.5192958627369586,29907337,145177946,70281636,40224458,28612437,1469783,5,17,63134719.4,True,4133,1966,2167,0.47568352286474713,969506,234.5768207113477,False,False,True
20252,8102,3120059,구삼강변맛길,발달상권,광진구,구의3동,321478823,202938446,118540377,0.5841198616451414,28916750,143258150,76887669,46733643,23702659,1979952,5,0,64295764.6,True,4133,1966,2167,0.47568352286474713,936922,226.69295910960562,False,False,True
20253,8103,3120059,구삼강변맛길,발달상권,광진구,구의3동,305638380,195941161,109697219,0.5598477545001379,26325889,142243810,69475364,40997454,23973248,2622615,5,20,61127676.0,True,4133,1966,2167,0.47568352286474713,963627,233.1543672876845,False,False,True
20254,8104,3120059,구삼강변맛길,발달상권,광진구,구의3동,278044104,182021271,96022833,0.5275363284327358,38102462,118498982,58206291,35995341,26370716,870312,5,0,55608820.8,True,4133,1966,2167,0.47568352286474713,1012739,245.0372610694411,False,False,True
20232,8094,3120060,강변역(테크노마트),발달상권,광진구,구의3동,41563537,24141561,17421976,0.7216590509619489,3318005,26257194,8435429,2352795,1169998,30116,3,25,13854512.333333334,True,2,0,2,0.0,299010,149505.0,False,False,False
20233,8095,3120060,강변역(테크노마트),발달상권,광진구,구의3동,126471958,79149532,47322426,0.5978863652661901,6652777,83723776,23809531,4549860,7191096,544918,3,0,42157319.333333336,True,2,0,2,0.0,309649,154824.5,False,False,False
20234,8096,3120060,강변역(테크노마트),발달상권,광진구,구의3동,96330582,59849084,36481498,0.6095581680080517,3077321,62727806,20762986,4426642,4865268,470559,3,0,32110194.0,True,5,3,2,0.6,321100,64220.0,False,False,False
20241,8097,3120060,강변역(테크노마트),발달상권,광진구,구의3동,92153525,59539644,32613881,0.5477674841320852,2524455,55955865,23802758,4336672,4863699,670076,3,0,30717841.666666668,True,5,3,2,0.6,311767,62353.4,False,False,False
20242,8098,3120060,강변역(테크노마트),발달상권,광진구,구의3동,72602362,47397715,25204647,0.5317692424624267,3035405,41890200,20323389,2844792,3872380,636196,3,0,24200787.333333332,True,5,3,2,0.6,303540,60708.0,False,False,False
20243,8099,3120060,강변역(테크노마트),발달상권,광진구,구의3동,82581224,56631966,25949258,0.4582086731723211,3557426,46972328,21897182,3970765,5957654,225869,3,0,27527074.666666668,True,5,3,2,0.6,302438,60487.6,False,False,False
20244,8100,3120060,강변역(테크노마트),발달상권,광진구,구의3동,61104911,35901771,25203140,0.7020026950759616,4239636,36748274,14024131,3470922,2343377,278571,3,0,20368303.666666668,True,5,3,2,0.6,297858,59571.6,False,False,True
20251,8101,3120060,강변역(테크노마트),발달상권,광진구,구의3동,45072025,28041554,17030471,0.6073297863592011,1892140,26195614,10160439,3910471,2656957,256404,3,0,15024008.333333334,True,5,3,2,0.6,293043,58608.6,False,False,True
20252,8102,3120060,강변역(테크노마트),발달상권,광진구,구의3동,35939415,22274381,13665034,0.6134865880223562,1946538,22407958,5762698,1947042,3811113,64066,3,0,11979805.0,True,5,3,2,0.6,284791,56958.2,False,False,True
20253,8103,3120060,강변역(테크노마트),발달상권,광진구,구의3동,43016623,27138080,15878543,0.5851019305713595,1555544,26871634,7493089,3415439,3415742,265175,2,33,21508311.5,True,5,3,2,0.6,290138,58027.6,False,False,True
20254,8104,3120060,강변역(테크노마트),발달상권,광진구,구의3동,40603597,23012218,17591379,0.7644364832629345,1444589,22633467,8956161,2937702,4167778,463900,2,0,20301798.5,True,5,3,2,0.6,312679,62535.8,False,False,True
20211,8085,3120062,신설동역,발달상권,동대문구,용신동,52939841,37759199,15180642,0.4020382423896227,43237,19296841,11267660,3350896,14657470,4323737,4,0,13234960.25,True,3593,1835,1758,0.5107152797105483,1710203,475.9819092680211,False,False,False
20212,8086,3120062,신설동역,발달상권,동대문구,용신동,58400722,42069967,16330755,0.38818083693766625,86475,10666661,21666249,2032156,17895949,6053232,4,0,14600180.5,True,3593,1835,1758,0.5107152797105483,1784270,496.5961591984414,False,False,False
20213,8087,3120062,신설동역,발달상권,동대문구,용신동,64946861,45524634,19422227,0.4266311509500549,0,14309112,18190236,6078091,19796592,6572830,4,0,16236715.25,True,3593,1835,1758,0.5107152797105483,1512182,420.86891177289175,False,False,False
20214,8088,3120062,신설동역,발달상권,동대문구,용신동,83750794,59542187,24208607,0.4065790697274858,86475,6204563,31087673,11812450,26664489,7895144,4,0,20937698.5,True,3593,1835,1758,0.5107152797105483,1559499,434.0381296966323,False,False,False
20221,8089,3120062,신설동역,발달상권,동대문구,용신동,62015366,41663534,20351832,0.4884806939324926,0,7774080,18025662,5421967,23374124,7419533,4,0,15503841.5,True,3593,1835,1758,0.5107152797105483,1662677,462.7545226829947,False,False,False
20222,8090,3120062,신설동역,발달상권,동대문구,용신동,79842135,55841070,24001065,0.429810263306201,0,5123629,28502078,12041608,33915396,259424,4,0,19960533.75,True,3593,1835,1758,0.5107152797105483,1913061,532.4411355413304,False,False,False
20223,8091,3120062,신설동역,발달상권,동대문구,용신동,75769174,50458016,25311158,0.5016280862093349,164302,8444259,30728801,7103901,27944315,1383596,4,0,18942293.5,True,3593,1835,1758,0.5107152797105483,1836919,511.24937378235455,False,False,False
20224,8092,3120062,신설동역,발달상권,동대문구,용신동,84667426,52187510,32479916,0.622369528647755,272395,11345487,30235897,6118088,34615842,2079717,4,0,21166856.5,True,2696,1448,1248,0.5370919881305638,1895632,703.1275964391691,False,False,False
20231,8093,3120062,신설동역,발달상권,동대문구,용신동,95701605,62581775,33119830,0.5292248422164441,216187,8163216,41935930,7609777,34425599,3350896,5,0,19140321.0,True,2696,1448,1248,0.5370919881305638,1990097,738.1665430267062,False,False,False
20232,8094,3120062,신설동역,발달상권,동대문구,용신동,93371111,62612042,30759069,0.49126442801530096,129712,13196047,48335060,7186052,22794745,1729495,5,0,18674222.2,True,2696,1448,1248,0.5370919881305638,2042002,757.4191394658753,False,False,False
20233,8095,3120062,신설동역,발달상권,동대문구,용신동,110951427,76927937,34023490,0.4422774264699182,0,14260747,50365826,13951499,31054518,1318837,5,0,22190285.4,True,2696,1448,1248,0.5370919881305638,1948921,722.8935459940653,False,False,False
20234,8096,3120062,신설동역,발달상권,동대문구,용신동,92722550,67843764,24878786,0.36670704178500474,0,5400349,45273855,12521543,28601523,925280,5,0,18544510.0,True,3738,1822,1916,0.48742643124665597,2018192,539.912252541466,False,False,False
20241,8097,3120062,신설동역,발달상권,동대문구,용신동,97188970,69205740,27983230,0.4043483965347383,389136,13572212,49208456,475611,33392224,151331,5,0,19437794.0,True,3738,1822,1916,0.48742643124665597,1981961,530.2196361690744,False,False,False
20242,8098,3120062,신설동역,발달상권,동대문구,용신동,76115074,51443829,24671245,0.4795763744568858,99446,11643824,28713941,2200782,32678808,778273,5,0,15223014.8,True,3738,1822,1916,0.48742643124665597,2010415,537.8317281968967,False,False,False
20243,8099,3120062,신설동역,발달상권,동대문구,용신동,92960355,71315725,21644630,0.3035043112861855,0,5335492,39864860,1846236,41287368,4626399,5,0,18592071.0,True,3738,1822,1916,0.48742643124665597,1888867,505.3148742643125,False,False,False
20244,8100,3120062,신설동역,발달상권,동대문구,용신동,61695409,44270746,17424663,0.3935931642082562,175435,11416658,24154932,2334818,23483854,129712,5,0,12339081.8,True,3738,1822,1916,0.48742643124665597,1960247,524.4106474050294,False,False,True
20251,8101,3120062,신설동역,발달상권,동대문구,용신동,54098603,33163067,20935536,0.63129070661649,0,3138750,23798683,8358478,17851470,951222,5,0,10819720.6,True,3738,1822,1916,0.48742643124665597,1842173,492.8231674692349,False,False,True
20252,8102,3120062,신설동역,발달상권,동대문구,용신동,42822296,32683132,10139164,0.3102262047590788,0,3299069,14169311,9653705,11052560,4647651,5,0,8564459.2,True,3738,1822,1916,0.48742643124665597,1880513,503.0799892990904,False,False,True
20253,8103,3120062,신설동역,발달상권,동대문구,용신동,45719200,34563957,11155243,0.3227420691444559,0,2788810,14743945,7851907,13420881,6913657,5,0,9143840.0,True,3738,1822,1916,0.48742643124665597,1844784,493.52166934189404,False,False,True
20254,8104,3120062,신설동역,발달상권,동대문구,용신동,47747032,32229138,15517894,0.481486473513502,0,2140250,13049039,4181054,21458709,6917980,5,0,9549406.4,True,3738,1822,1916,0.48742643124665597,1824034,487.97057249866236,False,False,True
20211,8085,3120064,경희대학교(경희대),발달상권,동대문구,회기동,141162136,104214175,36947961,0.3545387275771266,4963227,117206415,2273304,11946160,4252253,520777,7,13,20166019.42857143,True,691,331,360,0.47901591895803186,982752,1422.217076700434,False,False,False
20212,8086,3120064,경희대학교(경희대),발달상권,동대문구,회기동,163401560,104508526,58893034,0.5635237262843034,11675310,135639261,5151466,9937158,998365,0,7,0,23343080.0,True,691,331,360,0.47901591895803186,1027290,1486.671490593343,False,False,False
20213,8087,3120064,경희대학교(경희대),발달상권,동대문구,회기동,135669077,93880156,41788921,0.4451305023395999,14740240,92123102,3237871,19612897,5819112,135855,7,0,19381296.714285713,True,691,331,360,0.47901591895803186,953245,1379.5151953690304,False,False,False
20214,8088,3120064,경희대학교(경희대),발달상권,동대문구,회기동,94550374,63448694,31101680,0.4901862913049085,14604385,67121301,2834835,8291668,1698185,0,7,0,13507196.285714285,True,691,331,360,0.47901591895803186,1032949,1494.8610709117222,False,False,False
20221,8089,3120064,경희대학교(경희대),발달상권,동대문구,회기동,78016852,52544086,25472766,0.4847884498362004,2626525,58209230,4053000,3224286,9767956,135855,7,0,11145264.57142857,True,691,331,360,0.47901591895803186,956696,1384.5094066570189,False,False,False
20222,8090,3120064,경희대학교(경희대),발달상권,동대문구,회기동,114480265,81069055,33411210,0.41213271821165304,17448278,74987289,6489329,11706151,3305799,543419,6,14,19080044.166666668,True,691,331,360,0.47901591895803186,1164623,1685.4167872648336,False,False,False
20223,8091,3120064,경희대학교(경희대),발달상권,동대문구,회기동,144907200,103281304,41625896,0.4030341832244876,17412051,103050353,9084154,3441653,11647279,271710,5,17,28981440.0,True,691,331,360,0.47901591895803186,1128587,1633.2662807525326,False,False,False
20224,8092,3120064,경희대학교(경희대),발달상권,동대문구,회기동,172182304,128097439,44084865,0.34415102553299287,24177616,121268474,5203236,11121975,9097740,1313263,5,0,34436460.8,True,672,315,357,0.46875,1230611,1831.266369047619,False,False,False
20231,8093,3120064,경희대학교(경희대),발달상권,동대문구,회기동,148040915,110187255,37853660,0.34353936850500544,6199505,107356946,11017821,16841460,6625183,0,5,0,29608183.0,True,672,315,357,0.46875,1131208,1683.345238095238,False,False,False
20232,8094,3120064,경희대학교(경희대),발달상권,동대문구,회기동,140251910,97946742,42305168,0.4319201143004838,4768501,102271452,4895300,11072162,16519936,724559,5,0,28050382.0,True,672,315,357,0.46875,1273484,1895.0654761904761,False,False,False
20233,8095,3120064,경희대학교(경희대),발달상권,동대문구,회기동,84990729,60659143,24331586,0.4011198443736668,1720826,70164449,4179798,5343620,3582036,0,5,0,16998145.8,True,672,315,357,0.46875,1099041,1635.4776785714287,False,False,False
20253,8103,3120064,경희대학교(경희대),발달상권,동대문구,회기동,210167291,152610164,57557127,0.377151334428813,13494904,79882591,71776591,38039329,5026625,1947251,5,0,42033458.2,True,682,312,370,0.4574780058651026,807104,1183.4369501466276,False,False,True
20254,8104,3120064,경희대학교(경희대),발달상권,동대문구,회기동,222031938,146949550,75082388,0.5109398974001622,8422995,121544711,56108010,22189608,12091072,1675542,5,0,44406387.6,True,682,312,370,0.4574780058651026,1018336,1493.1612903225807,False,False,True
20214,8088,3120066,장한평역(장한평),발달상권,동대문구,장안1동,68947510,44947228,24000282,0.5339657876120859,1248684,38572462,15779479,10243167,1772268,1331450,3,0,22982503.333333332,True,4543,2353,2190,0.5179396874312129,1484094,326.6770856262382,False,False,False
20221,8089,3120066,장한평역(장한평),발달상권,동대문구,장안1동,62365829,42728743,19637086,0.45957556017971324,80967,32526957,15457413,11759941,1075956,1464595,4,50,15591457.25,True,4543,2353,2190,0.5179396874312129,1460528,321.4897644728153,False,False,False
20222,8090,3120066,장한평역(장한평),발달상권,동대문구,장안1동,64076922,40485072,23591850,0.582729604630566,89963,28602779,17449190,14604566,2385814,944610,4,0,16019230.5,True,4543,2353,2190,0.5179396874312129,1507759,331.8861985472155,False,False,False
20223,8091,3120066,장한평역(장한평),발달상권,동대문구,장안1동,79514543,56392298,23122245,0.4100248760921217,536192,30901163,33159892,13468773,995043,453480,4,0,19878635.75,True,4543,2353,2190,0.5179396874312129,1481380,326.0796830288356,False,False,False
20211,8085,3120067,장안동사거리,발달상권,동대문구,장안2동,112196153,79739831,32456322,0.4070277249521635,17069929,58551856,17425297,18200709,756428,191934,9,0,12466239.222222222,True,6314,3185,3129,0.5044345898004434,1421791,225.18070953436808,False,False,False
20212,8086,3120067,장안동사거리,발달상권,동대문구,장안2동,86090972,57836593,28254379,0.48852080550457044,8085693,61327397,4096820,10863473,1470759,246830,9,0,9565663.555555556,True,6314,3185,3129,0.5044345898004434,1437796,227.71555273994298,False,False,False
20213,8087,3120067,장안동사거리,발달상권,동대문구,장안2동,71645521,48555901,23089620,0.4755265482562047,7462646,54713592,6493881,683491,1791197,500714,8,25,8955690.125,True,6314,3185,3129,0.5044345898004434,1556638,246.53753563509662,False,False,False
20214,8088,3120067,장안동사거리,발달상권,동대문구,장안2동,57635062,38021186,19613876,0.5158670221386571,16422212,31802823,4396611,3164809,1726467,122140,8,13,7204382.75,True,6314,3185,3129,0.5044345898004434,1571413,248.87757364586633,False,False,False
20221,8089,3120067,장안동사거리,발달상권,동대문구,장안2동,185900541,119175474,66725067,0.5598892520452656,11625477,92768014,43144986,14580259,16759635,1035585,8,0,23237567.625,True,6314,3185,3129,0.5044345898004434,1615676,255.88786822933164,False,False,False
20222,8090,3120067,장안동사거리,발달상권,동대문구,장안2동,231599953,145141700,86458253,0.5956816889977175,13227341,135445099,49008989,10643543,18568244,4706737,8,0,28949994.125,True,6314,3185,3129,0.5044345898004434,1636802,259.23376623376623,False,False,False
20223,8091,3120067,장안동사거리,발달상권,동대문구,장안2동,259753261,166417520,93335741,0.5608528537139599,18257384,140108681,61134017,16866672,17292721,4139552,7,14,37107608.71428572,True,6314,3185,3129,0.5044345898004434,1634734,258.9062401013621,False,False,False
20224,8092,3120067,장안동사거리,발달상권,동대문구,장안2동,74133505,51563850,22569655,0.4377030613501513,8866585,34248755,18748512,8641894,3451762,175997,5,40,14826701.0,True,5130,2644,2486,0.5153996101364522,1651784,321.9851851851852,False,False,False
20231,8093,3120067,장안동사거리,발달상권,동대문구,장안2동,137241294,97832078,39409216,0.4028250938306759,6309761,38903760,60041535,24554642,4612931,18178,5,20,27448258.8,True,5130,2644,2486,0.5153996101364522,1676052,326.7157894736842,False,False,False
20232,8094,3120067,장안동사거리,발달상권,동대문구,장안2동,129038746,86556847,42481899,0.49079767196233476,3173884,36715165,62781501,20922514,2906923,2538759,5,0,25807749.2,True,5130,2644,2486,0.5153996101364522,1653862,322.39025341130605,False,False,False
20233,8095,3120067,장안동사거리,발달상권,동대문구,장안2동,139352563,91899583,47452980,0.5163568587683363,6070695,35639594,63593655,29090974,4835505,122140,5,0,27870512.6,True,5130,2644,2486,0.5153996101364522,1694829,330.37602339181285,False,False,False
20234,8096,3120067,장안동사거리,발달상권,동대문구,장안2동,87280962,56248777,31032185,0.551695283970352,6546683,26614219,33145200,15541393,5145567,287900,5,0,17456192.4,True,6633,3290,3343,0.49600482436303334,1725027,260.06739032112165,False,False,False
20241,8097,3120067,장안동사거리,발달상권,동대문구,장안2동,89109565,61743314,27366251,0.44322614429150986,2000965,22440640,42706796,12253638,9026143,681383,5,20,17821913.0,True,6633,3290,3343,0.49600482436303334,1766348,266.29699984923866,False,False,False
20242,8098,3120067,장안동사거리,발달상권,동대문구,장안2동,90212311,65114368,25097943,0.38544400830243797,2875516,25363161,51621429,6143622,3999200,209383,5,0,18042462.2,True,6633,3290,3343,0.49600482436303334,1668836,251.59595959595958,False,False,False
20243,8099,3120067,장안동사거리,발달상권,동대문구,장안2동,90754960,62179528,28575432,0.4595633469588254,2243879,22344568,47622231,12170339,6286700,87243,5,0,18150992.0,True,6633,3290,3343,0.49600482436303334,1689048,254.64314789687924,False,False,False
20244,8100,3120067,장안동사거리,발달상권,동대문구,장안2동,86288141,61916056,24372085,0.3936310962700854,4105635,16237588,42471431,12039475,11025717,408295,5,0,17257628.2,True,6633,3290,3343,0.49600482436303334,1709083,257.66365143977083,False,False,True
20251,8101,3120067,장안동사거리,발달상권,동대문구,장안2동,91568061,65372604,26195457,0.40071001302013304,1832094,16890162,41660075,19781381,10374887,1029462,5,0,18313612.2,True,6633,3290,3343,0.49600482436303334,1717320,258.90547263681594,False,False,True
20252,8102,3120067,장안동사거리,발달상권,동대문구,장안2동,68499379,48330642,20168737,0.4173074506231471,2617277,11231609,30042853,15045855,9387300,174485,5,0,13699875.8,True,6633,3290,3343,0.49600482436303334,1661719,250.52299110508065,False,False,True
20253,8103,3120067,장안동사거리,발달상권,동대문구,장안2동,69952841,45093942,24858899,0.5512691483037788,4883839,14005923,24492480,14159470,12376232,34897,5,0,13990568.2,True,6633,3290,3343,0.49600482436303334,1654675,249.4610281923715,False,False,True
20254,8104,3120067,장안동사거리,발달상권,동대문구,장안2동,46057100,32108757,13948343,0.43440931083068707,1877461,9348914,18568709,13499916,2465475,296625,6,0,7676183.333333333,True,6633,3290,3343,0.49600482436303334,1682408,253.6420925674657,False,False,True
20211,8085,3120068,사가정역,발달상권,중랑구,면목3·8동,655574904,399226720,256348184,0.6421117905134206,38455286,463633690,107200295,32824047,8754031,4707555,3,0,218524968.0,True,706,362,344,0.5127478753541076,316797,448.72096317280455,False,False,False
20212,8086,3120068,사가정역,발달상권,중랑구,면목3·8동,867530798,528107565,339423233,0.6427160970511755,60948677,595027976,142609398,45792972,16035184,7116591,3,0,289176932.6666667,True,706,362,344,0.5127478753541076,312823,443.09206798866853,False,False,False
20213,8087,3120068,사가정역,발달상권,중랑구,면목3·8동,766840719,472349344,294491375,0.6234609590142672,56389076,544045418,106531895,36153712,16180781,7539837,3,0,255613573.0,True,706,362,344,0.5127478753541076,332278,470.64872521246457,False,False,False
20214,8088,3120068,사가정역,발달상권,중랑구,면목3·8동,715206815,433837966,281368849,0.6485574593533845,66230740,467118369,119211034,31292134,23510488,7844050,3,0,238402271.66666666,True,706,362,344,0.5127478753541076,352470,499.24929178470256,False,False,False
20221,8089,3120068,사가정역,발달상권,중랑구,면목3·8동,603016066,374397435,228618631,0.610630868771844,51390209,347555983,145264854,25499182,21999045,11306793,3,0,201005355.33333334,True,706,362,344,0.5127478753541076,339579,480.9900849858357,False,False,False
20222,8090,3120068,사가정역,발달상권,중랑구,면목3·8동,699093386,445640693,253452693,0.5687377678501186,51523981,392493579,146386783,69884260,28366045,10438738,3,0,233031128.66666666,True,706,362,344,0.5127478753541076,362208,513.042492917847,False,False,False
20223,8091,3120068,사가정역,발달상권,중랑구,면목3·8동,818136810,503743397,314393413,0.6241142114662795,81073400,450268110,183558095,51692884,40098452,11445869,3,0,272712270.0,True,706,362,344,0.5127478753541076,338532,479.5070821529745,False,False,False
20224,8092,3120068,사가정역,발달상권,중랑구,면목3·8동,676952267,399804461,277147806,0.6932083881875445,74531559,376544368,155544553,32475637,29393208,8462942,4,0,169238066.75,True,718,381,337,0.5306406685236769,331227,461.31894150417827,False,False,False
20231,8093,3120068,사가정역,발달상권,중랑구,면목3·8동,779836249,473389236,306447013,0.6473468125075831,44696823,415046923,230952603,39294947,44447638,5397315,3,33,259945416.33333334,True,718,381,337,0.5306406685236769,336905,469.22701949860726,False,False,False
20232,8094,3120068,사가정역,발달상권,중랑구,면목3·8동,601072930,350043698,251029232,0.7171368415837042,52867131,297306086,182678973,37717832,26904624,3598284,4,25,150268232.5,True,718,381,337,0.5306406685236769,330690,460.57103064066854,False,False,False
20233,8095,3120068,사가정역,발달상권,중랑구,면목3·8동,742221814,468807793,273414021,0.5832113396630333,105502948,356763453,175455930,39352436,55693897,9453150,3,33,247407271.33333334,True,718,381,337,0.5306406685236769,323787,450.9568245125348,False,False,False
20234,8096,3120068,사가정역,발달상권,중랑구,면목3·8동,627209431,387914223,239295208,0.6168766026400635,93791741,272542256,154553019,52813037,42561067,10948311,3,0,209069810.33333334,True,534,290,244,0.5430711610486891,323237,605.312734082397,False,False,False
20241,8097,3120068,사가정역,발달상권,중랑구,면목3·8동,604571114,378794876,225776238,0.5960382579198352,53728561,274996271,169793647,45224082,55676194,5152359,3,0,201523704.66666666,True,534,290,244,0.5430711610486891,316724,593.1161048689139,False,False,False
20242,8098,3120068,사가정역,발달상권,중랑구,면목3·8동,521964304,329041795,192922509,0.5863161213304224,42966389,220247242,160520335,57428020,37024087,3778231,3,0,173988101.33333334,True,534,290,244,0.5430711610486891,290895,544.7471910112359,False,False,False
20243,8099,3120068,사가정역,발달상권,중랑구,면목3·8동,670153090,443029820,227123270,0.5126591027213473,60573272,273055854,193721945,85192191,52021003,5588825,3,0,223384363.33333334,True,534,290,244,0.5430711610486891,286839,537.1516853932584,False,False,False
20244,8100,3120068,사가정역,발달상권,중랑구,면목3·8동,576462724,358553557,217909167,0.6077450990118054,57172761,252564384,152855203,62394264,45163849,6312263,3,0,192154241.33333334,True,534,290,244,0.5430711610486891,283233,530.3988764044943,False,False,True
20251,8101,3120068,사가정역,발달상권,중랑구,면목3·8동,668465459,410168407,258297052,0.6297341472230942,44293094,278658649,220939548,63424104,45492703,15657361,3,0,222821819.66666666,True,534,290,244,0.5430711610486891,281520,527.1910112359551,False,False,True
20252,8102,3120068,사가정역,발달상권,중랑구,면목3·8동,480311338,306165315,174146023,0.5687973603410955,36904720,169558091,141293830,51777000,63438896,17338801,3,0,160103779.33333334,True,534,290,244,0.5430711610486891,276301,517.4176029962547,False,False,True
20253,8103,3120068,사가정역,발달상권,중랑구,면목3·8동,595181078,378677842,216503236,0.5717346303035075,36617638,244123983,163550038,51376106,78074732,21438581,3,0,198393692.66666666,True,534,290,244,0.5430711610486891,273452,512.0823970037453,False,False,True
20254,8104,3120068,사가정역,발달상권,중랑구,면목3·8동,493140400,322725601,170414799,0.5280485913480412,42954286,206224447,109817773,61007970,51750682,21385242,3,0,164380133.33333334,True,534,290,244,0.5430711610486891,288831,540.8820224719101,False,False,True
20211,8085,3120069,상봉역,발달상권,중랑구,상봉2동,466370167,306417696,159952471,0.5220079423872438,26581996,303939058,94314937,15984431,12127398,13422347,6,0,77728361.16666667,True,6439,2955,3484,0.4589221928870943,1597897,248.15918620903867,False,False,False
20212,8086,3120069,상봉역,발달상권,중랑구,상봉2동,605383372,367667527,237715845,0.6465511026759783,48923601,388656479,119744245,16742762,11220713,20095572,6,0,100897228.66666667,True,6439,2955,3484,0.4589221928870943,1561204,242.46063053269143,False,False,False
20213,8087,3120069,상봉역,발달상권,중랑구,상봉2동,448290330,289515367,158774963,0.5484163574640236,47245040,240761023,110005843,13787678,10032039,26458707,4,50,112072582.5,True,6439,2955,3484,0.4589221928870943,1591087,247.1015685665476,False,False,False
20214,8088,3120069,상봉역,발달상권,중랑구,상봉2동,444665091,294617896,150047195,0.5092942317394052,34228387,291476081,87242000,12983508,9907752,8827363,4,0,111166272.75,True,6439,2955,3484,0.4589221928870943,1679593,260.8468706320857,False,False,False
20221,8089,3120069,상봉역,발달상권,중랑구,상봉2동,451631236,285055672,166575564,0.5843615137747549,14607078,284910479,94850762,15254342,39757085,2251490,4,0,112907809.0,True,6439,2955,3484,0.4589221928870943,1701111,264.18869389656777,False,False,False
20222,8090,3120069,상봉역,발달상권,중랑구,상봉2동,581854860,382303436,199551424,0.5219713065827638,26245471,350046742,129687058,24919656,44566602,6389331,4,0,145463715.0,True,6439,2955,3484,0.4589221928870943,1731856,268.963503649635,False,False,False
20223,8091,3120069,상봉역,발달상권,중랑구,상봉2동,684000000,459758174,224241826,0.48773863887844654,24205032,427753953,142689973,35097154,47784791,6469097,4,0,171000000.0,True,6439,2955,3484,0.4589221928870943,1705736,264.906973132474,False,False,False
20224,8092,3120069,상봉역,발달상권,중랑구,상봉2동,665661207,419519626,246141581,0.586722445733683,34817124,404897954,150667327,36904786,30264840,8109176,4,0,166415301.75,True,5808,2844,2964,0.4896694214876033,1701645,292.98295454545456,False,False,False
20231,8093,3120069,상봉역,발달상권,중랑구,상봉2동,676543105,442960848,233582257,0.5273203219982999,21431915,336652220,235540017,38113480,41762696,3042777,4,0,169135776.25,True,5808,2844,2964,0.4896694214876033,1685132,290.13980716253445,False,False,False
20232,8094,3120069,상봉역,발달상권,중랑구,상봉2동,652412583,421910124,230502459,0.546330713315616,25536489,282056776,245824691,41060680,56401349,1532598,4,0,163103145.75,True,5808,2844,2964,0.4896694214876033,1664402,286.5705922865014,False,False,False
20233,8095,3120069,상봉역,발달상권,중랑구,상봉2동,639052047,406977583,232074464,0.570238936231532,23163325,279190885,242417434,37547616,52265869,4466918,4,0,159763011.75,True,5808,2844,2964,0.4896694214876033,1648937,283.90788567493115,False,False,False
20234,8096,3120069,상봉역,발달상권,중랑구,상봉2동,514889033,321097905,193791128,0.6035266035136542,20291725,244386050,185202495,23438930,35621312,5948521,4,0,128722258.25,True,6542,2888,3654,0.44145521247324976,1646715,251.71430755120758,False,False,False
20241,8097,3120069,상봉역,발달상권,중랑구,상봉2동,559640491,367910774,191729717,0.5211310202076332,15666354,228398260,226505778,41920365,25293668,21856066,4,0,139910122.75,True,6542,2888,3654,0.44145521247324976,1753718,268.07062060531945,False,False,False
20242,8098,3120069,상봉역,발달상권,중랑구,상봉2동,504853950,314765324,190088626,0.6039058673438882,20698888,210237148,207298097,35926025,22455899,8237893,4,0,126213487.5,True,6542,2888,3654,0.44145521247324976,1962028,299.91256496484255,False,False,False
20243,8099,3120069,상봉역,발달상권,중랑구,상봉2동,586352292,373804492,212547800,0.5686068641465122,27578915,233950525,260111523,35030855,18698051,10982423,5,0,117270458.4,True,6542,2888,3654,0.44145521247324976,1907076,291.51268725160503,False,False,False
20244,8100,3120069,상봉역,발달상권,중랑구,상봉2동,517865251,318903599,198961652,0.6238927770771254,13617470,205647171,233773720,30433881,25150642,9242367,5,0,103573050.2,True,6542,2888,3654,0.44145521247324976,1907176,291.52797309691226,False,False,True
20251,8101,3120069,상봉역,발달상권,중랑구,상봉2동,591352835,370701560,220651275,0.5952261841034605,6375566,256692889,243677627,41067641,37019343,6519769,5,0,118270567.0,True,6542,2888,3654,0.44145521247324976,1904624,291.13787832467136,False,False,True
20252,8102,3120069,상봉역,발달상권,중랑구,상봉2동,597951203,379373702,218577501,0.5761535389714493,5996055,271513781,224011885,45082358,35401366,15945758,5,0,119590240.6,True,6542,2888,3654,0.44145521247324976,1829954,279.7239376337511,False,False,True
20253,8103,3120069,상봉역,발달상권,중랑구,상봉2동,684000000,420785138,263214862,0.625532696451841,11500516,288529151,280165899,59590694,37073956,7139784,5,0,136800000.0,True,6542,2888,3654,0.44145521247324976,1740868,266.10638948333843,False,False,True
20254,8104,3120069,상봉역,발달상권,중랑구,상봉2동,684000000,440118542,243881458,0.5541267516059344,15052466,301158735,260889184,65893270,29816366,11189979,3,67,228000000.0,True,6542,2888,3654,0.44145521247324976,1521151,232.52078874961785,False,False,True
20211,8085,3120072,성신여대,발달상권,성북구,동선동,445169004,273533887,171635117,0.6274729573085766,39216468,312569853,53044026,17828885,18257380,4252392,5,0,89033800.8,True,3093,1168,1925,0.3776268994503718,3960798,1280.5683802133851,False,False,False
20212,8086,3120072,성신여대,발달상권,성북구,동선동,463883941,277764336,186119605,0.6700630026167218,44019950,323662247,53263942,18414153,20067137,4456512,5,0,92776788.2,True,3093,1168,1925,0.3776268994503718,3984290,1288.1635952150016,False,False,False
20213,8087,3120072,성신여대,발달상권,성북구,동선동,382537676,237488667,145049009,0.6107618137416216,45753372,254311874,50032268,16806457,12621404,3012301,5,0,76507535.2,True,3093,1168,1925,0.3776268994503718,3091762,999.5997413514388,False,False,False
20214,8088,3120072,성신여대,발달상권,성북구,동선동,379952999,242460647,137492352,0.5670707956165769,63601249,222455134,57966025,17087797,16625317,2217477,5,0,75990599.8,True,3093,1168,1925,0.3776268994503718,3318249,1072.8254122211445,False,False,False
20221,8089,3120072,성신여대,발달상권,성북구,동선동,265909719,166391251,99518468,0.5980991632787231,25396608,163497964,40594680,12131891,21851509,2437067,5,0,53181943.8,True,3093,1168,1925,0.3776268994503718,3124392,1010.1493695441319,False,False,False
20222,8090,3120072,성신여대,발달상권,성북구,동선동,380591919,239031414,141560505,0.5922255264741061,36187386,228577093,73760146,15203245,21131990,5732059,5,0,76118383.8,True,3093,1168,1925,0.3776268994503718,3412028,1103.1451665050113,False,False,False
20223,8091,3120072,성신여대,발달상권,성북구,동선동,510906526,332987756,177918770,0.5343102465305061,68217497,304802401,84931911,24807892,24186444,3960381,5,0,102181305.2,True,3093,1168,1925,0.3776268994503718,2810458,908.6511477529906,False,False,False
20224,8092,3120072,성신여대,발달상권,성북구,동선동,399843988,242016533,157827455,0.6521350134372844,53824336,229387356,60827350,25597105,26737244,3470597,5,0,79968797.6,True,2820,1146,1674,0.40638297872340423,2870462,1017.8943262411348,False,False,False
20231,8093,3120072,성신여대,발달상권,성북구,동선동,362541073,232554423,129986650,0.5589515276602587,36165006,214930664,65581429,16238324,25184637,4441013,5,0,72508214.6,True,2820,1146,1674,0.40638297872340423,2774225,983.7677304964539,False,False,False
20232,8094,3120072,성신여대,발달상권,성북구,동선동,439817853,282602339,157215514,0.5563135625710444,44212798,242906213,89264393,27554032,28737061,7143356,4,25,109954463.25,True,2820,1146,1674,0.40638297872340423,2702894,958.4730496453901,False,False,False
20233,8095,3120072,성신여대,발달상권,성북구,동선동,487928617,309512694,178415923,0.5764413752929952,57314936,254561502,95530056,34521386,39812264,6188473,4,0,121982154.25,True,2820,1146,1674,0.40638297872340423,2487151,881.9684397163121,False,False,False
20234,8096,3120072,성신여대,발달상권,성북구,동선동,451255723,288305937,162949786,0.5651974693812843,70030906,203571062,97804546,37978358,34080643,7790208,4,0,112813930.75,True,3207,1167,2040,0.3638914873713751,2710401,845.1515434985968,False,False,False
20241,8097,3120072,성신여대,발달상권,성북구,동선동,419856582,265424896,154431686,0.5818281869082846,33923355,195972959,111021387,27395112,41958335,9585434,4,0,104964145.5,True,3207,1167,2040,0.3638914873713751,2620673,817.1727471156844,False,False,False
20242,8098,3120072,성신여대,발달상권,성북구,동선동,360221210,236450668,123770542,0.5234518601571471,29902140,169611335,85855024,29780041,34727571,10345099,5,0,72044242.0,True,3207,1167,2040,0.3638914873713751,2873038,895.8646710321173,False,False,False
20243,8099,3120072,성신여대,발달상권,성북구,동선동,493976292,323191231,170785061,0.5284334617358476,42732658,256619740,93571621,37958723,50054515,13039035,7,0,70568041.71428572,True,3207,1167,2040,0.3638914873713751,2689097,838.5085749922046,False,False,False
20244,8100,3120072,성신여대,발달상권,성북구,동선동,417899397,281053113,136846284,0.4869054199018959,45375721,200252907,85845787,36379481,44122702,5922799,8,0,52237424.625,True,3207,1167,2040,0.3638914873713751,2740936,854.6729030246336,False,False,True
20251,8101,3120072,성신여대,발달상권,성북구,동선동,464348553,287996927,176351626,0.6123385684597947,29989055,229587924,117242529,26335845,51844547,9348653,8,0,58043569.125,True,3207,1167,2040,0.3638914873713751,2603184,811.7193638914873,False,False,True
20252,8102,3120072,성신여대,발달상권,성북구,동선동,315694614,190287356,125407258,0.6590414656872945,26302279,155858504,71670101,21477889,32850722,7535119,8,0,39461826.75,True,3207,1167,2040,0.3638914873713751,2644495,824.6008730901153,False,False,True
20253,8103,3120072,성신여대,발달상권,성북구,동선동,386903401,250691611,136211790,0.5433440291705652,40426077,172914906,85544663,33964006,46882633,7171116,7,0,55271914.428571425,True,3207,1167,2040,0.3638914873713751,2481285,773.7090739008419,False,False,True
20254,8104,3120072,성신여대,발달상권,성북구,동선동,343028692,221719347,121309345,0.5471301744362435,37624573,148824374,63906930,38343597,48069479,6259739,7,0,49004098.85714286,True,3207,1167,2040,0.3638914873713751,2550483,795.2862488306829,False,False,True
20211,8085,3120076,수유역,발달상권,강북구,수유3동,916785703,558994078,357791625,0.6400633550182262,46763036,588722905,186180693,38763891,50414760,5940418,17,11,53928570.76470588,True,5624,2866,2758,0.5096017069701281,4424723,786.7572901849218,False,False,False
20212,8086,3120076,수유역,발달상권,강북구,수유3동,1036801065,645598113,391202952,0.60595429900211,50098376,684414827,196860228,40527268,59440391,5459975,17,11,60988297.941176474,True,5624,2866,2758,0.5096017069701281,4472755,795.2978307254623,False,False,False
20213,8087,3120076,수유역,발달상권,강북구,수유3동,863229250,530506299,332722951,0.6271800195910586,50446505,562976513,172877962,31359219,37247709,8321342,16,6,53951828.125,True,5624,2866,2758,0.5096017069701281,4460269,793.0777027027027,False,False,False
20214,8088,3120076,수유역,발달상권,강북구,수유3동,860447203,532781050,327666153,0.6150108998809173,64344761,535211840,178726667,38643797,29947210,13572928,15,6,57363146.86666667,True,5624,2866,2758,0.5096017069701281,4666039,829.6655405405405,False,False,False
20221,8089,3120076,수유역,발달상권,강북구,수유3동,749575177,455453765,294121412,0.6457766618747789,31212217,417218057,227269851,37232762,27307607,9334683,15,0,49971678.46666667,True,5624,2866,2758,0.5096017069701281,4574322,813.3573968705548,False,False,False
20222,8090,3120076,수유역,발달상권,강북구,수유3동,980366445,617827256,362539189,0.5867970140184298,44363605,560254864,266844153,52302547,47202978,9398298,15,0,65357763.0,True,5624,2866,2758,0.5096017069701281,4873251,866.5097795163584,False,False,False
20223,8091,3120076,수유역,발달상권,강북구,수유3동,1053896585,659061660,394834925,0.5990864724250535,59849362,608572875,265030593,66374610,45004793,9064352,12,23,87824715.41666667,True,5624,2866,2758,0.5096017069701281,4824916,857.9153627311522,False,False,False
20224,8092,3120076,수유역,발달상권,강북구,수유3동,1037730512,622920547,414809965,0.6659115147152146,64793380,579341074,266244734,61610149,57627653,8113522,13,0,79825424.0,True,5393,2695,2698,0.49972186167253846,4802501,890.5063971815316,False,False,False
20231,8093,3120076,수유역,발달상권,강북구,수유3동,1051977882,651134932,400842950,0.6156065821392608,29746224,579619017,325088014,50798480,47441016,19285131,12,15,87664823.5,True,5393,2695,2698,0.49972186167253846,4847480,898.8466530687929,False,False,False
20232,8094,3120076,수유역,발달상권,강북구,수유3동,885006360,526615826,358390534,0.6805540515601596,39695767,458756881,258573596,48716709,61036789,18226618,13,0,68077412.3076923,True,5393,2695,2698,0.49972186167253846,4822161,894.151863526794,False,False,False
20233,8095,3120076,수유역,발달상권,강북구,수유3동,821055090,498500210,322554880,0.6470506401592088,59606706,439900649,220456944,46877345,43891583,10321863,13,14,63158083.84615385,True,5393,2695,2698,0.49972186167253846,4759571,882.5460782495828,False,False,False
20234,8096,3120076,수유역,발달상권,강북구,수유3동,702044150,412649450,289394700,0.7013088227792379,51691124,405649933,163938333,37285533,38829246,4649981,13,0,54003396.15384615,True,5959,2890,3069,0.4849807014599765,4976423,835.1104212116127,False,False,False
20241,8097,3120076,수유역,발달상권,강북구,수유3동,765101918,457220087,307881831,0.6733777446658856,28953944,457945042,194596928,39788236,35517008,8300760,13,0,58853993.692307696,True,5959,2890,3069,0.4849807014599765,4898072,821.962074173519,False,False,False
20242,8098,3120076,수유역,발달상권,강북구,수유3동,716078288,439610138,276468150,0.6288939360174628,37086494,407760425,164250408,37302651,63508019,6170291,14,7,51148449.14285714,True,5959,2890,3069,0.4849807014599765,4830810,810.6746098338648,False,False,False
20243,8099,3120076,수유역,발달상권,강북구,수유3동,768503990,482141626,286362364,0.5939382715733406,41487717,452453789,179833464,40820510,47458015,6450495,15,6,51233599.333333336,True,5959,2890,3069,0.4849807014599765,4704365,789.4554455445544,False,False,False
20244,8100,3120076,수유역,발달상권,강북구,수유3동,571716338,373054556,198661782,0.5325274247555363,47568361,316042311,140177301,35856696,29632181,2439488,16,0,35732271.125,True,5959,2890,3069,0.4849807014599765,4577770,768.2111092465178,False,False,True
20251,8101,3120076,수유역,발달상권,강북구,수유3동,589797096,371156624,218640472,0.5890787281220663,30853937,319103064,155440885,32447903,43277964,8673343,14,13,42128364.0,True,5959,2890,3069,0.4849807014599765,4446848,746.2406444034234,False,False,True
20252,8102,3120076,수유역,발달상권,강북구,수유3동,533849216,337641865,196207351,0.5811108495091389,26924687,281926731,133650533,36645482,37687852,17013931,14,7,38132086.85714286,True,5959,2890,3069,0.4849807014599765,4429551,743.3379761704985,False,False,True
20253,8103,3120076,수유역,발달상권,강북구,수유3동,1053057688,661256756,391800932,0.5925095334678139,39762019,569291197,270255983,73312624,48454960,51980905,13,7,81004437.53846154,True,5959,2890,3069,0.4849807014599765,4309472,723.1871119315322,False,False,True
20254,8104,3120076,수유역,발달상권,강북구,수유3동,892120674,557682351,334438323,0.5996932167573652,36464001,452614290,243696715,65085637,44578003,49682028,12,8,74343389.5,True,5959,2890,3069,0.4849807014599765,4279447,718.1485148514852,False,False,True
20213,8087,3120077,미아역,발달상권,강북구,미아동,10685396,6754321,3931075,0.5820089095558236,0,1923280,7992347,331206,402016,36547,3,0,3561798.6666666665,True,1777,907,870,0.5104108047270681,1416604,797.1885199774902,False,False,False
20214,8088,3120077,미아역,발달상권,강북구,미아동,26345736,15918452,10427284,0.655043844715554,0,8878609,15253755,1288278,742359,182735,3,0,8781912.0,True,1777,907,870,0.5104108047270681,1454990,818.7900956668542,False,False,False
20221,8089,3120077,미아역,발달상권,강북구,미아동,46987875,32602105,14385770,0.4412527964068578,351764,20587317,25196794,507089,194155,150756,3,0,15662625.0,True,1777,907,870,0.5104108047270681,1482226,834.1170512099044,False,False,False
20222,8090,3120077,미아역,발달상권,강북구,미아동,77223569,55222343,22001226,0.3984116718843313,0,11724698,64269982,792610,338059,98220,3,0,25741189.666666668,True,1777,907,870,0.5104108047270681,1609606,905.7996623522791,False,False,False
20223,8091,3120077,미아역,발달상권,강북구,미아동,61275422,45676755,15598667,0.34150120778063153,358616,13083786,46161000,836010,589319,246691,3,0,20425140.666666668,True,1777,907,870,0.5104108047270681,1637370,921.4237478897018,False,False,False
20224,8092,3120077,미아역,발달상권,강북구,미아동,58066148,43694085,14372063,0.3289246816817425,1096406,16569445,30336197,5070881,4376490,616729,3,0,19355382.666666668,True,1793,900,893,0.501952035694367,1660017,925.8321249302844,False,False,False
20231,8093,3120077,미아역,발달상권,강북구,미아동,35158103,24098103,11060000,0.45895728804877295,262681,7227147,23515634,2286465,1123817,742359,3,0,11719367.666666666,True,1793,900,893,0.501952035694367,1685683,940.1466815393196,False,False,False
20232,8094,3120077,미아역,발달상권,강북구,미아동,32412519,22177107,10235412,0.4615305323638471,2101446,10114350,16096619,3307493,564193,228418,3,0,10804173.0,True,1793,900,893,0.501952035694367,1723523,961.2509760178472,False,False,False
20233,8095,3120077,미아역,발달상권,강북구,미아동,32766567,20370322,12396245,0.608544381379931,660128,9223520,21229172,938799,258112,456836,3,0,10922189.0,True,1793,900,893,0.501952035694367,1901846,1060.7060791968768,False,False,False
20234,8096,3120077,미아역,발달상권,강북구,미아동,48260163,33330759,14929404,0.4479167126077147,2115151,8629633,30272243,3937927,2094594,1210615,3,0,16086721.0,True,1636,837,799,0.5116136919315404,1909857,1167.3942542787286,False,False,False
20241,8097,3120077,미아역,발달상권,강북구,미아동,57568197,35738286,21829911,0.6108270273510039,2122003,16279354,23476806,14671290,415721,603023,3,0,19189399.0,True,1636,837,799,0.5116136919315404,1900566,1161.7151589242053,False,False,False
20242,8098,3120077,미아역,발달상권,강북구,미아동,53520630,41553809,11966821,0.28798373212910516,1133217,7680360,26159299,16641432,1116147,790175,3,0,17840210.0,True,1636,837,799,0.5116136919315404,1707290,1043.575794621027,False,False,False
20243,8099,3120077,미아역,발달상권,강북구,미아동,50028118,33202845,16825273,0.506741907207048,5188915,9251253,16704963,6992097,951648,4013607,3,0,16676039.333333334,True,1636,837,799,0.5116136919315404,1638170,1001.3264058679706,False,False,False
20244,8100,3120077,미아역,발달상권,강북구,미아동,45066878,27115504,17951374,0.6620335731174313,4882210,8912217,12227373,13432416,970214,1465154,3,0,15022292.666666666,True,1636,837,799,0.5116136919315404,1759723,1075.6253056234718,False,False,True
20251,8101,3120077,미아역,발달상권,강북구,미아동,62666487,40448267,22218220,0.5492996770417877,159892,5858923,14582207,20715232,1055292,1123816,3,0,20888829.0,True,1636,837,799,0.5116136919315404,1806745,1104.3673594132028,False,False,True
20252,8102,3120077,미아역,발달상권,강북구,미아동,55692885,35018769,20674116,0.5903724371350689,724085,4017873,24479560,9844817,139335,45684,3,0,18564295.0,True,1636,837,799,0.5116136919315404,1728685,1056.653422982885,False,False,True
20253,8103,3120077,미아역,발달상권,강북구,미아동,28584233,18940423,9643810,0.5091655027979047,767485,5950289,6507629,5004640,1628621,1957543,3,0,9528077.666666666,True,1636,837,799,0.5116136919315404,1644976,1005.4865525672371,False,False,True
20234,8096,3120078,미아사거리역,발달상권,강북구,송중동,16008369,7764081,8244288,1.0618498184137954,1329013,7305902,4473121,1192441,1707892,0,3,0,5336123.0,True,435,228,207,0.5241379310344828,1208577,2778.3379310344826,False,False,False
20241,8097,3120078,미아사거리역,발달상권,강북구,송중동,297198209,190683301,106514908,0.5585958887925901,21348520,159067863,69254084,14715751,29924294,2887697,4,20,74299552.25,True,435,228,207,0.5241379310344828,1232293,2832.8574712643676,False,False,False
20242,8098,3120078,미아사거리역,발달상권,강북구,송중동,339468174,221278509,118189665,0.5341217524201594,31754914,172732150,83575025,25607107,24823811,975167,5,0,67893634.8,True,435,228,207,0.5241379310344828,1146484,2635.595402298851,False,False,False
20243,8099,3120078,미아사거리역,발달상권,강북구,송중동,348918118,230845936,118072182,0.5114761127958518,34427415,171820713,80801206,28732267,29879355,3257162,5,17,69783623.6,True,435,228,207,0.5241379310344828,1115004,2563.2275862068964,False,False,False
20244,8100,3120078,미아사거리역,발달상권,강북구,송중동,301925384,209760884,92164500,0.43937886913176816,42865782,121803753,41962340,45715118,43940102,5638289,5,17,60385076.8,True,435,228,207,0.5241379310344828,1076987,2475.832183908046,False,False,True
20251,8101,3120078,미아사거리역,발달상권,강북구,송중동,270488713,168560003,101928710,0.6047028250230869,25819043,111443476,70755383,28724675,26970686,6775450,5,0,54097742.6,True,435,228,207,0.5241379310344828,1033967,2376.935632183908,False,False,True
20252,8102,3120078,미아사거리역,발달상권,강북구,송중동,187271922,125429484,61842438,0.4930454628992973,11902797,85308254,43552980,19039602,20103992,7364297,3,50,62423974.0,True,435,228,207,0.5241379310344828,1033584,2376.055172413793,False,False,True
20253,8103,3120078,미아사거리역,발달상권,강북구,송중동,248942544,168960910,79981634,0.4733735986625546,23576032,98088095,63480191,29960838,22465995,11371393,1,67,248942544.0,True,435,228,207,0.5241379310344828,1028939,2365.3770114942527,False,False,True
20254,8104,3120078,미아사거리역,발달상권,강북구,송중동,220873197,144463011,76410186,0.5289256085074954,19425260,81808911,46865702,30598119,34047020,8128185,1,0,220873197.0,True,435,228,207,0.5241379310344828,1008277,2317.8781609195403,False,False,True
20211,8085,3120079,창동역,발달상권,도봉구,창5동,1546770193,1047370553,499399640,0.47681275606762263,164564748,829792035,359986150,56581909,57130859,78714492,5,20,309354038.6,True,515,316,199,0.6135922330097088,486602,944.8582524271844,False,False,False
20212,8086,3120079,창동역,발달상권,도봉구,창5동,1610849695,1046309737,564539958,0.5395533827475028,171556559,937573804,320276837,65758768,83197294,32486433,5,0,322169939.0,True,515,316,199,0.6135922330097088,475286,922.8854368932039,False,False,False
20213,8087,3120079,창동역,발달상권,도봉구,창5동,1399620917,932756007,466864910,0.5005220084313003,180637404,717704264,348234861,38422791,80206829,34414768,5,0,279924183.4,True,515,316,199,0.6135922330097088,432136,839.0990291262136,False,False,False
20214,8088,3120079,창동역,발달상권,도봉구,창5동,1442653393,921102195,521551198,0.5662251168557904,165619179,783782202,318837456,53512274,92524367,28377915,8,0,180331674.125,True,515,316,199,0.6135922330097088,423355,822.0485436893204,False,False,False
20221,8089,3120079,창동역,발달상권,도봉구,창5동,1160568121,754312294,406255827,0.5385777617990143,84169123,565811200,348126787,50379937,92304557,19776517,7,14,165795445.85714287,True,515,316,199,0.6135922330097088,425053,825.3456310679612,False,False,False
20222,8090,3120079,창동역,발달상권,도봉구,창5동,1433924443,969355444,464568999,0.47925557325285933,147256215,682338463,375017395,103897072,117015685,8399613,7,0,204846349.0,True,515,316,199,0.6135922330097088,422586,820.5553398058253,False,False,False
20223,8091,3120079,창동역,발달상권,도봉구,창5동,1488230631,991207956,497022675,0.5014312808845129,180841295,693149673,385493260,85640066,105499937,37606400,5,40,297646126.2,True,515,316,199,0.6135922330097088,413179,802.2893203883496,False,False,False
20224,8092,3120079,창동역,발달상권,도봉구,창5동,1625591774,1021311903,604279871,0.5916702519817788,247346294,663392146,418420037,126068440,108347336,62017521,3,67,541863924.6666666,True,417,254,163,0.6091127098321343,404400,969.7841726618705,False,False,False
20231,8093,3120079,창동역,발달상권,도봉구,창5동,1526214558,1007254550,518960008,0.5152223020486728,144546595,593187236,445782032,159350817,96686252,86661626,3,0,508738186.0,True,417,254,163,0.6091127098321343,395739,949.0143884892086,False,False,False
20232,8094,3120079,창동역,발달상권,도봉구,창5동,1467939797,924112362,543827435,0.5884862678636043,102712894,607337856,442125116,139286749,110379146,66098036,3,0,489313265.6666667,True,417,254,163,0.6091127098321343,389262,933.4820143884892,False,False,False
20233,8095,3120079,창동역,발달상권,도봉구,창5동,1690607787,1074960954,615646833,0.5727155304656768,150773127,687618199,508647928,115331935,158005545,70231053,3,0,563535929.0,True,417,254,163,0.6091127098321343,400554,960.5611510791367,False,False,False
20234,8096,3120079,창동역,발달상권,도봉구,창5동,1461453941,913482937,547971004,0.5998699940686467,133453500,593608635,459344104,87863083,136138957,51045662,3,0,487151313.6666667,True,549,329,220,0.599271402550091,411695,749.8998178506375,False,False,False
20241,8097,3120079,창동역,발달상권,도봉구,창5동,1387710504,902457890,485252614,0.5377011153395755,51168762,628167182,480292796,66439927,133214406,28427431,3,0,462570168.0,True,549,329,220,0.599271402550091,413649,753.4590163934427,False,False,False
20242,8098,3120079,창동역,발달상권,도봉구,창5동,1384234709,898920030,485314679,0.539886377879465,85421117,650883421,431504642,59204217,142744976,14476336,3,0,461411569.6666667,True,549,329,220,0.599271402550091,402169,732.5482695810565,False,False,False
20243,8099,3120079,창동역,발달상권,도봉구,창5동,1814863091,1211452868,603410223,0.49808807171852765,111691515,765876936,603479204,134011120,166130910,33673406,4,0,453715772.75,True,549,329,220,0.599271402550091,444911,810.4025500910747,False,False,False
20244,8100,3120079,창동역,발달상권,도봉구,창5동,1210526909,806359537,404167372,0.5012247681768288,99719703,520058029,332197274,125019592,113313396,20218915,4,0,302631727.25,True,549,329,220,0.599271402550091,428015,779.6265938069216,False,False,True
20251,8101,3120079,창동역,발달상권,도봉구,창5동,1132161938,769940640,362221298,0.47045353782078575,50936867,441665088,398977190,116113439,104625889,19843465,4,0,283040484.5,True,549,329,220,0.599271402550091,413111,752.4790528233151,False,False,True
20252,8102,3120079,창동역,발달상권,도봉구,창5동,900761550,587595374,313166176,0.532962289795018,51799983,277179808,356751227,101277614,86189246,27563672,4,0,225190387.5,True,549,329,220,0.599271402550091,416929,759.4335154826958,False,False,True
20253,8103,3120079,창동역,발달상권,도봉구,창5동,1496705847,952764633,543941214,0.5709082759372325,95118905,591410537,483910954,170858476,124244661,31162314,4,0,374176461.75,True,549,329,220,0.599271402550091,416317,758.3187613843352,False,False,True
20254,8104,3120079,창동역,발달상권,도봉구,창5동,1437314749,904844151,532470598,0.588466640814922,116664752,515582166,509596176,140202810,123159701,32109144,4,0,359328687.25,True,549,329,220,0.599271402550091,397851,724.6830601092896,False,False,True
20211,8085,3120080,마들역,발달상권,노원구,상계9동,194920723,113826910,81093813,0.7124309444928268,12152525,122378221,43268041,3428798,13166278,526860,3,0,64973574.333333336,True,3,2,1,0.6666666666666666,94447,31482.333333333332,False,False,False
20212,8086,3120080,마들역,발달상권,노원구,상계9동,200602310,129996749,70605561,0.543133282510011,16269035,124167348,46746481,2683357,8966565,1769524,3,0,66867436.666666664,True,3,2,1,0.6666666666666666,94209,31403.0,False,False,False
20213,8087,3120080,마들역,발달상권,노원구,상계9동,190342774,112656662,77686112,0.6895829382908576,21249201,105028518,46597962,6247642,9785246,1434205,3,0,63447591.333333336,True,3,2,1,0.6666666666666666,122465,40821.666666666664,False,False,False
20214,8088,3120080,마들역,발달상권,노원구,상계9동,146006292,98206589,47799703,0.48672602812831633,20024117,79143790,35163216,5595641,5659378,420150,3,0,48668764.0,True,3,2,1,0.6666666666666666,126407,42135.666666666664,False,False,False
20221,8089,3120080,마들역,발달상권,노원구,상계9동,122471495,69879281,52592214,0.7526152708983941,8371366,68349032,34077805,6533690,4820575,319027,3,0,40823831.666666664,True,3,2,1,0.6666666666666666,128225,42741.666666666664,False,False,False
20222,8090,3120080,마들역,발달상권,노원구,상계9동,151000565,87337040,63663525,0.7289407220579035,17922609,84122440,34339255,5302865,6389271,2924125,3,0,50333521.666666664,True,3,2,1,0.6666666666666666,128201,42733.666666666664,False,False,False
20223,8091,3120080,마들역,발달상권,노원구,상계9동,194279367,123183993,71095374,0.5771478279649532,19620687,114737236,42126187,7755034,7920469,2119754,3,0,64759789.0,True,3,2,1,0.6666666666666666,123654,41218.0,False,False,False
20224,8092,3120080,마들역,발달상권,노원구,상계9동,139310895,83326984,55983911,0.6718581222140477,17464481,70345921,35748972,7764395,6884341,1102785,3,0,46436965.0,True,16,14,2,0.875,112154,7009.625,False,False,False
20231,8093,3120080,마들역,발달상권,노원구,상계9동,127710302,78612986,49097316,0.6245446013207029,8956657,62684397,33935059,6128922,13283914,2721353,3,0,42570100.666666664,True,16,14,2,0.875,113448,7090.5,False,False,False
20232,8094,3120080,마들역,발달상권,노원구,상계9동,104435174,64119677,40315497,0.6287539003042701,8241762,53252498,24922270,8150264,5843056,4025324,3,0,34811724.666666664,True,16,14,2,0.875,109037,6814.8125,False,False,False
20234,8096,3120080,마들역,발달상권,노원구,상계9동,123460338,76405096,47055242,0.6158652297223735,15808193,65609787,26888309,8937048,5796104,420897,3,0,41153446.0,True,4,2,2,0.5,116703,29175.75,False,False,False
20241,8097,3120080,마들역,발달상권,노원구,상계9동,102719933,67678497,35041436,0.5177632121469837,10557502,43675087,28829697,11046795,7439355,1171497,3,0,34239977.666666664,True,4,2,2,0.5,119342,29835.5,False,False,False
20242,8098,3120080,마들역,발달상권,노원구,상계9동,66649052,42517619,24131433,0.5675631318865716,5875022,32505530,18075776,5776812,4091471,324441,3,0,22216350.666666668,True,4,2,2,0.5,112001,28000.25,False,False,False
20211,8085,3120081,노원역,발달상권,노원구,상계2동,1156070234,753831859,402238375,0.5335916361157668,33792045,791144423,200401888,43115799,76059553,11556526,13,0,88928479.53846154,True,1060,611,449,0.5764150943396227,4220879,3981.961320754717,False,False,False
20212,8086,3120081,노원역,발달상권,노원구,상계2동,1149453690,751725857,397727833,0.5290862743331177,45629047,832482620,165756645,43697359,40700322,14628717,12,7,95787807.5,True,1060,611,449,0.5764150943396227,4305450,4061.745283018868,False,False,False
20213,8087,3120081,노원역,발달상권,노원구,상계2동,1086293047,693007655,393285392,0.5675051194059321,66395119,716768750,193187046,73055781,31466749,5419602,11,8,98753913.36363636,True,1060,611,449,0.5764150943396227,4318405,4073.9669811320755,False,False,False
20214,8088,3120081,노원역,발달상권,노원구,상계2동,1088563398,704806333,383757065,0.5444858353734457,73067486,731224682,157103991,59874595,50973387,16319257,10,8,108856339.8,True,1060,611,449,0.5764150943396227,4590329,4330.499056603773,False,False,False
20221,8089,3120081,노원역,발달상권,노원구,상계2동,917334536,584448081,332886455,0.5695740405724764,31566831,594964085,203234241,23760378,57839189,5969812,10,0,91733453.6,True,1060,611,449,0.5764150943396227,4409146,4159.571698113207,False,False,False
20222,8090,3120081,노원역,발달상권,노원구,상계2동,1039316461,668947884,370368577,0.5536583429868507,44499691,704214774,210571970,31747269,32941749,15341008,9,9,115479606.77777778,True,1060,611,449,0.5764150943396227,4672971,4408.46320754717,False,False,False
20223,8091,3120081,노원역,발달상권,노원구,상계2동,941779012,597572716,344206296,0.57600738250573,40608033,656925145,169803124,31263924,39885053,3293733,9,0,104642112.44444445,True,1060,611,449,0.5764150943396227,4642992,4380.181132075471,False,False,False
20224,8092,3120081,노원역,발달상권,노원구,상계2동,777039285,475563905,301475380,0.6339324259691239,49206615,500935827,112644658,35698051,76103302,2450832,10,18,77703928.5,True,899,517,382,0.575083426028921,4580116,5094.678531701891,False,False,False
20231,8093,3120081,노원역,발달상권,노원구,상계2동,1040276161,680320361,359955800,0.5290974967600595,73159047,656984201,168703859,40115549,79924673,21388832,11,8,94570560.0909091,True,899,517,382,0.575083426028921,4577920,5092.235817575083,False,False,False
20232,8094,3120081,노원역,발달상권,노원구,상계2동,1162915248,739302026,423613222,0.572990749520819,68361243,667212313,256102984,62183190,80542493,28513025,9,30,129212805.33333333,True,899,517,382,0.575083426028921,4556387,5068.283648498332,False,False,False
20233,8095,3120081,노원역,발달상권,노원구,상계2동,1253785008,760567915,493217093,0.648485274322938,76920508,685075185,299129561,66132625,112250908,14276221,9,10,139309445.33333334,True,899,517,382,0.575083426028921,4763015,5298.125695216908,False,False,False
20234,8096,3120081,노원역,발달상권,노원구,상계2동,1208741469,746559432,462182037,0.619082710885903,90873888,654184867,262615462,65337587,121468450,14261215,9,0,134304607.66666666,True,1223,685,538,0.5600981193785772,4946038,4044.1847914963205,False,False,False
20241,8097,3120081,노원역,발달상권,노원구,상계2동,1184364570,751141928,433222642,0.5767520435898235,46323534,593828556,331632523,70148984,129268217,13162756,9,10,131596063.33333333,True,1223,685,538,0.5600981193785772,4913661,4017.711365494685,False,False,False
20242,8098,3120081,노원역,발달상권,노원구,상계2동,999072280,627222395,371849885,0.5928517348300358,47808976,510315408,299104099,65563882,63567352,12712563,9,0,111008031.1111111,True,1223,685,538,0.5600981193785772,5043867,4124.175797219951,False,False,False
20243,8099,3120081,노원역,발달상권,노원구,상계2동,1274352813,790743657,483609156,0.6115877778074924,49731385,648547100,361938835,89000064,106934522,18200907,10,9,127435281.3,True,1223,685,538,0.5600981193785772,5041639,4122.354047424366,False,False,False
20244,8100,3120081,노원역,발달상권,노원구,상계2동,1063388653,678297387,385091266,0.5677321973820312,78843133,489326770,316352041,58573744,110484076,9808889,11,0,96671695.72727273,True,1223,685,538,0.5600981193785772,4932713,4033.289452166803,False,False,True
20251,8101,3120081,노원역,발달상권,노원구,상계2동,1128389238,696354626,432034612,0.6204232669231955,46990184,460098731,410050918,60069236,109772349,25192366,10,9,112838923.8,True,1223,685,538,0.5600981193785772,5007909,4094.7743254292723,False,False,True
20252,8102,3120081,노원역,발달상권,노원구,상계2동,930523417,571392106,359131311,0.6285199029333457,49045290,368917750,304319649,98960437,88327385,20952906,8,22,116315427.125,True,1223,685,538,0.5600981193785772,4898314,4005.1627146361407,False,False,True
20253,8103,3120081,노원역,발달상권,노원구,상계2동,895501501,529134804,366366697,0.6923882047267486,33539074,317884850,342292986,111122847,76040497,14621247,8,0,111937687.625,True,1223,685,538,0.5600981193785772,5038923,4120.133278822567,False,False,True
20254,8104,3120081,노원역,발달상권,노원구,상계2동,738166643,466612803,271553840,0.5819682577376686,39926088,240747127,254080644,99592192,91027491,12793101,7,13,105452377.57142857,True,1223,685,538,0.5600981193785772,5077840,4151.954210956664,False,False,True
20211,8085,3120085,은행사거리,발달상권,노원구,중계본동,302076210,204099796,97976414,0.48004170469626534,59804545,141899796,50525567,15440532,34271430,134340,7,0,43153744.28571428,True,191,89,102,0.46596858638743455,512167,2681.502617801047,False,False,False
20212,8086,3120085,은행사거리,발달상권,노원구,중계본동,289794169,193607221,96186948,0.4968148786144707,70617394,131610831,42293212,18799830,25624488,848414,6,17,48299028.166666664,True,191,89,102,0.46596858638743455,515716,2700.083769633508,False,False,False
20213,8087,3120085,은행사거리,발달상권,노원구,중계본동,321858559,217581910,104276649,0.47925238361957573,73716592,150657297,47902240,21406679,26824764,1350987,6,0,53643093.166666664,True,191,89,102,0.46596858638743455,494186,2587.361256544503,False,False,False
20214,8088,3120085,은행사거리,발달상권,노원구,중계본동,334745594,229679908,105065686,0.4574439571788752,82942302,149758338,48843442,22563764,28472961,2164787,6,0,55790932.333333336,True,191,89,102,0.46596858638743455,465325,2436.256544502618,False,False,False
20221,8089,3120085,은행사거리,발달상권,노원구,중계본동,290613579,191122706,99490873,0.5205601944543418,61350496,118839485,54756904,21241463,30683563,3741668,6,0,48435596.5,True,191,89,102,0.46596858638743455,465300,2436.1256544502617,False,False,False
20222,8090,3120085,은행사거리,발달상권,노원구,중계본동,334965649,217120170,117845479,0.5427661511134594,64121639,136017476,71928931,27307206,33594344,1996053,6,0,55827608.166666664,True,191,89,102,0.46596858638743455,465954,2439.549738219895,False,False,False
20223,8091,3120085,은행사거리,발달상권,노원구,중계본동,419055851,284391936,134663915,0.4735152370846408,98561194,155859644,73228868,41090368,49711123,604654,6,0,69842641.83333333,True,191,89,102,0.46596858638743455,460408,2410.5130890052355,False,False,False
20224,8092,3120085,은행사거리,발달상권,노원구,중계본동,417174044,278107006,139067038,0.5000486683172591,107758167,118836853,72779694,61440779,53094293,3264258,6,0,69529007.33333333,True,39,22,17,0.5641025641025641,454480,11653.333333333334,False,False,False
20231,8093,3120085,은행사거리,발달상권,노원구,중계본동,380335791,259286104,121049687,0.46685759526858406,65854397,122940224,66872375,56938346,60234836,7495613,6,0,63389298.5,True,39,22,17,0.5641025641025641,483985,12409.871794871795,False,False,False
20232,8094,3120085,은행사거리,발달상권,노원구,중계본동,206077662,131714402,74363260,0.5645795666293197,29941022,79104626,43286306,24771764,27285397,1688547,6,0,34346277.0,True,39,22,17,0.5641025641025641,463559,11886.128205128205,False,False,False
20233,8095,3120085,은행사거리,발달상권,노원구,중계본동,273220460,173953039,99267421,0.5706564344644763,44369135,103663571,40406801,31891180,52314132,575641,6,0,45536743.333333336,True,39,22,17,0.5641025641025641,467827,11995.564102564103,False,False,False
20234,8096,3120085,은행사거리,발달상권,노원구,중계본동,296704706,190633205,106071501,0.5564167113488965,58036155,90302767,45224298,36194405,65095435,1851646,6,0,49450784.333333336,True,193,85,108,0.44041450777202074,452175,2342.875647668394,False,False,False
20241,8097,3120085,은행사거리,발달상권,노원구,중계본동,411882852,274212482,137670370,0.5020572695884792,72367350,131512341,66350664,61457473,74640922,5554102,6,0,68647142.0,True,193,85,108,0.44041450777202074,482055,2497.6943005181347,False,False,False
20242,8098,3120085,은행사거리,발달상권,노원구,중계본동,334144415,200751061,133393354,0.6644714769402887,53120666,108926030,60378514,63898305,45198721,2622179,6,0,55690735.833333336,True,193,85,108,0.44041450777202074,469668,2433.5129533678755,False,False,False
20243,8099,3120085,은행사거리,발달상권,노원구,중계본동,467264341,301575592,165688749,0.5494103415371892,66881899,166059390,79609024,82954119,69619142,2140767,6,0,77877390.16666667,True,193,85,108,0.44041450777202074,454164,2353.181347150259,False,False,False
20244,8100,3120085,은행사거리,발달상권,노원구,중계본동,387665623,259573924,128091699,0.493469055081203,63065454,139803840,55489626,67860300,58407848,3038555,7,0,55380803.28571428,True,193,85,108,0.44041450777202074,428807,2221.79792746114,False,False,True
20251,8101,3120085,은행사거리,발달상권,노원구,중계본동,368715512,255339123,113376389,0.44402278690367397,36745101,128628965,61230963,82370430,58535044,1205009,7,0,52673644.571428575,True,193,85,108,0.44041450777202074,455223,2358.6683937823836,False,False,True
20252,8102,3120085,은행사거리,발달상권,노원구,중계본동,330794183,213019897,117774286,0.5528792739957057,40486770,112211675,56483842,80879519,39229953,1502424,7,0,47256311.85714286,True,193,85,108,0.44041450777202074,420192,2177.160621761658,False,False,True
20253,8103,3120085,은행사거리,발달상권,노원구,중계본동,409622501,268346698,141275803,0.5264674544271829,59667767,146381799,52315745,88427243,61855047,974900,6,17,68270416.83333333,True,193,85,108,0.44041450777202074,437708,2267.917098445596,False,False,True
20254,8104,3120085,은행사거리,발달상권,노원구,중계본동,372282569,253215007,119067562,0.47022316493271665,57157181,122748546,52479002,67225410,71884028,788402,6,0,62047094.833333336,True,193,85,108,0.44041450777202074,431046,2233.39896373057,False,False,True
20221,8089,3120086,태릉입구역,발달상권,노원구,공릉1동,291023947,175732414,115291533,0.6560629901777825,5657917,187194595,74939496,3795096,18680304,756539,2,0,145511973.5,True,1636,778,858,0.47555012224938875,464608,283.99022004889974,False,False,False
20222,8090,3120086,태릉입구역,발달상권,노원구,공릉1동,339827278,218112467,121714811,0.5580369278020224,6059340,193346570,96208631,11761733,29120235,3330769,1,33,339827278.0,True,1636,778,858,0.47555012224938875,476032,290.97310513447434,False,False,False
20223,8091,3120086,태릉입구역,발달상권,노원구,공릉1동,416752462,264811308,151941154,0.5737713964994274,18803812,231597922,125419265,18070060,20236574,2624829,1,0,416752462.0,True,1636,778,858,0.47555012224938875,444825,271.89792176039117,False,False,False
20211,8085,3120090,연신내역,발달상권,은평구,불광1동,244621046,155692122,88928924,0.5711844816399895,20733501,176330041,28230996,6044885,12453509,828114,5,0,48924209.2,True,2993,1366,1627,0.4563982626127631,1933243,645.9214834614099,False,False,False
20212,8086,3120090,연신내역,발달상권,은평구,불광1동,275019032,175928119,99090913,0.5632465893641482,29470686,185034787,33694770,10924355,14890620,1003814,5,0,55003806.4,True,2993,1366,1627,0.4563982626127631,1945438,649.995990644838,False,False,False
20213,8087,3120090,연신내역,발달상권,은평구,불광1동,211648848,131639489,80009359,0.6077914735752279,26488255,141707589,21464508,8902275,12258816,827405,5,17,42329769.6,True,2993,1366,1627,0.4563982626127631,1952641,652.4026060808553,False,False,False
20214,8088,3120090,연신내역,발달상권,은평구,불광1동,182520953,119081437,63439516,0.5327405983520337,22310863,106253879,31666943,8872166,12574847,842255,5,0,36504190.6,True,2993,1366,1627,0.4563982626127631,2056745,687.1850985633145,False,False,False
20221,8089,3120090,연신내역,발달상권,은평구,불광1동,140893562,89710459,51183103,0.5705366305170727,10207347,76230509,30151738,11598915,12406990,298063,5,0,28178712.4,True,2993,1366,1627,0.4563982626127631,2038950,681.2395589709322,False,False,False
20222,8090,3120090,연신내역,발달상권,은평구,불광1동,135090890,82922593,52168297,0.6291204255998121,5775689,81872715,32496873,4313136,9592154,1040323,4,20,33772722.5,True,2993,1366,1627,0.4563982626127631,2106806,703.9111259605746,False,False,False
20223,8091,3120090,연신내역,발달상권,은평구,불광1동,136135408,90529036,45606372,0.5037761807162069,6785937,77982818,31455662,5031434,14049659,829898,4,0,34033852.0,True,2993,1366,1627,0.4563982626127631,2006001,670.2308720347478,False,False,False
20224,8092,3120090,연신내역,발달상권,은평구,불광1동,119039863,67751822,51288041,0.7569986973929645,7619868,68866671,25550522,3006345,13230565,765892,4,0,29759965.75,True,2351,1085,1266,0.4615057422373458,2009872,854.9008932369204,False,False,False
20231,8093,3120090,연신내역,발달상권,은평구,불광1동,142088033,87248071,54839962,0.6285521430038264,6117362,73098080,36198174,7304747,17680077,1689593,5,0,28417606.6,True,2351,1085,1266,0.4615057422373458,2105243,895.467035304126,False,False,False
20232,8094,3120090,연신내역,발달상권,은평구,불광1동,141916755,85806244,56110511,0.6539210712917349,9574746,75711562,31305082,6238015,18544942,542408,5,0,28383351.0,True,2351,1085,1266,0.4615057422373458,2054434,873.8553806890685,False,False,False
20233,8095,3120090,연신내역,발달상권,은평구,불광1동,155199251,89960447,65238804,0.7251943067824018,10971642,77454320,37171615,11154153,15653719,2793802,6,0,25866541.833333332,True,2351,1085,1266,0.4615057422373458,1840349,782.7941301573799,False,False,False
20234,8096,3120090,연신내역,발달상권,은평구,불광1동,121818223,72016934,49801289,0.6915219273289251,3577190,72110999,22020500,5622704,17717482,769348,8,0,15227277.875,True,3094,1345,1749,0.43471234647705237,1807945,584.3390433096315,False,False,False
20241,8097,3120090,연신내역,발달상권,은평구,불광1동,116639157,71706666,44932491,0.6266152577781262,6996760,53364102,27660128,6181540,10001205,12435422,8,0,14579894.625,True,3094,1345,1749,0.43471234647705237,1771531,572.5698125404008,False,False,False
20242,8098,3120090,연신내역,발달상권,은평구,불광1동,97385786,66547257,30838529,0.4634079658610121,5180468,36389632,18927662,5047096,15064072,16776856,8,0,12173223.25,True,3094,1345,1749,0.43471234647705237,1730916,559.442792501616,False,False,False
20243,8099,3120090,연신내역,발달상권,은평구,불광1동,78911589,47473588,31438001,0.6622208753212417,3123724,33736221,15110401,4401292,1733842,20806109,7,13,11273084.142857144,True,3094,1345,1749,0.43471234647705237,1642212,530.7731092436975,False,False,False
20244,8100,3120090,연신내역,발달상권,은평구,불광1동,73559843,43823393,29736450,0.6785519779356199,1951559,30594681,13626747,3721572,3746316,19918968,7,0,10508549.0,True,3094,1345,1749,0.43471234647705237,1950539,630.4263089851326,False,False,True
20251,8101,3120090,연신내역,발달상권,은평구,불광1동,102567658,60135551,42432107,0.7056076862087786,1518181,42163718,24641107,5910409,3838494,24495749,7,0,14652522.57142857,True,3094,1345,1749,0.43471234647705237,2199056,710.7485455720749,False,False,True
20252,8102,3120090,연신내역,발달상권,은평구,불광1동,115970892,67900639,48070253,0.7079499354932433,5287167,37005167,24851197,10685946,2373241,35768174,7,0,16567270.285714285,True,3094,1345,1749,0.43471234647705237,2187197,706.9156431803491,False,False,True
20253,8103,3120090,연신내역,발달상권,은평구,불광1동,127718901,77928844,49790057,0.6389169201586,1839137,45513714,30258708,13418676,2913136,33775530,7,0,18245557.285714287,True,3094,1345,1749,0.43471234647705237,2107753,681.2388493859082,False,False,True
20254,8104,3120090,연신내역,발달상권,은평구,불광1동,133896154,83060176,50835978,0.6120379277790117,2281601,49800759,30424247,13758036,3682098,33949413,7,0,19128022.0,True,3094,1345,1749,0.43471234647705237,2088235,674.9305106658048,False,False,True
20232,8094,3120091,본서부병원,발달상권,은평구,응암1동,72172312,42982229,29190083,0.6791198055363764,11720927,30781769,16931586,6720092,5319226,698712,3,0,24057437.333333332,True,3305,1542,1763,0.4665658093797277,763062,230.88108925869895,False,False,False
20233,8095,3120091,본서부병원,발달상권,은평구,응암1동,84220317,55136826,29083491,0.527478513181009,9002519,38938204,18568756,6697826,10227274,785738,3,0,28073439.0,True,3305,1542,1763,0.4665658093797277,757605,229.22995461422087,False,False,False
20234,8096,3120091,본서부병원,발달상권,은평구,응암1동,75733236,48480034,27253202,0.5621531123513651,8034303,34991603,19224143,4049952,9124292,308943,3,0,25244412.0,True,3473,1472,2001,0.423841059602649,788828,227.13158652461848,False,False,False
20241,8097,3120091,본서부병원,발달상권,은평구,응암1동,85993660,55850469,30143191,0.5397124059960893,6539699,39737012,25521357,4172223,9777400,245969,3,0,28664553.333333332,True,3473,1472,2001,0.423841059602649,776312,223.5277857759862,False,False,False
20211,8085,3120094,"신촌역(신촌역, 신촌로터리)",발달상권,서대문구,신촌동,295277097,190494494,104782603,0.5500558089621215,11718282,209569109,52829018,9742972,10260268,1157448,13,8,22713622.846153848,True,3725,1858,1867,0.4987919463087248,4879559,1309.9487248322148,False,False,False
20212,8086,3120094,"신촌역(신촌역, 신촌로터리)",발달상권,서대문구,신촌동,348553621,222035776,126517845,0.5698083762861711,19119825,243731618,56649710,13153953,14761828,1136687,13,0,26811817.0,True,3725,1858,1867,0.4987919463087248,5472686,1469.1774496644296,False,False,False
20213,8087,3120094,"신촌역(신촌역, 신촌로터리)",발달상권,서대문구,신촌동,267118588,167511744,99606844,0.59462603410063,14059662,180381689,47347643,9250319,14574645,1504630,12,8,22259882.333333332,True,3725,1858,1867,0.4987919463087248,5265865,1413.655033557047,False,False,False
20214,8088,3120094,"신촌역(신촌역, 신촌로터리)",발달상권,서대문구,신촌동,291870347,178479552,113390795,0.6353153273266845,19554104,188085965,44753460,13245456,24186766,2044596,12,0,24322528.916666668,True,3725,1858,1867,0.4987919463087248,5774496,1550.2002684563759,False,False,False
20221,8089,3120094,"신촌역(신촌역, 신촌로터리)",발달상권,서대문구,신촌동,235201270,144541055,90660215,0.6272281256007161,11697730,153413220,43433508,8710961,13075179,4870672,12,0,19600105.833333332,True,3725,1858,1867,0.4987919463087248,5796825,1556.1946308724832,False,False,False
20222,8090,3120094,"신촌역(신촌역, 신촌로터리)",발달상권,서대문구,신촌동,365648430,234822431,130825999,0.5571273512622821,18399006,240810571,67049399,16280294,19379491,3729669,12,8,30470702.5,True,3725,1858,1867,0.4987919463087248,6723607,1804.9951677852348,False,False,False
20223,8091,3120094,"신촌역(신촌역, 신촌로터리)",발달상권,서대문구,신촌동,458138598,305370965,152767633,0.5002690186999278,26410490,306708794,68745820,23212080,27937078,5124336,12,8,38178216.5,True,3725,1858,1867,0.4987919463087248,6806218,1827.1726174496644,False,False,False
20224,8092,3120094,"신촌역(신촌역, 신촌로터리)",발달상권,서대문구,신촌동,414731520,268036521,146694999,0.5472948180818986,33182920,264294389,57813371,20396174,34901846,4142820,11,9,37702865.45454545,True,3443,1693,1750,0.4917223351728144,6942798,2016.4966598896312,False,False,False
20231,8093,3120094,"신촌역(신촌역, 신촌로터리)",발달상권,서대문구,신촌동,414065514,278073622,135991892,0.48904995382841454,20804787,267759469,67517435,16129841,30853706,3768368,10,10,41406551.4,True,3443,1693,1750,0.4917223351728144,6814459,1979.2213186174847,False,False,False
20232,8094,3120094,"신촌역(신촌역, 신촌로터리)",발달상권,서대문구,신촌동,345656939,225773389,119883550,0.5309906120069802,16247635,225389298,57916422,14041656,29507593,2554335,10,0,34565693.9,True,3443,1693,1750,0.4917223351728144,7280557,2114.596863200697,False,False,False
20233,8095,3120094,"신촌역(신촌역, 신촌로터리)",발달상권,서대문구,신촌동,360485598,233437601,127047997,0.5442482121806932,24939569,224302956,65143962,14235080,26651466,5212565,11,0,32771418.0,True,3443,1693,1750,0.4917223351728144,6792938,1972.97066511763,False,False,False
20234,8096,3120094,"신촌역(신촌역, 신촌로터리)",발달상권,서대문구,신촌동,340745876,218713448,122032428,0.557955759537932,26995447,215081188,49393033,14549677,31262237,3464294,11,18,30976897.818181816,True,4027,2016,2011,0.5006208095356345,7237508,1797.245592252297,False,False,False
20241,8097,3120094,"신촌역(신촌역, 신촌로터리)",발달상권,서대문구,신촌동,314859426,209236366,105623060,0.5048025924900645,9970578,191081562,63926131,15920481,30410268,3550406,13,8,24219955.846153848,True,4027,2016,2011,0.5006208095356345,6728591,1670.8693816737025,False,False,False
20242,8098,3120094,"신촌역(신촌역, 신촌로터리)",발달상권,서대문구,신촌동,306814942,203397384,103417558,0.5084507773216985,7115411,181636041,70583096,17057448,27304536,3118410,13,0,23601149.384615384,True,4027,2016,2011,0.5006208095356345,6868295,1705.5612118202137,False,False,False
20243,8099,3120094,"신촌역(신촌역, 신촌로터리)",발달상권,서대문구,신촌동,320896646,210400892,110495754,0.5251677069886187,13722583,179529307,80219433,16376130,25083157,5966036,14,0,22921189.0,True,4027,2016,2011,0.5006208095356345,6269694,1556.9143282840823,False,False,False
20244,8100,3120094,"신촌역(신촌역, 신촌로터리)",발달상권,서대문구,신촌동,304652738,203006566,101646172,0.5007038639331498,17323240,173412235,62296358,15521288,31598212,4501405,15,0,20310182.533333335,True,4027,2016,2011,0.5006208095356345,6332375,1572.4795132853242,False,False,True
20251,8101,3120094,"신촌역(신촌역, 신촌로터리)",발달상권,서대문구,신촌동,255563116,168686924,86876192,0.5150143825018707,6845383,138590915,68306558,15501709,21322335,4996216,14,7,18254508.285714287,True,4027,2016,2011,0.5006208095356345,5917385,1469.427613608145,False,False,True
20252,8102,3120094,"신촌역(신촌역, 신촌로터리)",발달상권,서대문구,신촌동,217548432,146996283,70552149,0.4799587279359982,4555302,130715712,46381406,10229931,22036063,3630018,12,8,18129036.0,True,4027,2016,2011,0.5006208095356345,6243965,1550.5252048671468,False,False,True
20253,8103,3120094,"신촌역(신촌역, 신촌로터리)",발달상권,서대문구,신촌동,414625002,257886351,156738651,0.6077818790805257,16430903,234688739,102113473,29606807,26246782,5538298,12,0,34552083.5,True,4027,2016,2011,0.5006208095356345,5993241,1488.2644648621804,False,False,True
20254,8104,3120094,"신촌역(신촌역, 신촌로터리)",발달상권,서대문구,신촌동,380743092,248246091,132497001,0.5337324767784561,17872656,211573069,95158411,29369736,23352190,3417030,12,0,31728591.0,True,4027,2016,2011,0.5006208095356345,6084639,1510.9607648373478,False,False,True
20211,8085,3120095,홍제역,발달상권,서대문구,홍제1동,1160248822,725708621,434540201,0.5987805414261436,56054123,637160187,288693985,152354213,24218550,1767764,4,0,290062205.5,True,1480,694,786,0.4689189189189189,1057641,714.6222972972973,False,False,False
20212,8086,3120095,홍제역,발달상권,서대문구,홍제1동,1274857828,776205455,498652373,0.6424231751888423,70153347,649275693,326222096,175100301,29594976,24511415,4,0,318714457.0,True,1480,694,786,0.4689189189189189,1062515,717.9155405405405,False,False,False
20213,8087,3120095,홍제역,발달상권,서대문구,홍제1동,1228330366,761048745,467281621,0.6139969667777325,91085194,574104441,209749094,137484916,210424047,5482674,4,0,307082591.5,True,1480,694,786,0.4689189189189189,1180065,797.3412162162163,False,False,False
20214,8088,3120095,홍제역,발달상권,서대문구,홍제1동,939305646,540694152,398611494,0.7372217593357658,79181972,419741826,200230690,216032117,22511654,1607387,4,0,234826411.5,True,1480,694,786,0.4689189189189189,1249550,844.2905405405405,False,False,False
20221,8089,3120095,홍제역,발달상권,서대문구,홍제1동,907863011,534819923,373043088,0.6975115771818395,65900817,408787148,220316366,175603289,36282418,972973,4,0,226965752.75,True,1480,694,786,0.4689189189189189,1291585,872.6925675675676,False,False,False
20222,8090,3120095,홍제역,발달상권,서대문구,홍제1동,1110764234,704076000,406688234,0.5776197938858874,54679224,533616368,353123053,134517066,16588250,18240273,4,0,277691058.5,True,1480,694,786,0.4689189189189189,1317051,889.8993243243243,False,False,False
20223,8091,3120095,홍제역,발달상권,서대문구,홍제1동,1242515155,785500574,457014581,0.5818131725515454,113408483,581312765,354287011,164477444,19249159,9780293,4,0,310628788.75,True,1480,694,786,0.4689189189189189,1276106,862.2337837837838,False,False,False
20224,8092,3120095,홍제역,발달상권,서대문구,홍제1동,1260509946,802722085,457787861,0.5702943391672101,88677302,401036533,467815431,266556508,31107139,5317033,4,0,315127486.5,True,1341,646,695,0.4817300521998509,1281255,955.4474272930648,False,False,False
20231,8093,3120095,홍제역,발달상권,서대문구,홍제1동,46629538,31233610,15395928,0.49292822699649513,1325274,11166420,14943236,9795220,5727547,3671841,5,0,9325907.6,True,1341,646,695,0.4817300521998509,1289965,961.9425801640567,False,False,False
20232,8094,3120095,홍제역,발달상권,서대문구,홍제1동,1069427510,639948266,429479244,0.6711155679574886,55175170,403789751,449826505,78779621,48912664,32943799,4,20,267356877.5,True,1341,646,695,0.4817300521998509,1232573,919.144668158091,False,False,False
20233,8095,3120095,홍제역,발달상권,서대문구,홍제1동,1781756603,1072992298,708764305,0.660549294082631,115593226,637224143,652484654,232125005,107722520,36607055,4,0,445439150.75,True,1341,646,695,0.4817300521998509,1261493,940.7106636838181,False,False,False
20234,8096,3120095,홍제역,발달상권,서대문구,홍제1동,1770217838,1097235970,672981868,0.6133428782871564,109835254,575067618,710753204,255391672,107656914,11513176,4,0,442554459.5,True,1120,535,585,0.47767857142857145,1290964,1152.6464285714285,False,False,False
20241,8097,3120095,홍제역,발달상권,서대문구,홍제1동,2050098478,1248212729,801885749,0.642427152335185,55991298,586323101,911362805,297349579,183128562,15943133,4,0,512524619.5,True,1120,535,585,0.47767857142857145,1273449,1137.0080357142858,False,False,False
20242,8098,3120095,홍제역,발달상권,서대문구,홍제1동,2036585492,1245942728,790642764,0.634573922405846,49094391,467272585,1084096234,291615572,135659261,8847449,4,0,509146373.0,True,1120,535,585,0.47767857142857145,1229197,1097.4973214285715,False,False,False
20243,8099,3120095,홍제역,발달상권,서대문구,홍제1동,1987817494,1252057846,735759648,0.5876402998076816,55013804,602459496,918947354,288764348,119739816,2892676,4,0,496954373.5,True,1120,535,585,0.47767857142857145,1218370,1087.830357142857,False,False,False
20244,8100,3120095,홍제역,발달상권,서대문구,홍제1동,1672011633,1082559027,589452606,0.5444992756039343,56374772,437171587,817465619,266287524,89621432,5090699,3,25,557337211.0,True,1120,535,585,0.47767857142857145,1257918,1123.1410714285714,False,False,True
20251,8101,3120095,홍제역,발달상권,서대문구,홍제1동,1629840539,1039822300,590018239,0.5674221826171645,31235521,481479519,499579780,497254399,114132203,6159117,3,0,543280179.6666666,True,1120,535,585,0.47767857142857145,1237232,1104.6714285714286,False,False,True
20252,8102,3120095,홍제역,발달상권,서대문구,홍제1동,1461294425,898489427,562804998,0.626390229075005,50547022,464681489,555885056,287817800,95321364,7041694,3,0,487098141.6666667,True,1120,535,585,0.47767857142857145,1196377,1068.19375,False,False,True
20253,8103,3120095,홍제역,발달상권,서대문구,홍제1동,1591628875,989606644,602022231,0.6083449769158987,105177813,517979903,649484794,202567838,113265920,3152607,3,0,530542958.3333333,True,1120,535,585,0.47767857142857145,1185801,1058.7508928571428,False,False,True
20254,8104,3120095,홍제역,발달상권,서대문구,홍제1동,1873279145,1185478006,687801139,0.5801888651825398,133656640,588976624,814111727,175398307,146155310,14980537,3,0,624426381.6666666,True,1120,535,585,0.47767857142857145,1242388,1109.275,False,False,True
20211,8085,3120103,홍대입구역(홍대),발달상권,마포구,서교동,385227552,241607483,143620069,0.5944355167178328,27641812,277471481,50329379,8448243,17346776,3989861,11,27,35020686.54545455,True,4693,2085,2608,0.4442787129767739,3450923,735.3341146388237,False,False,False
20212,8086,3120103,홍대입구역(홍대),발달상권,마포구,서교동,461380287,285610398,175769889,0.615418381931599,46289221,323803732,57267897,10558389,18718312,4742736,11,0,41943662.45454545,True,4693,2085,2608,0.4442787129767739,3787725,807.1010014915832,False,False,False
20213,8087,3120103,홍대입구역(홍대),발달상권,마포구,서교동,334190722,203595019,130595703,0.6414484187356273,32792025,228471725,36050194,11923941,18850278,4039477,11,0,30380974.727272727,True,4693,2085,2608,0.4442787129767739,3234017,689.1150649904113,False,False,False
20214,8088,3120103,홍대입구역(홍대),발달상권,마포구,서교동,405363215,243993301,161369914,0.6613702644237761,42168933,278305387,49254546,12340026,18650174,4352331,12,0,33780267.916666664,True,4693,2085,2608,0.4442787129767739,3613103,769.8919667590028,False,False,False
20221,8089,3120103,홍대입구역(홍대),발달상권,마포구,서교동,360285935,224850434,135435501,0.6023359554645111,30616506,239295803,53698241,11385991,19025206,6264188,12,0,30023827.916666668,True,4693,2085,2608,0.4442787129767739,3343550,712.45471979544,False,False,False
20222,8090,3120103,홍대입구역(홍대),발달상권,마포구,서교동,514024502,319979775,194044727,0.6064281000260094,45282962,348474612,66641205,18123796,29724482,5777445,12,0,42835375.166666664,True,4693,2085,2608,0.4442787129767739,4084992,870.4436394630301,False,False,False
20223,8091,3120103,홍대입구역(홍대),발달상권,마포구,서교동,333007141,216531846,116475295,0.5379130005662077,34370212,229331001,33414570,10663915,20326905,4900538,11,18,30273376.454545453,True,4693,2085,2608,0.4442787129767739,4044374,861.7886213509482,False,False,False
20224,8092,3120103,홍대입구역(홍대),발달상권,마포구,서교동,545077661,318113917,226963744,0.7134668804823148,56099400,359862399,55605157,26654309,38545638,8310758,9,22,60564184.55555555,True,3865,1826,2039,0.4724450194049159,4090113,1058.2439844760672,False,False,False
20231,8093,3120103,홍대입구역(홍대),발달상권,마포구,서교동,604638753,384741807,219896946,0.5715441940521946,47711209,412929193,79742327,19703388,37319401,7233235,9,11,67182083.66666667,True,3865,1826,2039,0.4724450194049159,4330553,1120.4535575679172,False,False,False
20232,8094,3120103,홍대입구역(홍대),발달상권,마포구,서교동,548425106,337425833,210999273,0.6253204478271229,51737226,355848990,70977457,21719059,42215405,5926969,9,0,60936122.88888889,True,3865,1826,2039,0.4724450194049159,4227814,1093.8716688227685,False,False,False
20233,8095,3120103,홍대입구역(홍대),발달상권,마포구,서교동,586448885,355183852,231265033,0.6511135900401238,68421308,364753296,71518524,31766601,43141489,6847667,9,0,65160987.222222224,True,3865,1826,2039,0.4724450194049159,4256543,1101.304786545925,False,False,False
20234,8096,3120103,홍대입구역(홍대),발달상권,마포구,서교동,506569230,303104878,203464352,0.6712671644961121,65337220,313291456,57013668,26423240,38704966,5798680,9,0,56285470.0,True,4546,2030,2516,0.4465464144302684,4448802,978.6190057193137,False,False,False
20241,8097,3120103,홍대입구역(홍대),발달상권,마포구,서교동,541830178,345155466,196674712,0.5698148555468625,42049220,347383685,84294365,20601814,39659168,7841926,9,0,60203353.11111111,True,4546,2030,2516,0.4465464144302684,4494503,988.6720193576771,False,False,False
20242,8098,3120103,홍대입구역(홍대),발달상권,마포구,서교동,484561225,302578507,181982718,0.6014396719856906,39109828,310595356,76581606,15902861,34076872,8294702,11,0,44051020.45454545,True,4546,2030,2516,0.4465464144302684,4297046,945.2366915970083,False,False,False
20243,8099,3120103,홍대입구역(홍대),발달상권,마포구,서교동,512358043,318274080,194083963,0.6098013479451421,43477786,329608110,69334175,23213628,39237228,7487116,11,9,46578003.90909091,True,4546,2030,2516,0.4465464144302684,4215297,927.2540695116586,False,False,False
20244,8100,3120103,홍대입구역(홍대),발달상권,마포구,서교동,305397628,197105454,108292174,0.5494123668439941,24480857,184178945,42960823,16072181,33031866,4672956,12,0,25449802.333333332,True,4546,2030,2516,0.4465464144302684,4327586,951.9546854377475,False,False,True
20251,8101,3120103,홍대입구역(홍대),발달상권,마포구,서교동,336464793,211140863,125323930,0.5935560185713553,24260845,198073434,57112912,15267542,34308909,7441151,12,0,28038732.75,True,4546,2030,2516,0.4465464144302684,4215817,927.3684557853057,False,False,True
20252,8102,3120103,홍대입구역(홍대),발달상권,마포구,서교동,307597772,200595535,107002237,0.5334228251890053,26834464,189033520,41294530,15054902,30006651,5373705,13,0,23661367.076923076,True,4546,2030,2516,0.4465464144302684,4149422,912.7633084029917,False,False,True
20253,8103,3120103,홍대입구역(홍대),발달상권,마포구,서교동,750077041,465544905,284532136,0.6111808612748109,53884339,416594608,174791208,53916299,43288259,7602328,13,0,57698233.92307692,True,4546,2030,2516,0.4465464144302684,4067471,894.736251649802,False,False,True
20254,8104,3120103,홍대입구역(홍대),발달상권,마포구,서교동,463007595,288143370,174864225,0.6068653427632223,39112881,268455632,80565140,28726203,39325342,6822397,13,0,35615968.84615385,True,4546,2030,2516,0.4465464144302684,4106211,903.2580290365156,False,False,True
20211,8085,3120104,연남동(홍대),발달상권,마포구,연남동,69562352,46611004,22951348,0.4924019229450625,1230792,50625785,12796498,2467986,2003745,437546,3,0,23187450.666666668,True,7337,3503,3834,0.47744309663350143,4305542,586.8259506610332,False,False,False
20212,8086,3120104,연남동(홍대),발달상권,마포구,연남동,111318078,75643477,35674601,0.47161503430097484,2731529,74773891,22757656,7053741,3451179,550082,3,0,37106026.0,True,7337,3503,3834,0.47744309663350143,4579235,624.1290718277226,False,False,False
20213,8087,3120104,연남동(홍대),발달상권,마포구,연남동,86211395,53559687,32651708,0.6096321660729646,2875403,51505640,20419014,6177564,4049938,330178,3,0,28737131.666666668,True,7337,3503,3834,0.47744309663350143,4491347,612.1503339239471,False,False,False
20214,8088,3120104,연남동(홍대),발달상권,마포구,연남동,90678900,57834889,32844011,0.5678926953590245,3218581,54286997,18000181,6613930,6566683,1992528,4,0,22669725.0,True,7337,3503,3834,0.47744309663350143,4704637,641.2207986915633,False,False,False
20221,8089,3120104,연남동(홍대),발달상권,마포구,연남동,69717212,46083801,23633411,0.5128355406273888,1320874,40073508,17854746,6013100,3762814,692170,3,33,23239070.666666668,True,7337,3503,3834,0.47744309663350143,4717908,643.0295761210303,False,False,False
20222,8090,3120104,연남동(홍대),발달상권,마포구,연남동,107347335,69682224,37665111,0.5405268207283396,1051433,63138384,26895305,10302539,5634316,325358,3,0,35782445.0,True,7337,3503,3834,0.47744309663350143,4931240,672.1057652991686,False,False,False
20223,8091,3120104,연남동(홍대),발달상권,마포구,연남동,124541564,82045251,42496313,0.517961886666664,3829708,74828233,30105114,9187525,6308598,282386,3,0,41513854.666666664,True,7337,3503,3834,0.47744309663350143,4828866,658.1526509472536,False,False,False
20224,8092,3120104,연남동(홍대),발달상권,마포구,연남동,105414702,68529158,36885544,0.5382459828267553,4124105,65031737,23194005,9011914,3511654,541287,3,0,35138234.0,True,8655,3976,4679,0.4593876372039284,4870544,562.7433853264009,False,False,False
20231,8093,3120104,연남동(홍대),발달상권,마포구,연남동,123939731,84012331,39927400,0.47525642396471535,2404325,70120339,36753394,7435316,5107789,2118568,3,0,41313243.666666664,True,8655,3976,4679,0.4593876372039284,4868468,562.5035239745812,False,False,False
20232,8094,3120104,연남동(홍대),발달상권,마포구,연남동,145193095,99206290,45986805,0.46354727104501137,2583395,82500815,39369052,14216367,3974644,2548822,4,0,36298273.75,True,8655,3976,4679,0.4593876372039284,4861686,561.7199306759098,False,False,False
20233,8095,3120104,연남동(홍대),발달상권,마포구,연남동,154326361,105213616,49112745,0.4667907716430923,3932261,93800394,32041708,17535699,3684014,3332285,4,0,38581590.25,True,8655,3976,4679,0.4593876372039284,4765925,550.6556903523974,False,False,False
20234,8096,3120104,연남동(홍대),발달상권,마포구,연남동,131285692,85683274,45602418,0.5322207692483832,3368874,82590321,29571464,11206277,3467463,1081293,4,0,32821423.0,True,6602,3138,3464,0.4753105119660709,4864199,736.7765828536807,False,False,False
20241,8097,3120104,연남동(홍대),발달상권,마포구,연남동,131371273,88125368,43245905,0.4907316245192871,2040959,75760335,36983722,7008310,6896474,2681473,5,0,26274254.6,True,6602,3138,3464,0.4753105119660709,4965773,752.161920630112,False,False,False
20242,8098,3120104,연남동(홍대),발달상권,마포구,연남동,119484190,82374822,37109368,0.45049405994467584,2557168,63871365,40680360,4968263,5383690,2023344,6,0,19914031.666666668,True,6602,3138,3464,0.4753105119660709,4799921,727.0404422902151,False,False,False
20243,8099,3120104,연남동(홍대),발달상권,마포구,연남동,126926914,86620071,40306843,0.46532913832407274,5817237,67725055,35048299,6504479,9802413,2029431,8,0,15865864.25,True,6602,3138,3464,0.4753105119660709,4851035,734.7826416237504,False,False,False
20244,8100,3120104,연남동(홍대),발달상권,마포구,연남동,100013796,68552166,31461630,0.4589443607077273,6313518,47309076,28363681,7032749,8882514,2112258,8,0,12501724.5,True,6602,3138,3464,0.4753105119660709,4973915,753.3951832777946,False,False,True
20251,8101,3120104,연남동(홍대),발달상권,마포구,연남동,94729353,61648016,33081337,0.5366164095207865,1002449,36325982,38703507,9755264,6399368,2542783,8,0,11841169.125,True,6602,3138,3464,0.4753105119660709,5024504,761.0578612541655,False,False,True
20252,8102,3120104,연남동(홍대),발달상권,마포구,연남동,82358662,53821871,28536791,0.5302080821382074,919713,34551847,26278079,12678615,4485768,3444640,8,0,10294832.75,True,6602,3138,3464,0.4753105119660709,4978765,754.1298091487428,False,False,True
20253,8103,3120104,연남동(홍대),발달상권,마포구,연남동,98724933,66328732,32396201,0.48841881976576906,1899288,39067045,31350980,16843947,4723341,4840332,8,0,12340616.625,True,6602,3138,3464,0.4753105119660709,5004476,758.0242350802787,False,False,True
20254,8104,3120104,연남동(홍대),발달상권,마포구,연남동,87422683,56633262,30789421,0.5436632097935662,1614700,32757011,24453732,20137515,5320507,3139218,7,14,12488954.714285715,True,6602,3138,3464,0.4753105119660709,5053800,765.495304453196,False,False,True
20211,8085,3120108,신정네거리역,발달상권,양천구,신정4동,188489266,121206254,67283012,0.5551117189051977,4900043,127969205,44868205,3735764,6023254,992795,5,0,37697853.2,True,3392,1673,1719,0.49321933962264153,893860,263.52004716981133,False,False,False
20212,8086,3120108,신정네거리역,발달상권,양천구,신정4동,267998677,177555366,90443311,0.5093808936194021,11215272,185438045,53863883,4923899,11474236,1083342,4,25,66999669.25,True,3392,1673,1719,0.49321933962264153,895156,263.90212264150944,False,False,False
20213,8087,3120108,신정네거리역,발달상권,양천구,신정4동,197442772,133910308,63532464,0.4744404291863775,6135885,116518982,55752722,6898509,12041533,95141,4,0,49360693.0,True,3392,1673,1719,0.49321933962264153,885112,260.9410377358491,False,False,False
20214,8088,3120108,신정네거리역,발달상권,양천구,신정4동,170683036,100404651,70278385,0.6999514892990366,8177270,106559770,34905508,10153213,10557981,329294,4,0,42670759.0,True,3392,1673,1719,0.49321933962264153,892055,262.9879127358491,False,False,False
20221,8089,3120108,신정네거리역,발달상권,양천구,신정4동,129995229,76246886,53748343,0.7049250903177868,7721627,74588901,30970475,7540648,7657639,1515939,4,0,32498807.25,True,3392,1673,1719,0.49321933962264153,906249,267.1724646226415,False,False,False
20222,8090,3120108,신정네거리역,발달상권,양천구,신정4동,164114203,101563820,62550383,0.6158726897038729,8051608,87758427,37204067,10453883,19060586,1585632,3,33,54704734.333333336,True,3392,1673,1719,0.49321933962264153,972898,286.82134433962267,False,False,False
20223,8091,3120108,신정네거리역,발달상권,양천구,신정4동,226507678,139678738,86828940,0.6216331937363294,15058616,117313355,48926201,26425039,13481106,5303361,3,0,75502559.33333333,True,3392,1673,1719,0.49321933962264153,931885,274.73024764150944,False,False,False
20224,8092,3120108,신정네거리역,발달상권,양천구,신정4동,228489576,136832889,91656687,0.6698439802729006,18534118,90714271,50957546,26982559,35643067,5658015,3,0,76163192.0,True,3299,1672,1627,0.5068202485601697,945434,286.58199454380116,False,False,False
20231,8093,3120108,신정네거리역,발달상권,양천구,신정4동,235572542,147393649,88178893,0.5982543589785202,17935353,94546433,56015742,19377202,36150857,11546955,3,0,78524180.66666667,True,3299,1672,1627,0.5068202485601697,957420,290.21521673234315,False,False,False
20232,8094,3120108,신정네거리역,발달상권,양천구,신정4동,247658585,157588335,90070250,0.5715540430070538,16197942,105570396,61684966,27304221,30019269,6881791,3,0,82552861.66666667,True,3299,1672,1627,0.5068202485601697,901115,273.1479236132161,False,False,False
20233,8095,3120108,신정네거리역,발달상권,양천구,신정4동,261065888,165036476,96029412,0.5818678047875914,22961843,111445447,58551242,31989873,33648827,2468656,3,0,87021962.66666667,True,3299,1672,1627,0.5068202485601697,895323,271.3922400727493,False,False,False
20234,8096,3120108,신정네거리역,발달상권,양천구,신정4동,150338373,89108466,61229907,0.6871390536562485,12088545,63383792,32383769,18278963,20255869,3947435,3,0,50112791.0,True,3360,1629,1731,0.48482142857142857,912606,271.6089285714286,False,False,False
20241,8097,3120108,신정네거리역,발달상권,양천구,신정4동,257335365,163126605,94208760,0.5775192832585463,21548420,97205521,65396789,53691904,15298351,4194380,3,0,85778455.0,True,3360,1629,1731,0.48482142857142857,926437,275.72529761904764,False,False,False
20242,8098,3120108,신정네거리역,발달상권,양천구,신정4동,226521607,143425136,83096471,0.5793717427606274,14033957,101283558,47022338,41051241,14970429,8160084,3,0,75507202.33333333,True,3360,1629,1731,0.48482142857142857,866467,257.87708333333336,False,False,False
20243,8099,3120108,신정네거리역,발달상권,양천구,신정4동,353214963,235967104,117247859,0.49688222219314093,22745695,141476978,95912333,46300074,38707117,8072766,4,0,88303740.75,True,3360,1629,1731,0.48482142857142857,867860,258.2916666666667,False,False,False
20244,8100,3120108,신정네거리역,발달상권,양천구,신정4동,342726323,219941647,122784676,0.5582602370891585,34697841,128451237,79909535,56364914,34408908,8893888,4,0,85681580.75,True,3360,1629,1731,0.48482142857142857,867064,258.0547619047619,False,False,True
20251,8101,3120108,신정네거리역,발달상권,양천구,신정4동,365159013,230791568,134367445,0.5822025742292284,23821776,136839393,97231381,42788577,50195931,14281955,4,0,91289753.25,True,3360,1629,1731,0.48482142857142857,884088,263.12142857142857,False,False,True
20252,8102,3120108,신정네거리역,발달상권,양천구,신정4동,276807854,169677455,107130399,0.6313767435986118,18018620,125249448,68824369,29226692,26163854,9324871,4,0,69201963.5,True,3360,1629,1731,0.48482142857142857,849361,252.7860119047619,False,False,True
20253,8103,3120108,신정네거리역,발달상권,양천구,신정4동,347874038,221122989,126751049,0.5732151576514734,37862457,154624996,75324064,36827857,37982135,5252529,4,0,86968509.5,True,3360,1629,1731,0.48482142857142857,888518,264.439880952381,False,False,True
20254,8104,3120108,신정네거리역,발달상권,양천구,신정4동,356896061,240638107,116257954,0.48312362264385666,40548877,154430184,75084476,43385788,37217240,6229496,4,0,89224015.25,True,3360,1629,1731,0.48482142857142857,900774,268.0875,False,False,True
20211,8085,3120110,목동역 8번출구,발달상권,양천구,신정4동,546703506,343622923,203080583,0.590998357231249,39062183,333986075,135506908,10648098,22415100,5085142,4,0,136675876.5,True,2200,1164,1036,0.5290909090909091,1017398,462.45363636363635,False,False,False
20212,8086,3120110,목동역 8번출구,발달상권,양천구,신정4동,552584283,349838192,202746091,0.5795424731671378,46113577,349750336,109326261,19434732,21689148,6270229,4,0,138146070.75,True,2200,1164,1036,0.5290909090909091,979071,445.03227272727275,False,False,False
20213,8087,3120110,목동역 8번출구,발달상권,양천구,신정4동,523174091,338705542,184468549,0.5446280799267229,54713998,336939109,84681192,25038681,17032845,4768266,3,20,174391363.66666666,True,2200,1164,1036,0.5290909090909091,976183,443.7195454545455,False,False,False
20214,8088,3120110,목동역 8번출구,발달상권,양천구,신정4동,459734185,289906087,169828098,0.5858038365368989,60423229,280654684,78510683,12915065,22788701,4441823,2,25,229867092.5,True,2200,1164,1036,0.5290909090909091,1020886,464.03909090909093,False,False,False
20221,8089,3120110,목동역 8번출구,발달상권,양천구,신정4동,376632897,231051955,145580942,0.6300788149574411,31383162,198875723,111550908,8103504,24957554,1762046,2,0,188316448.5,True,2200,1164,1036,0.5290909090909091,1005315,456.9613636363636,False,False,False
20222,8090,3120110,목동역 8번출구,발달상권,양천구,신정4동,442330894,296812275,145518619,0.49027156643033043,14951649,242972344,145749536,14865010,21766718,2025637,2,0,221165447.0,True,2200,1164,1036,0.5290909090909091,1044252,474.66,False,False,False
20223,8091,3120110,목동역 8번출구,발달상권,양천구,신정4동,758822156,490065306,268756850,0.5484102765683233,50672940,416535739,174223897,77941929,30360529,9087122,2,0,379411078.0,True,2200,1164,1036,0.5290909090909091,1068944,485.88363636363636,False,False,False
20224,8092,3120110,목동역 8번출구,발달상권,양천구,신정4동,677012900,405225934,271786966,0.6707047678740127,38084017,316025387,165799476,134108518,17378113,5617389,2,0,338506450.0,True,2147,1123,1024,0.5230554261760596,1171186,545.4988355845366,False,False,False
20231,8093,3120110,목동역 8번출구,발달상권,양천구,신정4동,671504684,431826831,239677853,0.5550323319302963,37070394,308034131,191107067,112182739,20086111,3024242,2,33,335752342.0,True,2147,1123,1024,0.5230554261760596,1176657,548.0470423847229,False,False,False
20232,8094,3120110,목동역 8번출구,발달상권,양천구,신정4동,628162693,396890496,231272197,0.5827103428548714,31360938,326999422,169179403,78306125,18465248,3851557,2,0,314081346.5,True,2147,1123,1024,0.5230554261760596,1253937,584.0414531904984,False,False,False
20233,8095,3120110,목동역 8번출구,발달상권,양천구,신정4동,689249850,424386393,264863457,0.6241092112489102,48372189,335239627,169814292,94662327,22108598,19052817,2,0,344624925.0,True,2147,1123,1024,0.5230554261760596,1261026,587.3432696786214,False,False,False
20234,8096,3120110,목동역 8번출구,발달상권,양천구,신정4동,478941944,306605130,172336814,0.5620806605551577,39752160,202765245,107226395,93673662,22245046,13279436,2,0,239470972.0,True,2022,1043,979,0.5158259149357072,1241327,613.9104846686449,False,False,False
20241,8097,3120110,목동역 8번출구,발달상권,양천구,신정4동,558764032,357654933,201109099,0.5622992455691922,5252044,271713915,146032839,97018513,28817544,9929177,2,0,279382016.0,True,2022,1043,979,0.5158259149357072,1250154,618.2759643916914,False,False,False
20242,8098,3120110,목동역 8번출구,발달상권,양천구,신정4동,570989988,386352445,184637543,0.4778992481851642,7541514,315990964,119967259,81644129,35999961,9846161,3,0,190329996.0,True,2022,1043,979,0.5158259149357072,1246601,616.5187932739861,False,False,False
20243,8099,3120110,목동역 8번출구,발달상권,양천구,신정4동,756010928,473767919,282243009,0.5957410742283713,15626935,328178181,257030184,114540449,28592255,12042924,3,0,252003642.66666666,True,2022,1043,979,0.5158259149357072,1251430,618.9070227497527,False,False,False
20244,8100,3120110,목동역 8번출구,발달상권,양천구,신정4동,749469860,475602995,273866865,0.5758308250350694,16910672,292263230,230147995,170007536,21602840,18537587,4,20,187367465.0,True,2022,1043,979,0.5158259149357072,1244090,615.2769535113749,False,False,True
20251,8101,3120110,목동역 8번출구,발달상권,양천구,신정4동,771240629,464711171,306529458,0.6596128458465657,11911673,251614259,251755447,206842073,30091136,19026041,4,0,192810157.25,True,2022,1043,979,0.5158259149357072,1268178,627.1899109792284,False,False,True
20252,8102,3120110,목동역 8번출구,발달상권,양천구,신정4동,716082012,445677342,270404670,0.6067274337675439,16986856,263466989,239190647,151507655,25142405,19787460,4,20,179020503.0,True,2022,1043,979,0.5158259149357072,1223076,604.8842729970327,False,False,True
20253,8103,3120110,목동역 8번출구,발달상권,양천구,신정4동,737130303,485818300,251312003,0.5172962875214869,20748759,314347632,195222086,155948919,24783606,26079301,4,0,184282575.75,True,2022,1043,979,0.5158259149357072,1220292,603.5074183976261,False,False,True
20254,8104,3120110,목동역 8번출구,발달상권,양천구,신정4동,739127337,470060425,269066912,0.5724092003703566,9387717,235763913,240597202,188606338,42769319,22002848,4,0,184781834.25,True,2022,1043,979,0.5158259149357072,1181360,584.2532146389714,False,False,True
20211,8085,3120113,오목교역,발달상권,양천구,목1동,179827075,110697365,69129710,0.6244928232934903,37565962,103846914,17310166,9440689,11163926,499418,3,0,59942358.333333336,True,3323,1589,1734,0.47818236533253083,1936363,582.715317484201,False,False,False
20212,8086,3120113,오목교역,발달상권,양천구,목1동,162444506,98556621,63887885,0.6482353428086784,35251761,86126353,15960276,10985359,13417159,703598,3,0,54148168.666666664,True,3323,1589,1734,0.47818236533253083,2066804,621.9693048450196,False,False,False
20213,8087,3120113,오목교역,발달상권,양천구,목1동,136354674,85517458,50837216,0.5944659393407133,34667508,65429555,9882108,11778680,13859460,737363,3,0,45451558.0,True,3323,1589,1734,0.47818236533253083,2161329,650.4149864580198,False,False,False
20214,8088,3120113,오목교역,발달상권,양천구,목1동,144046023,94657632,49388391,0.521758150467994,48779188,52939498,10441109,15343297,16132328,410603,3,0,48015341.0,True,3323,1589,1734,0.47818236533253083,2098373,631.4694553114656,False,False,False
20221,8089,3120113,오목교역,발달상권,양천구,목1동,118021394,75062831,42958563,0.5723013964128265,26422414,57994715,9433579,10617851,12789528,763307,3,0,39340464.666666664,True,3323,1589,1734,0.47818236533253083,1996003,600.6629551609991,False,False,False
20222,8090,3120113,오목교역,발달상권,양천구,목1동,167502224,103040920,64461304,0.6255893677967937,28636418,80664075,21753933,13680551,21659872,1107375,3,0,55834074.666666664,True,3323,1589,1734,0.47818236533253083,2021000,608.1853746614505,False,False,False
20223,8091,3120113,오목교역,발달상권,양천구,목1동,192849489,122989103,69860386,0.5680209408470928,36493971,98502843,20884013,16241273,15089983,1032927,3,0,64283163.0,True,3323,1589,1734,0.47818236533253083,1882994,566.654829972916,False,False,False
20211,8085,3120114,목동신시가지,발달상권,양천구,목1동,790686322,536529702,254156620,0.4737046598773389,201034806,369847901,57943808,70811167,88686818,2361822,5,0,158137264.4,True,10522,5044,5478,0.4793765443831971,1400590,133.11062535639613,False,False,False
20212,8086,3120114,목동신시가지,발달상권,양천구,목1동,1025224552,681135305,344089247,0.5051701834777159,282500809,472275858,114270345,59792193,91397438,4987909,5,0,205044910.4,True,10522,5044,5478,0.4793765443831971,1427781,135.6948298802509,False,False,False
20213,8087,3120114,목동신시가지,발달상권,양천구,목1동,861912236,575127238,286784998,0.4986461761006005,334209228,318938324,74410850,70673392,62069922,1610520,4,25,215478059.0,True,10522,5044,5478,0.4793765443831971,1445957,137.4222581258316,False,False,False
20214,8088,3120114,목동신시가지,발달상권,양천구,목1동,1002691207,713730775,288960432,0.4048591459433706,397854213,302838748,63329044,109323829,112477388,16867985,4,0,250672801.75,True,10522,5044,5478,0.4793765443831971,1515493,144.03088766394222,False,False,False
20221,8089,3120114,목동신시가지,발달상권,양천구,목1동,733814029,499822509,233991520,0.4681492245480285,228620009,296114681,68693550,51821339,68273697,20290753,4,0,183453507.25,True,10522,5044,5478,0.4793765443831971,1518088,144.27751378065005,False,False,False
20222,8090,3120114,목동신시가지,발달상권,양천구,목1동,897466589,587103652,310362937,0.528633974499617,255970471,340496093,126654553,66268902,85017548,23059022,4,0,224366647.25,True,10522,5044,5478,0.4793765443831971,1522017,144.65092187796998,False,False,False
20223,8091,3120114,목동신시가지,발달상권,양천구,목1동,1035751865,687010360,348741505,0.5076219010729329,327642616,364072530,132721484,106191168,82651904,22472163,4,0,258937966.25,True,10522,5044,5478,0.4793765443831971,1409893,133.99477285687132,False,False,False
20224,8092,3120114,목동신시가지,발달상권,양천구,목1동,1022735616,671840175,350895441,0.5222900535830565,347752326,293109001,126520841,127737363,125870083,1746002,4,0,255683904.0,True,7731,3643,4088,0.4712197645841418,1200871,155.33191049023412,False,False,False
20231,8093,3120114,목동신시가지,발달상권,양천구,목1동,1037517546,711625825,325891721,0.45795375821275175,254054816,371423686,156528769,97160539,134186269,24163467,4,0,259379386.5,True,7731,3643,4088,0.4712197645841418,1231071,159.2382615444315,False,False,False
20232,8094,3120114,목동신시가지,발달상권,양천구,목1동,979597160,589609808,389987352,0.6614329454980844,266313526,343696928,151561995,73321822,124685153,20017736,4,0,244899290.0,True,7731,3643,4088,0.4712197645841418,1213073,156.91023153537705,False,False,False
20233,8095,3120114,목동신시가지,발달상권,양천구,목1동,1123583350,679364794,444218556,0.6538733827882167,336163620,394524153,136418596,87935077,144556788,23985116,4,0,280895837.5,True,7731,3643,4088,0.4712197645841418,1158621,149.86689949553744,False,False,False
20234,8096,3120114,목동신시가지,발달상권,양천구,목1동,1097139142,736502559,360636583,0.4896610046944861,358684537,275268435,128728730,152613914,148944577,32898949,4,0,274284785.5,True,10490,5016,5474,0.47816968541468063,1195064,113.92411820781697,False,False,False
20241,8097,3120114,목동신시가지,발달상권,양천구,목1동,1013571176,702382502,311188674,0.4430473041596358,218523193,350747118,140832735,112507499,149184949,41775682,4,0,253392794.0,True,10490,5016,5474,0.47816968541468063,1225468,116.82249761677788,False,False,False
20242,8098,3120114,목동신시가지,발달상권,양천구,목1동,795981582,489679361,306302221,0.625515889365817,174120343,268060411,140419064,83504641,102550372,27326751,4,0,198995395.5,True,10490,5016,5474,0.47816968541468063,1227083,116.97645376549094,False,False,False
20243,8099,3120114,목동신시가지,발달상권,양천구,목1동,978700451,654013149,324687302,0.496453783072181,240968720,315565764,152017673,113160745,144157657,12829892,4,0,244675112.75,True,10490,5016,5474,0.47816968541468063,1216520,115.96949475691135,False,False,False
20244,8100,3120114,목동신시가지,발달상권,양천구,목1동,962820414,651929053,310891361,0.4768791321223722,259943088,271585376,152224763,140562478,130217903,8286806,4,0,240705103.5,True,10490,5016,5474,0.47816968541468063,1192490,113.67874165872259,False,False,True
20251,8101,3120114,목동신시가지,발달상권,양천구,목1동,984633115,616645754,367987361,0.5967564985455166,227107516,346347905,139029872,89996347,162077978,20073497,4,0,246158278.75,True,10490,5016,5474,0.47816968541468063,1185360,112.99904671115348,False,False,True
20252,8102,3120114,목동신시가지,발달상권,양천구,목1동,973237923,595828649,377409274,0.6334191459800047,249274470,320087807,146795658,92497917,136919597,27662474,4,0,243309480.75,True,10490,5016,5474,0.47816968541468063,1223539,116.63860819828408,False,False,True
20253,8103,3120114,목동신시가지,발달상권,양천구,목1동,1003661005,626957882,376703123,0.6008427899467735,231739152,320173109,146211715,148356059,133930619,23250351,4,0,250915251.25,True,10490,5016,5474,0.47816968541468063,1311074,124.98322211630123,False,False,True
20254,8104,3120114,목동신시가지,발달상권,양천구,목1동,1007825504,645166807,362658697,0.5621161737789154,247128756,272164716,147477450,170261611,159168383,11624588,4,0,251956376.0,True,10490,5016,5474,0.47816968541468063,1286505,122.64108674928504,False,False,True
20211,8085,3120120,화곡역,발달상권,강서구,화곡1동,117697889,72654904,45042985,0.6199579453026323,8540422,81344213,18791885,5082612,3508360,430397,3,0,39232629.666666664,True,2784,1304,1480,0.46839080459770116,1867155,670.6734913793103,False,False,False
20212,8086,3120120,화곡역,발달상권,강서구,화곡1동,155336547,92337616,62998931,0.6822672463192032,10503187,106316445,27615578,6571865,4080246,249226,3,0,51778849.0,True,2784,1304,1480,0.46839080459770116,1795407,644.9019396551724,False,False,False
20213,8087,3120120,화곡역,발달상권,강서구,화곡1동,119275272,73354033,45921239,0.6260220075425165,11710451,76947847,22602734,4402678,2546553,1065009,3,0,39758424.0,True,2784,1304,1480,0.46839080459770116,1922874,690.6875,False,False,False
20214,8088,3120120,화곡역,발달상권,강서구,화곡1동,117291028,73490656,43800372,0.5959991975034213,11369171,75100535,20904671,5696340,3213507,1006804,3,0,39097009.333333336,True,2784,1304,1480,0.46839080459770116,1833268,658.5014367816092,False,False,False
20221,8089,3120120,화곡역,발달상권,강서구,화곡1동,96263839,60832695,35431144,0.5824358759709726,8451169,59884671,22476923,3216901,1702737,531438,3,0,32087946.333333332,True,2784,1304,1480,0.46839080459770116,1685241,605.3308189655172,False,False,False
20222,8090,3120120,화곡역,발달상권,강서구,화곡1동,131447942,79878226,51569716,0.6456041725313229,11746764,75544657,32938585,5552663,4084940,1580333,3,0,43815980.666666664,True,2784,1304,1480,0.46839080459770116,1794253,644.4874281609195,False,False,False
20223,8091,3120120,화곡역,발달상권,강서구,화곡1동,158973665,98517514,60456151,0.6136589175402863,19353884,86305127,37924365,10078399,3715999,1595891,3,0,52991221.666666664,True,2784,1304,1480,0.46839080459770116,1794391,644.5369971264367,False,False,False
20224,8092,3120120,화곡역,발달상권,강서구,화곡1동,151615920,91658949,59956971,0.654131120355744,22509387,78743031,34796438,10905400,3452759,1208905,3,25,50538640.0,True,2432,1184,1248,0.4868421052631579,1865242,766.9580592105264,False,False,False
20231,8093,3120120,화곡역,발달상권,강서구,화곡1동,169668846,106825408,62843438,0.5882817503491304,14547401,89260675,47433350,11570159,5533150,1324111,3,0,56556282.0,True,2432,1184,1248,0.4868421052631579,1882908,774.2220394736842,False,False,False
20232,8094,3120120,화곡역,발달상권,강서구,화곡1동,161727882,100374657,61353225,0.6112421883543772,15807139,74567014,50658557,13642507,4929947,2122718,3,0,53909294.0,True,2432,1184,1248,0.4868421052631579,1890375,777.2923519736842,False,False,False
20233,8095,3120120,화곡역,발달상권,강서구,화곡1동,187369868,118489970,68879898,0.5813141652411592,13793392,88199996,57647418,18504590,7884357,1340115,3,0,62456622.666666664,True,2432,1184,1248,0.4868421052631579,1834216,754.2006578947369,False,False,False
20234,8096,3120120,화곡역,발달상권,강서구,화곡1동,160211629,98338538,61873091,0.6291845725833345,12483850,84178483,40801713,14939050,6343740,1464793,3,0,53403876.333333336,True,3059,1413,1646,0.4619156587119974,1730104,565.578293559987,False,False,False
20241,8097,3120120,화곡역,발달상권,강서구,화곡1동,141971727,88873103,53098624,0.5974656246671166,6061374,76546762,35695291,12807778,9628801,1231721,3,0,47323909.0,True,3059,1413,1646,0.4619156587119974,1776190,580.6440013076169,False,False,False
20242,8098,3120120,화곡역,발달상권,강서구,화곡1동,151171075,91547039,59624036,0.651293986690274,9144362,75055987,46868352,11564830,7264728,1272816,3,0,50390358.333333336,True,3059,1413,1646,0.4619156587119974,1748493,571.5897352075842,False,False,False
20243,8099,3120120,화곡역,발달상권,강서구,화곡1동,183659834,116837631,66822203,0.5719236381983814,13546425,90148757,55952489,12596194,9079041,2336928,3,0,61219944.666666664,True,3059,1413,1646,0.4619156587119974,1701883,556.3527296502125,False,False,False
20244,8100,3120120,화곡역,발달상권,강서구,화곡1동,164499575,104158600,60340975,0.5793182224031429,13164996,77146140,49902710,11374889,9475181,3435659,3,0,54833191.666666664,True,3059,1413,1646,0.4619156587119974,1730848,565.8215102974829,False,False,True
20251,8101,3120120,화곡역,발달상권,강서구,화곡1동,146339473,87447429,58892044,0.6734565518215522,6967141,63376400,48822626,11955778,11269529,3947999,3,0,48779824.333333336,True,3059,1413,1646,0.4619156587119974,1752901,573.030728996404,False,False,True
20252,8102,3120120,화곡역,발달상권,강서구,화곡1동,132858135,80444888,52413247,0.651542295639718,4853354,61750218,42319603,13097240,7981052,2856668,3,0,44286045.0,True,3059,1413,1646,0.4619156587119974,1845804,603.401111474338,False,False,True
20253,8103,3120120,화곡역,발달상권,강서구,화곡1동,142037380,88937116,53100264,0.5970540353478518,9194534,60877170,48059554,12805157,7023843,4077122,2,33,71018690.0,True,3059,1413,1646,0.4619156587119974,1876436,613.4148414514548,False,False,True
20254,8104,3120120,화곡역,발달상권,강서구,화곡1동,113224365,72418286,40806079,0.5634775586928418,6818441,41099906,36530659,14698488,7896111,6180760,2,0,56612182.5,True,3059,1413,1646,0.4619156587119974,1792776,586.066034651847,False,False,True
20211,8085,3120121,까치산역,발달상권,강서구,화곡1동,184690033,115146965,69543068,0.6039505079443475,4568349,97125323,52500737,11042061,8541212,10912351,3,0,61563344.333333336,True,3505,1591,1914,0.45392296718972897,3225265,920.1897289586306,False,False,False
20212,8086,3120121,까치산역,발달상권,강서구,화곡1동,182631771,113897225,68734546,0.6034786712318935,5795682,109964655,45154825,10419059,4995803,6301747,3,0,60877257.0,True,3505,1591,1914,0.45392296718972897,2705553,771.9124108416548,False,False,False
20213,8087,3120121,까치산역,발달상권,강서구,화곡1동,168958169,101714307,67243862,0.6611052464821886,3689858,104755619,46273082,7324688,3463848,3451074,3,0,56319389.666666664,True,3505,1591,1914,0.45392296718972897,2133436,608.6835948644793,False,False,False
20214,8088,3120121,까치산역,발달상권,강서구,화곡1동,157536805,99129933,58406872,0.5891951122371888,2772592,98599588,40712570,9119589,4610255,1722211,3,0,52512268.333333336,True,3505,1591,1914,0.45392296718972897,2114130,603.1754636233951,False,False,False
20221,8089,3120121,까치산역,발달상권,강서구,화곡1동,169953596,106002602,63950994,0.6032964549304176,5387882,93343097,52588587,14707352,3184775,741903,2,20,84976798.0,True,3505,1591,1914,0.45392296718972897,2286777,652.4328102710414,False,False,False
20222,8090,3120121,까치산역,발달상권,강서구,화곡1동,308523250,189570276,118952974,0.6274874759374196,6245913,177067797,87613438,24772142,10889869,1934091,2,0,154261625.0,True,3505,1591,1914,0.45392296718972897,2211842,631.0533523537803,False,False,False
20223,8091,3120121,까치산역,발달상권,강서구,화곡1동,359828495,217022626,142805869,0.6580229519478766,11685236,221781924,88844915,22222430,12735865,2558125,2,0,179914247.5,True,3505,1591,1914,0.45392296718972897,2433579,694.3164051355207,False,False,False
20224,8092,3120121,까치산역,발달상권,강서구,화곡1동,318972771,186854226,132118545,0.7070674708743274,10040974,187624748,88733973,16937110,10603767,5032199,3,0,106324257.0,True,2907,1342,1565,0.46164430684554525,2731064,939.4785001719986,False,False,False
20231,8093,3120121,까치산역,발달상권,강서구,화곡1동,353467788,218155622,135312166,0.6202552322946782,7655635,195421277,114725897,16607304,16162263,2895412,3,0,117822596.0,True,2907,1342,1565,0.46164430684554525,2661603,915.5841073271414,False,False,False
20232,8094,3120121,까치산역,발달상권,강서구,화곡1동,325164463,194466831,130697632,0.6720818729236144,7226734,168044726,116409886,10888770,20566672,2027675,3,0,108388154.33333333,True,2907,1342,1565,0.46164430684554525,2649249,911.3343653250774,False,False,False
20233,8095,3120121,까치산역,발달상권,강서구,화곡1동,363647080,210240361,153406719,0.7296730193495053,8262454,177211084,135004958,21501500,20374793,1292291,3,0,121215693.33333333,True,2907,1342,1565,0.46164430684554525,2671873,919.1169590643275,False,False,False
20234,8096,3120121,까치산역,발달상권,강서구,화곡1동,294263004,178647115,115615889,0.6471746772960761,10388017,145796621,102774189,21299848,11898251,2106078,3,0,98087668.0,True,3519,1561,1958,0.44359192952543336,2859171,812.4953111679455,False,False,False
20241,8097,3120121,까치산역,발달상권,강서구,화곡1동,263101143,161004584,102096559,0.6341220632575281,11003774,122052940,93477173,20863282,12854220,2849754,3,0,87700381.0,True,3519,1561,1958,0.44359192952543336,2978319,846.3537936913896,False,False,False
20242,8098,3120121,까치산역,발달상권,강서구,화곡1동,254070572,152197072,101873500,0.6693525615262822,5787146,121654361,91646288,15677387,8551946,10753444,3,0,84690190.66666667,True,3519,1561,1958,0.44359192952543336,3031065,861.3427109974425,False,False,False
20243,8099,3120121,까치산역,발달상권,강서구,화곡1동,274820252,173105942,101714310,0.5875841627666368,4121935,129301666,89337870,24793608,12102040,15163133,3,0,91606750.66666667,True,3519,1561,1958,0.44359192952543336,3082243,875.8860471724922,False,False,False
20244,8100,3120121,까치산역,발달상권,강서구,화곡1동,237093294,144131466,92961828,0.6449794106721984,2985326,103186513,88757822,17022487,6937408,18203738,3,0,79031098.0,True,3519,1561,1958,0.44359192952543336,3357670,954.1545893719807,False,False,True
20251,8101,3120121,까치산역,발달상권,강서구,화곡1동,236433933,148595653,87838280,0.5911228103018599,2414376,90829472,96866886,24440521,11264140,10618538,3,0,78811311.0,True,3519,1561,1958,0.44359192952543336,3684954,1047.159420289855,False,False,True
20252,8102,3120121,까치산역,발달상권,강서구,화곡1동,190922406,122934678,67987728,0.5530394605173977,2796869,89878560,65618568,11376369,14473201,6778839,3,0,63640802.0,True,3519,1561,1958,0.44359192952543336,3730928,1060.2239272520603,False,False,True
20253,8103,3120121,까치산역,발달상권,강서구,화곡1동,167280781,108038658,59242123,0.5483418999891687,3272814,65167885,58342866,15035751,10443141,15018324,3,0,55760260.333333336,True,3519,1561,1958,0.44359192952543336,3927063,1115.9599317988066,False,False,True
20254,8104,3120121,까치산역,발달상권,강서구,화곡1동,150398820,93914017,56484803,0.6014523156857405,3228995,57561788,43899979,18902294,10906455,15899309,3,20,50132940.0,True,3519,1561,1958,0.44359192952543336,4028029,1144.6516055697641,False,False,True
20211,8085,3120122,강서구청,발달상권,강서구,화곡6동,64502766,37438777,27063989,0.7228865675820554,1421146,30227349,19100346,7907488,2343700,2936118,5,0,12900553.2,True,6478,2907,3571,0.4487496140784193,1819755,280.9130904600185,False,False,False
20212,8086,3120122,강서구청,발달상권,강서구,화곡6동,89454066,61048932,28405134,0.46528469982079296,2040598,37057727,30893685,11072815,3596168,4793073,5,0,17890813.2,True,6478,2907,3571,0.4487496140784193,1785772,275.6671812287743,False,False,False
20213,8087,3120122,강서구청,발달상권,강서구,화곡6동,50301262,30284350,20016912,0.6609655482121954,1027308,23326280,17114318,6945149,1452698,435509,7,0,7185894.571428572,True,6478,2907,3571,0.4487496140784193,1878431,289.97082432849646,False,False,False
20214,8088,3120122,강서구청,발달상권,강서구,화곡6동,27755284,13971518,13783766,0.9865618038068591,679056,13432286,7928548,4670174,981873,63347,8,25,3469410.5,True,6478,2907,3571,0.4487496140784193,1931755,298.20237727693734,False,False,False
20221,8089,3120122,강서구청,발달상권,강서구,화곡6동,63537741,36825116,26712625,0.7253914692352904,787663,43857570,8990686,4624229,1460236,3817357,8,13,7942217.625,True,6478,2907,3571,0.4487496140784193,1932858,298.3726458783575,False,False,False
20222,8090,3120122,강서구청,발달상권,강서구,화곡6동,146448577,91269774,55178803,0.6045682002017447,1320942,109842465,23311543,6306923,3400229,2266475,9,0,16272064.111111112,True,6478,2907,3571,0.4487496140784193,1929823,297.9041370793455,False,False,False
20223,8091,3120122,강서구청,발달상권,강서구,화곡6동,205942780,125756284,80186496,0.637634108208859,3705662,149003831,31736559,7802006,8500224,4814418,8,13,25742847.5,True,6478,2907,3571,0.4487496140784193,1890058,291.76566841617785,False,False,False
20224,8092,3120122,강서구청,발달상권,강서구,화곡6동,192704672,121336137,71368535,0.5881886201799881,4128982,134105433,38564474,6924651,7514885,1466247,9,0,21411630.222222224,True,4330,2059,2271,0.47551963048498846,1867688,431.3367205542725,False,False,False
20231,8093,3120122,강서구청,발달상권,강서구,화곡6동,255041614,172720212,82321402,0.4766170736288814,2552705,186136487,52997615,3274056,5649961,4430790,9,0,28337957.111111112,True,4330,2059,2271,0.47551963048498846,1848740,426.9607390300231,False,False,False
20232,8094,3120122,강서구청,발달상권,강서구,화곡6동,221012712,146155092,74857620,0.5121793498648682,3438290,150976812,54605061,3686463,5355600,2950486,10,0,22101271.2,True,4330,2059,2271,0.47551963048498846,1862751,430.19653579676674,False,False,False
20233,8095,3120122,강서구청,발달상권,강서구,화곡6동,214984547,131144815,83839732,0.6392912445680754,6296388,148634487,44415914,10101929,3611289,1924540,7,43,30712078.14285714,True,4330,2059,2271,0.47551963048498846,1919717,443.3526558891455,False,False,False
20234,8096,3120122,강서구청,발달상권,강서구,화곡6동,165238914,106429718,58809196,0.5525636739918826,12768750,108148251,31767527,7894649,4648054,11683,8,0,20654864.25,True,7720,3240,4480,0.41968911917098445,1915431,248.1128238341969,False,False,False
20241,8097,3120122,강서구청,발달상권,강서구,화곡6동,127422655,83181989,44240666,0.5318539089032843,1822527,68278158,52277310,3204609,1340024,500027,6,33,21237109.166666668,True,7720,3240,4480,0.41968911917098445,1921576,248.90880829015543,False,False,False
20242,8098,3120122,강서구청,발달상권,강서구,화곡6동,88432266,59500823,28931443,0.48623601391194204,1426478,57328979,24833094,2799214,1962721,81780,6,0,14738711.0,True,7720,3240,4480,0.41968911917098445,1793509,232.31981865284973,False,False,False
20243,8099,3120122,강서구청,발달상권,강서구,화곡6동,99481918,61810523,37671395,0.6094657215568294,1017234,67291388,26142131,2208473,1985636,837056,6,0,16580319.666666666,True,7720,3240,4480,0.41968911917098445,1817678,235.45051813471503,False,False,False
20244,8100,3120122,강서구청,발달상권,강서구,화곡6동,87761669,56270511,31491158,0.5596387422179265,1623302,53946803,23898490,5148869,2868097,276108,5,20,17552333.8,True,7720,3240,4480,0.41968911917098445,1827386,236.7080310880829,False,False,True
20251,8101,3120122,강서구청,발달상권,강서구,화곡6동,93230418,58992618,34237800,0.5803743105620436,626365,44534667,36101191,7489127,4244618,234450,5,0,18646083.6,True,7720,3240,4480,0.41968911917098445,1917594,248.39300518134715,False,False,True
20252,8102,3120122,강서구청,발달상권,강서구,화곡6동,113140353,73202486,39937867,0.5455807470800923,2632426,47013070,39750073,15584151,6889112,1271521,5,0,22628070.6,True,7720,3240,4480,0.41968911917098445,1957249,253.52966321243522,False,False,True
20253,8103,3120122,강서구청,발달상권,강서구,화곡6동,104261378,67176464,37084914,0.5520521889928591,1440942,51150670,37739663,10323502,2347264,1259337,4,25,26065344.5,True,7720,3240,4480,0.41968911917098445,1794996,232.51243523316063,False,False,True
20254,8104,3120122,강서구청,발달상권,강서구,화곡6동,86817694,55259944,31557750,0.5710782117332583,679585,38773776,30399731,9144002,2562835,1601028,4,0,21704423.5,True,7720,3240,4480,0.41968911917098445,2182037,282.64727979274613,False,False,True
20211,8085,3120123,오류동역,발달상권,구로구,오류1동,85014952,53356437,31658515,0.5933401250162188,6988671,48395597,23612305,1974564,3782543,261272,6,17,14169158.666666666,True,5234,2395,2839,0.457585021016431,664888,127.03247993886129,False,False,False
20212,8086,3120123,오류동역,발달상권,구로구,오류1동,102000000,62910040,39089960,0.6213628222140695,7078903,59944442,27019494,2429410,4474124,1053627,6,0,17000000.0,True,5234,2395,2839,0.457585021016431,680022,129.9239587313718,False,False,False
20213,8087,3120123,오류동역,발달상권,구로구,오류1동,72953330,49027021,23926309,0.48802290067756715,3976358,41461089,22401288,2535600,1451204,1127791,7,0,10421904.285714285,True,5234,2395,2839,0.457585021016431,727248,138.9468857470386,False,False,False
20214,8088,3120123,오류동역,발달상권,구로구,오류1동,99507419,64389782,35117637,0.5453914566755328,14071476,49096773,28154445,3431437,4426713,326575,7,0,14215345.57142857,True,5234,2395,2839,0.457585021016431,760760,145.3496369889186,False,False,False
20221,8089,3120123,오류동역,발달상권,구로구,오류1동,102000000,62464551,39535449,0.6329261695965764,3485050,50751148,38505565,2386699,6332622,538916,7,0,14571428.57142857,True,5234,2395,2839,0.457585021016431,748671,143.039931218953,False,False,False
20222,8090,3120123,오류동역,발달상권,구로구,오류1동,102000000,64168842,37831158,0.5895565015806269,4385632,53009000,30421297,6177916,7614317,391838,6,17,17000000.0,True,5234,2395,2839,0.457585021016431,755468,144.338555598013,False,False,False
20223,8091,3120123,오류동역,발달상권,구로구,오류1동,102000000,61457895,40542105,0.6596728540735084,3741363,52311692,31763430,5774583,8258093,150839,6,0,17000000.0,True,5234,2395,2839,0.457585021016431,713395,136.3001528467711,False,False,False
20224,8092,3120123,오류동역,발달상권,구로구,오류1동,102000000,60998707,41001293,0.6721665919902203,8155021,47840889,31945092,5679401,7537047,842550,6,0,17000000.0,True,2296,1090,1206,0.47473867595818814,799654,348.2813588850174,False,False,False
20231,8093,3120123,오류동역,발달상권,구로구,오류1동,102000000,62837422,39162578,0.6232365484376492,4585516,46918688,32715411,7310203,9903556,566626,6,0,17000000.0,True,2296,1090,1206,0.47473867595818814,733199,319.33754355400697,False,False,False
20232,8094,3120123,오류동역,발달상권,구로구,오류1동,102000000,63583427,38416573,0.6041916079798593,4135892,48642518,32031490,5237779,11304601,647720,6,0,17000000.0,True,2296,1090,1206,0.47473867595818814,742825,323.5300522648084,False,False,False
20233,8095,3120123,오류동역,발달상권,구로구,오류1동,102000000,61610527,40389473,0.6555612322550008,4058498,51358720,31486848,4734839,9359471,1001624,7,0,14571428.57142857,True,2296,1090,1206,0.47473867595818814,717314,312.41898954703834,False,False,False
20234,8096,3120123,오류동역,발달상권,구로구,오류1동,102000000,59825078,42174922,0.7049706144971511,5519455,49944811,32112387,5832569,7283751,1307027,7,0,14571428.57142857,True,5888,2542,3346,0.43172554347826086,752278,127.76460597826087,False,False,False
20241,8097,3120123,오류동역,발달상권,구로구,오류1동,102000000,69951055,32048945,0.4581624251414078,2037504,39898855,37455823,9710847,10740743,2156228,7,0,14571428.57142857,True,5888,2542,3346,0.43172554347826086,768576,130.5326086956522,False,False,False
20242,8098,3120123,오류동역,발달상권,구로구,오류1동,102000000,72170702,29829298,0.4133158909830197,3733327,35572644,41622312,7043986,13558325,469406,7,0,14571428.57142857,True,5888,2542,3346,0.43172554347826086,778418,132.20414402173913,False,False,False
20243,8099,3120123,오류동역,발달상권,구로구,오류1동,102000000,66553493,35446507,0.5326017523978794,4752216,41420249,35846939,4884983,14125029,970584,7,0,14571428.57142857,True,5888,2542,3346,0.43172554347826086,697224,118.41440217391305,False,False,False
20244,8100,3120123,오류동역,발달상권,구로구,오류1동,102000000,63680750,38319250,0.6017399292564864,3883110,45196463,31635975,9262410,9928629,2093413,7,0,14571428.57142857,True,5888,2542,3346,0.43172554347826086,658216,111.78940217391305,False,False,True
20251,8101,3120123,오류동역,발달상권,구로구,오류1동,102000000,67080549,34919451,0.520560006150218,2117616,41781297,33884470,11600602,12108150,507865,7,0,14571428.57142857,True,5888,2542,3346,0.43172554347826086,602601,102.34391983695652,False,False,True
20252,8102,3120123,오류동역,발달상권,구로구,오류1동,101631515,66515069,35116446,0.5279472235081046,4349276,46287309,25683076,11270081,12251479,1790294,7,0,14518787.857142856,True,5888,2542,3346,0.43172554347826086,642590,109.13552989130434,False,False,True
20253,8103,3120123,오류동역,발달상권,구로구,오류1동,101217692,63206835,38010857,0.6013725730769465,5789507,47041573,26668210,11754619,9119713,844070,7,0,14459670.285714285,True,5888,2542,3346,0.43172554347826086,663021,112.60546875,False,False,True
20254,8104,3120123,오류동역,발달상권,구로구,오류1동,99552756,61598201,37954555,0.6161633681477159,6338884,43981071,23485365,12331049,12339445,1076942,7,0,14221822.285714285,True,5888,2542,3346,0.43172554347826086,655960,111.40625,False,False,True
20211,8085,3120130,구로디지털단지역,발달상권,구로구,구로3동,259675878,160108615,99567263,0.6218732389884205,5491609,174274929,58816960,13556449,6910220,625711,2,0,129837939.0,True,2067,1156,911,0.5592646347363328,1306684,632.1644895984518,False,False,False
20212,8086,3120130,구로디지털단지역,발달상권,구로구,구로3동,368992322,228601077,140391245,0.6141320366570276,6961659,262459039,74340058,8331250,15967830,932486,2,0,184496161.0,True,2067,1156,911,0.5592646347363328,1349973,653.1074020319303,False,False,False
20213,8087,3120130,구로디지털단지역,발달상권,구로구,구로3동,302780781,192385056,110395725,0.5738269244779595,6456351,226060832,51936681,9136863,8879082,310972,2,0,151390390.5,True,2067,1156,911,0.5592646347363328,1150733,556.7164973391389,False,False,False
20214,8088,3120130,구로디지털단지역,발달상권,구로구,구로3동,329413679,210653313,118760366,0.5637716507216766,10408981,225821496,67169570,12132558,12108029,1773045,2,0,164706839.5,True,2067,1156,911,0.5592646347363328,1210887,585.8185776487663,False,False,False
20221,8089,3120130,구로디지털단지역,발달상권,구로구,구로3동,328678003,199490171,129187832,0.6475899607103951,5280415,215413576,85139656,13106126,7638823,2099407,2,0,164339001.5,True,2067,1156,911,0.5592646347363328,1225422,592.8505079825835,False,False,False
20222,8090,3120130,구로디지털단지역,발달상권,구로구,구로3동,509161663,313920997,195240666,0.6219420423158251,9064011,295318035,150122179,34213637,14111204,6332597,2,0,254580831.5,True,2067,1156,911,0.5592646347363328,1340441,648.4958877600387,False,False,False
20223,8091,3120130,구로디지털단지역,발달상권,구로구,구로3동,521236415,322480543,198755872,0.6163344620763678,10908966,324428793,139039672,27926982,13784428,5147574,1,25,521236415.0,True,2067,1156,911,0.5592646347363328,1295624,626.8137397194001,False,False,False
20224,8092,3120130,구로디지털단지역,발달상권,구로구,구로3동,483460897,290402107,193058790,0.6647981724182187,12182903,292024635,146890160,18114478,10103320,4145401,1,0,483460897.0,True,2019,1121,898,0.5552253590886578,1471459,728.8058444774641,False,False,False
20231,8093,3120130,구로디지털단지역,발달상권,구로구,구로3동,453616544,277978805,175637739,0.6318386000688074,5761408,250691109,158782434,22074154,12206232,4101207,1,0,453616544.0,True,2019,1121,898,0.5552253590886578,1551114,768.258543833581,False,False,False
20232,8094,3120130,구로디지털단지역,발달상권,구로구,구로3동,417873079,264343823,153529256,0.5807938095833622,11611920,212947965,151387409,22676137,13779047,5470601,2,0,208936539.5,True,2019,1121,898,0.5552253590886578,1531721,758.6532937097573,False,False,False
20233,8095,3120130,구로디지털단지역,발달상권,구로구,구로3동,395756759,252478366,143278393,0.5674878021034088,26920927,189689121,134226218,16997376,12660821,15262296,2,25,197878379.5,True,2019,1121,898,0.5552253590886578,1534312,759.9366022783556,False,False,False
20234,8096,3120130,구로디지털단지역,발달상권,구로구,구로3동,328829303,196847347,131981956,0.6704787136399659,5332219,165085887,127267535,18897673,8511366,3734623,2,0,164414651.5,True,2336,1297,1039,0.555222602739726,1567090,670.8433219178082,False,False,False
20241,8097,3120130,구로디지털단지역,발달상권,구로구,구로3동,317133786,206696193,110437593,0.5342991150301447,11907591,124792184,141923932,22352485,11429324,4728270,3,0,105711262.0,True,2336,1297,1039,0.555222602739726,1570712,672.3938356164383,False,False,False
20242,8098,3120130,구로디지털단지역,발달상권,구로구,구로3동,261072103,166290218,94781885,0.5699787163668281,2948551,103314363,121243595,13842158,14378655,5344781,3,0,87024034.33333333,True,2336,1297,1039,0.555222602739726,1505663,644.5475171232877,False,False,False
20243,8099,3120130,구로디지털단지역,발달상권,구로구,구로3동,293784535,185139877,108644658,0.586824728202666,4934013,121484593,119828221,15450965,16318325,15768418,4,40,73446133.75,True,2336,1297,1039,0.555222602739726,1491738,638.5864726027397,False,False,False
20244,8100,3120130,구로디지털단지역,발달상권,구로구,구로3동,29268957,20462955,8806002,0.43033872673814705,1065481,11080015,10852909,1499566,1110862,3660124,4,0,7317239.25,True,2336,1297,1039,0.555222602739726,1523162,652.0385273972603,False,False,True
20253,8103,3120130,구로디지털단지역,발달상권,구로구,구로3동,294233213,189127476,105105737,0.5557401770644895,3806445,116923041,125181370,15738924,14313788,18269645,4,0,73558303.25,True,2336,1297,1039,0.555222602739726,1613220,690.5907534246576,False,False,True
20254,8104,3120130,구로디지털단지역,발달상권,구로구,구로3동,200667305,129803420,70863885,0.5459323413820684,2916148,93405382,75075777,15017468,9307610,4944920,3,25,66889101.666666664,True,2336,1297,1039,0.555222602739726,1599013,684.5089897260274,False,False,True
20211,8085,3120132,독산동,발달상권,금천구,독산1동,184258938,114961937,69297001,0.6027821277924362,14161860,104164063,51589244,9117241,4710665,515865,4,0,46064734.5,True,6630,3819,2811,0.5760180995475113,1052704,158.7788838612368,False,False,False
20212,8086,3120132,독산동,발달상권,금천구,독산1동,204692634,127980750,76711884,0.5994017381520268,12317237,128995433,44122456,10269306,6364972,2623230,4,14,51173158.5,True,6630,3819,2811,0.5760180995475113,1054914,159.11221719457015,False,False,False
20213,8087,3120132,독산동,발달상권,금천구,독산1동,174715430,115667859,59047571,0.5104924696496717,13757314,115624418,31934776,6937031,5462742,999149,3,40,58238476.666666664,True,6630,3819,2811,0.5760180995475113,1081548,163.12941176470588,False,False,False
20214,8088,3120132,독산동,발달상권,금천구,독산1동,168883437,99928538,68954899,0.6900421078911412,16771052,102858111,30226991,9698267,8033923,1295093,3,0,56294479.0,True,6630,3819,2811,0.5760180995475113,1124260,169.57164404223226,False,False,False
20221,8089,3120132,독산동,발달상권,금천구,독산1동,148289552,83257942,65031610,0.7810859653485069,9429474,89942473,35467096,6019334,6833858,597317,3,0,49429850.666666664,True,6630,3819,2811,0.5760180995475113,1076664,162.39276018099548,False,False,False
20222,8090,3120132,독산동,발달상권,금천구,독산1동,197625279,112483070,85142209,0.7569335456438022,10651505,111156862,55350376,9232512,11043969,190055,3,0,65875093.0,True,6630,3819,2811,0.5760180995475113,1036081,156.27164404223228,False,False,False
20223,8091,3120132,독산동,발달상권,금천구,독산1동,203734210,122626611,81107599,0.6614192330570074,11870332,129036915,41554307,11435919,9320871,515866,3,0,67911403.33333333,True,6630,3819,2811,0.5760180995475113,1011637,152.584766214178,False,False,False
20224,8092,3120132,독산동,발달상권,금천구,독산1동,192268425,102230924,90037501,0.880726667402517,9844882,111635963,48597226,10637686,11172557,380111,2,25,96134212.5,True,5866,3402,2464,0.5799522673031027,969061,165.19962495738153,False,False,False
20231,8093,3120132,독산동,발달상권,금천구,독산1동,222579584,134209144,88370440,0.6584531974959917,7983831,99070556,95881656,10576434,7112660,1954447,3,0,74193194.66666667,True,5866,3402,2464,0.5799522673031027,974755,166.17030344357315,False,False,False
20232,8094,3120132,독산동,발달상권,금천구,독산1동,194369897,111413329,82956568,0.7445838729044709,7178453,103251471,67406305,10639202,4342990,1551476,3,0,64789965.666666664,True,5866,3402,2464,0.5799522673031027,958242,163.35526764405046,False,False,False
20233,8095,3120132,독산동,발달상권,금천구,독산1동,225813245,128876724,96936521,0.7521646887920583,11719666,116883733,74809624,14059496,7634270,706456,3,0,75271081.66666667,True,5866,3402,2464,0.5799522673031027,1018892,173.6945107398568,False,False,False
20234,8096,3120132,독산동,발달상권,금천구,독산1동,227189791,129278557,97911234,0.7573663898491689,10271150,113550096,82666056,15071412,3915147,1715930,3,0,75729930.33333333,True,8016,4512,3504,0.562874251497006,1016145,126.76459580838323,False,False,False
20241,8097,3120132,독산동,발달상권,금천구,독산1동,193055799,118277052,74778747,0.6322337743081389,10687805,81502488,72732789,19451326,6119691,2561700,4,0,48263949.75,True,8016,4512,3504,0.562874251497006,1026923,128.10915668662673,False,False,False
20242,8098,3120132,독산동,발달상권,금천구,독산1동,146117487,90099945,56017542,0.621726705826513,6151759,79519308,46691347,10041809,2993184,720080,4,0,36529371.75,True,8016,4512,3504,0.562874251497006,1012130,126.26372255489022,False,False,False
20243,8099,3120132,독산동,발달상권,금천구,독산1동,188103492,114228867,73874625,0.6467246584875957,13699373,90833876,60345364,16187957,4814988,2221934,3,20,62701164.0,True,8016,4512,3504,0.562874251497006,1000198,124.7751996007984,False,False,False
20244,8100,3120132,독산동,발달상권,금천구,독산1동,182282359,108586930,73695429,0.6786767891863229,13884922,91652973,49319438,17661598,7990481,1772947,4,0,45570589.75,True,8016,4512,3504,0.562874251497006,1000658,124.83258483033931,False,False,True
20251,8101,3120132,독산동,발달상권,금천구,독산1동,205232935,120875383,84357552,0.6978886015194674,16480538,87018330,71406617,18896960,5620217,5810273,4,0,51308233.75,True,8016,4512,3504,0.562874251497006,1022803,127.59518463073853,False,False,True
20253,8103,3120132,독산동,발달상권,금천구,독산1동,166787395,107435734,59351661,0.5524387351418849,2471928,61598498,67225675,30600066,2879661,2011567,4,0,41696848.75,True,8016,4512,3504,0.562874251497006,1041514,129.92939121756487,False,False,True
20254,8104,3120132,독산동,발달상권,금천구,독산1동,180199893,122613035,57586858,0.4696634252630644,3041798,50006728,93171778,27134800,5215708,1629081,3,33,60066631.0,True,8016,4512,3504,0.562874251497006,1051677,131.19723053892216,False,False,True
20214,8088,3120133,서울시흥동우체국(홈플러스시흥점),발달상권,금천구,시흥1동,189602429,124163075,65439354,0.5270435997175489,23875390,100034627,28562482,20006476,15844334,1279120,3,0,63200809.666666664,True,559,280,279,0.5008944543828264,131441,235.13595706618963,False,False,False
20221,8089,3120133,서울시흥동우체국(홈플러스시흥점),발달상권,금천구,시흥1동,171955976,106625655,65330321,0.6127073357720523,18340945,95158247,25986046,12497075,18138857,1834806,3,0,57318658.666666664,True,559,280,279,0.5008944543828264,137327,245.6654740608229,False,False,False
20224,8092,3120133,서울시흥동우체국(홈플러스시흥점),발달상권,금천구,시흥1동,144000000,87966186,56033814,0.6369926507897024,11168734,85202240,18238123,12101013,13522967,3766923,3,0,48000000.0,True,444,218,226,0.49099099099099097,143866,324.02252252252254,False,False,False
20244,8100,3120133,서울시흥동우체국(홈플러스시흥점),발달상권,금천구,시흥1동,187129138,88356204,98772934,1.1178947207827081,12818086,99494102,34229535,20808661,19176415,602339,3,0,62376379.333333336,True,908,443,465,0.4878854625550661,149206,164.3237885462555,False,False,True
20251,8101,3120133,서울시흥동우체국(홈플러스시흥점),발달상권,금천구,시흥1동,144000000,82434360,61565640,0.7468443983795107,8283483,58093759,40300264,17920349,18409045,993100,3,0,48000000.0,True,908,443,465,0.4878854625550661,148685,163.75,False,False,True
20211,8085,3120134,구로전화국,발달상권,금천구,독산3동,21933650,16139179,5794471,0.3590313361045193,814288,10123222,3029150,579773,7028930,358287,4,0,5483412.5,True,3479,1767,1712,0.5079045702788157,627672,180.41736131072147,False,False,False
20212,8086,3120134,구로전화국,발달상권,금천구,독산3동,56091384,34066534,22024850,0.6465245334321361,5287338,21724814,7718404,10214307,6868019,4278502,4,0,14022846.0,True,3479,1767,1712,0.5079045702788157,642650,184.72262144294336,False,False,False
20213,8087,3120134,구로전화국,발달상권,금천구,독산3동,77093489,48153711,28939778,0.6009874919089829,7882378,30402755,19217028,13132029,801720,5657579,4,0,19273372.25,True,3479,1767,1712,0.5079045702788157,738552,212.28858867490658,False,False,False
20214,8088,3120134,구로전화국,발달상권,금천구,독산3동,75960000,49625941,26334059,0.5306510762183835,15071598,29872604,17016056,11128485,1196136,1675121,5,20,15192000.0,True,3479,1767,1712,0.5079045702788157,766431,220.3020983041104,False,False,False
20221,8089,3120134,구로전화국,발달상권,금천구,독산3동,67898554,44958444,22940110,0.5102514224024302,10914710,25223372,21660050,6800929,1524346,1775147,5,0,13579710.8,True,3479,1767,1712,0.5079045702788157,747051,214.7315320494395,False,False,False
20222,8090,3120134,구로전화국,발달상권,금천구,독산3동,111146994,71983021,39163973,0.5440723722890152,28036804,39582284,32030364,5696184,2330195,3471163,6,0,18524499.0,True,3479,1767,1712,0.5079045702788157,746700,214.63064098878988,False,False,False
20223,8091,3120134,구로전화국,발달상권,금천구,독산3동,134178304,81747959,52430345,0.641365798502688,20868562,52912406,42088895,11058025,3534008,3716408,6,0,22363050.666666668,True,3479,1767,1712,0.5079045702788157,748910,215.26588100028744,False,False,False
20224,8092,3120134,구로전화국,발달상권,금천구,독산3동,126993031,77474574,49518457,0.639157525409562,18254654,62493896,28069541,10646841,5459229,2068870,6,0,21165505.166666668,True,2984,1568,1416,0.5254691689008043,775743,259.9674932975871,False,False,False
20231,8093,3120134,구로전화국,발달상권,금천구,독산3동,147096162,101157315,45938847,0.45413272386678116,3205036,68243811,52876577,3683837,15943751,3143150,5,20,29419232.4,True,2984,1568,1416,0.5254691689008043,737563,247.1725871313673,False,False,False
20232,8094,3120134,구로전화국,발달상권,금천구,독산3동,142288608,87246025,55042583,0.6308892926640497,1612289,65631578,55052352,7204817,10781167,2006405,5,0,28457721.6,True,2984,1568,1416,0.5254691689008043,754907,252.98491957104557,False,False,False
20233,8095,3120134,구로전화국,발달상권,금천구,독산3동,144698899,91281634,53417265,0.5851918141605572,2253949,78015261,40062947,9344765,13445516,1576461,5,0,28939779.8,True,2984,1568,1416,0.5254691689008043,773195,259.1136058981233,False,False,False
20234,8096,3120134,구로전화국,발달상권,금천구,독산3동,110645393,71781077,38864316,0.5414284324544197,2126920,66589178,27790006,5100697,8875734,162858,7,0,15806484.714285715,True,3280,1686,1594,0.5140243902439025,780148,237.85,False,False,False
20241,8097,3120134,구로전화국,발달상권,금천구,독산3동,101020514,60908709,40111805,0.6585561516334224,1074860,43935698,15357464,10162309,30262183,228000,6,17,16836752.333333332,True,3280,1686,1594,0.5140243902439025,796782,242.92134146341462,False,False,False
20242,8098,3120134,구로전화국,발달상권,금천구,독산3동,94682100,58703618,35978482,0.6128835534463991,553716,44388442,14005746,13523687,18572271,3638238,6,0,15780350.0,True,3280,1686,1594,0.5140243902439025,777211,236.95457317073172,False,False,False
20243,8099,3120134,구로전화국,발달상권,금천구,독산3동,95115301,62638257,32477044,0.5184857554385652,1677433,49176453,22383136,10699739,8429505,2749035,4,50,23778825.25,True,3280,1686,1594,0.5140243902439025,768567,234.31920731707316,False,False,False
20244,8100,3120134,구로전화국,발달상권,금천구,독산3동,93040496,61332138,31708358,0.5169941735929702,5576242,32750643,27679263,9211221,13719117,4104010,4,0,23260124.0,True,3280,1686,1594,0.5140243902439025,733012,223.47926829268292,False,False,True
20251,8101,3120134,구로전화국,발달상권,금천구,독산3동,68038611,42649123,25389488,0.5953109047517812,3644751,20839246,23392853,7247159,11986314,928288,4,0,17009652.75,True,3280,1686,1594,0.5140243902439025,743291,226.61310975609757,False,False,True
20211,8085,3120136,영등포구청역,발달상권,영등포구,당산1동,175441297,116682868,58758429,0.5035737465760612,3960822,101139574,40460699,19679388,9267925,932889,2,0,87720648.5,True,2992,1544,1448,0.516042780748663,1819022,607.961898395722,False,False,False
20212,8086,3120136,영등포구청역,발달상권,영등포구,당산1동,200090698,128640477,71450221,0.5554256534667544,5930282,115866843,49253006,21205677,7328856,506034,2,0,100045349.0,True,2992,1544,1448,0.516042780748663,1833428,612.7767379679144,False,False,False
20213,8087,3120136,영등포구청역,발달상권,영등포구,당산1동,162998699,97039491,65959208,0.6797151069145654,9569144,77727584,44056555,17342050,11351498,1851356,2,0,81499349.5,True,2992,1544,1448,0.516042780748663,1972551,659.2750668449198,False,False,False
20214,8088,3120136,영등포구청역,발달상권,영등포구,당산1동,156166490,95662086,60504404,0.6324805001638789,12178688,69665298,49768981,17339367,5643483,1570673,3,0,52055496.666666664,True,2992,1544,1448,0.516042780748663,2113101,706.250334224599,False,False,False
20221,8089,3120136,영등포구청역,발달상권,영등포구,당산1동,139301984,89462485,49839499,0.5570994255301538,8074807,63428443,40164703,17052065,9920534,661432,3,0,46433994.666666664,True,2992,1544,1448,0.516042780748663,2061818,689.1102941176471,False,False,False
20222,8090,3120136,영등포구청역,발달상권,영등포구,당산1동,102243392,66118017,36125375,0.5463771697811203,10810881,51612862,22063236,10676763,6605702,473948,3,33,34081130.666666664,True,2992,1544,1448,0.516042780748663,1989170,664.8295454545455,False,False,False
20223,8091,3120136,영등포구청역,발달상권,영등포구,당산1동,116205284,77365326,38839958,0.5020331459599873,18302552,47878328,25892641,16354894,7202110,574759,3,0,38735094.666666664,True,2992,1544,1448,0.516042780748663,1946809,650.6714572192514,False,False,False
20224,8092,3120136,영등포구청역,발달상권,영등포구,당산1동,102441881,66752721,35689160,0.5346472692850978,16375865,48165883,20024420,10040440,7232196,603077,3,0,34147293.666666664,True,2664,1334,1330,0.5007507507507507,1914374,718.6088588588589,False,False,False
20231,8093,3120136,영등포구청역,발달상권,영등포구,당산1동,101335484,66355541,34979943,0.5271593370024668,7010986,41799847,33919169,8922241,8473834,1209407,3,0,33778494.666666664,True,2664,1334,1330,0.5007507507507507,1901239,713.6783033033033,False,False,False
20232,8094,3120136,영등포구청역,발달상권,영등포구,당산1동,99666818,64444917,35221901,0.5465427319892429,5023099,41518841,35591089,10539904,5813354,1180531,3,0,33222272.666666668,True,2664,1334,1330,0.5007507507507507,1808756,678.9624624624624,False,False,False
20233,8095,3120136,영등포구청역,발달상권,영등포구,당산1동,100627087,63395362,37231725,0.5872941462184568,6704675,40414331,34812001,9325683,8684372,686025,3,0,33542362.333333332,True,2664,1334,1330,0.5007507507507507,1781349,668.6745495495495,False,False,False
20234,8096,3120136,영등포구청역,발달상권,영등포구,당산1동,97818488,62828007,34990481,0.5569248917922862,6690082,40056948,29191092,12039225,9013551,827590,3,0,32606162.666666668,True,2878,1483,1395,0.5152883947185546,1815287,630.7460041695622,False,False,False
20241,8097,3120136,영등포구청역,발달상권,영등포구,당산1동,96007803,65683230,30324573,0.4616790769881445,6604673,35914786,33568981,9749943,8957753,1211667,3,0,32002601.0,True,2878,1483,1395,0.5152883947185546,1868340,649.1799861014593,False,False,False
20242,8098,3120136,영등포구청역,발달상권,영등포구,당산1동,95409260,67883398,27525862,0.40548739177729437,11458348,39983224,26605842,8247666,8809272,304908,3,0,31803086.666666668,True,2878,1483,1395,0.5152883947185546,1852613,643.7154273801251,False,False,False
20243,8099,3120136,영등포구청역,발달상권,영등포구,당산1동,91390229,63799424,27590805,0.4324616629767692,7723239,35968380,27954598,7938218,11009117,796677,4,0,22847557.25,True,2878,1483,1395,0.5152883947185546,1797009,624.3950660180681,False,False,False
20244,8100,3120136,영등포구청역,발달상권,영등포구,당산1동,73891151,49935608,23955543,0.4797286737752347,8284232,29774608,17758727,5710441,12050871,312272,4,0,18472787.75,True,2878,1483,1395,0.5152883947185546,1845621,641.2859624739402,False,False,True
20251,8101,3120136,영등포구청역,발달상권,영등포구,당산1동,63000000,39650340,23349660,0.5888892756026808,7721998,21695319,17099663,5516323,10434693,532004,4,0,15750000.0,True,2878,1483,1395,0.5152883947185546,2089440,726.004169562196,False,False,True
20252,8102,3120136,영등포구청역,발달상권,영등포구,당산1동,63000000,44142673,18857327,0.42719041957427456,8890130,19409453,14619987,7047553,11686570,1346307,4,0,15750000.0,True,2878,1483,1395,0.5152883947185546,2033761,706.6577484364142,False,False,True
20253,8103,3120136,영등포구청역,발달상권,영등포구,당산1동,64668664,42567518,22101146,0.5192021296614006,6087982,20155293,19241151,4767531,13342438,1074269,4,0,16167166.0,True,2878,1483,1395,0.5152883947185546,1984791,689.6424600416956,False,False,True
20254,8104,3120136,영등포구청역,발달상권,영등포구,당산1동,65615588,45301851,20313737,0.44840854295335525,7315117,19033726,21212633,5861553,11533938,658621,4,0,16403897.0,True,2878,1483,1395,0.5152883947185546,1970239,684.58617095205,False,False,True
20211,8085,3120142,대림역,발달상권,영등포구,대림3동,579460561,371714906,207745655,0.5588843806010836,4108712,265197147,229600100,33710382,8165876,38678344,7,0,82780080.14285715,True,1534,844,690,0.5501955671447197,1566967,1021.4908735332464,False,False,False
20212,8086,3120142,대림역,발달상권,영등포구,대림3동,612050649,395873999,216176650,0.5460743836323537,16226953,283365337,226162320,41055352,4240156,41000531,5,33,122410129.8,True,1534,844,690,0.5501955671447197,1684431,1098.0645371577575,False,False,False
20213,8087,3120142,대림역,발달상권,영등포구,대림3동,370987890,237119252,133868638,0.5645625012346108,3694828,196349848,140118405,6321094,910297,23593418,6,0,61831315.0,True,1534,844,690,0.5501955671447197,1667191,1086.8259452411994,False,False,False
20214,8088,3120142,대림역,발달상권,영등포구,대림3동,224990386,162252335,62738051,0.3866696340610445,2337485,84106120,99468428,743100,2499266,35835987,5,17,44998077.2,True,1534,844,690,0.5501955671447197,1779707,1160.1740547588006,False,False,False
20221,8089,3120142,대림역,발달상권,영등포구,대림3동,165576218,117585181,47991037,0.4081384796269523,297240,46482379,61534871,2253767,1523355,53484606,4,20,41394054.5,True,1534,844,690,0.5501955671447197,1827646,1191.425032594524,False,False,False
20222,8090,3120142,대림역,발달상권,영등포구,대림3동,227301047,130100561,97200486,0.7471181158088934,3294344,95540425,91234802,8138409,1449756,27643311,4,0,56825261.75,True,1534,844,690,0.5501955671447197,1888578,1231.1460234680574,False,False,False
20223,8091,3120142,대림역,발달상권,영등포구,대림3동,308121147,196725471,111395676,0.5662493800815452,8652451,97404950,173115977,1560984,11224365,16162420,3,25,102707049.0,True,1534,844,690,0.5501955671447197,1875363,1222.531290743155,False,False,False
20224,8092,3120142,대림역,발달상권,영등포구,대림3동,205812455,104209383,101603072,0.9749896705558654,9474111,102995180,80409194,4377729,2499978,6056263,3,0,68604151.66666667,True,1961,1053,908,0.5369709331973483,1913221,975.6353901070883,False,False,False
20231,8093,3120142,대림역,발달상권,영등포구,대림3동,206900670,128011098,78889572,0.6162713485982285,31328925,52197577,96831031,13968009,7967910,4607218,3,0,68966890.0,True,1961,1053,908,0.5369709331973483,2017561,1028.8429372768996,False,False,False
20232,8094,3120142,대림역,발달상권,영등포구,대림3동,137548171,88248227,49299944,0.55865081572687,7347798,41836925,58728398,4973158,18824525,5837367,4,20,34387042.75,True,1961,1053,908,0.5369709331973483,1891205,964.4084650688425,False,False,False
20233,8095,3120142,대림역,발달상권,영등포구,대림3동,221980040,163198486,58781554,0.36018443210312623,5781872,45916889,121623759,14488138,33667790,501592,5,0,44396008.0,True,1961,1053,908,0.5369709331973483,1940699,989.6476287608363,False,False,False
20234,8096,3120142,대림역,발달상권,영등포구,대림3동,158507118,94840518,63666600,0.6713016898536973,11810193,29096237,75737827,19911642,21951219,0,5,0,31701423.6,True,1409,797,612,0.5656493967352733,1966648,1395.7757274662881,False,False,False
20241,8097,3120142,대림역,발달상권,영등포구,대림3동,172960944,127528079,45432865,0.35625773834482366,2291397,29709143,100031317,35240101,5688986,0,5,33,34592188.8,True,1409,797,612,0.5656493967352733,1936013,1374.0333569907737,False,False,False
20242,8098,3120142,대림역,발달상권,영등포구,대림3동,312000000,242239459,69760541,0.2879817404149668,1412175,64585493,64849168,64209271,116220555,723338,6,14,52000000.0,True,1409,797,612,0.5656493967352733,1957103,1389.0014194464159,False,False,False
20243,8099,3120142,대림역,발달상권,영등포구,대림3동,250749911,198758911,51991000,0.2615782091903291,7111231,56455273,106510441,78065515,2607451,0,6,14,41791651.833333336,True,1409,797,612,0.5656493967352733,1894316,1344.4400283889283,False,False,False
20244,8100,3120142,대림역,발달상권,영등포구,대림3동,212309755,135350432,76959323,0.5685931094774784,16434845,53334233,98846112,28681966,12326134,2686465,6,0,35384959.166666664,True,1409,797,612,0.5656493967352733,1845967,1310.125621007807,False,False,True
20251,8101,3120142,대림역,발달상권,영등포구,대림3동,202988985,133496453,69492532,0.5205571416942442,26314399,32790677,128555255,4108711,11219943,0,5,0,40597797.0,True,1409,797,612,0.5656493967352733,1776868,1261.084457061746,False,False,True
20252,8102,3120142,대림역,발달상권,영등포구,대림3동,204368880,112713013,91655867,0.8131791047055055,3239561,54598452,84702663,37017909,22992980,1817315,4,20,51092220.0,True,1409,797,612,0.5656493967352733,1760883,1249.7395315826827,False,False,True
20253,8103,3120142,대림역,발달상권,영등포구,대림3동,537404802,333109439,204295363,0.613298030861263,52350083,183511892,201525959,47416301,52154707,445860,2,67,268702401.0,True,1409,797,612,0.5656493967352733,1766724,1253.8850248403123,False,False,True
20254,8104,3120142,대림역,발달상권,영등포구,대림3동,544483842,345411917,199071925,0.576331953827754,52424247,194114716,189864802,63418643,39369869,5291565,2,0,272241921.0,True,1409,797,612,0.5656493967352733,1729705,1227.611781405252,False,False,True
20211,8085,3120145,영등포역(영등포),발달상권,영등포구,영등포동,86087462,50638328,35449134,0.7000455070317487,2279876,49601945,17365665,7670460,7604386,1565130,16,6,5380466.375,True,4753,2992,1761,0.6294971596886177,3296896,693.645276667368,False,False,False
20212,8086,3120145,영등포역(영등포),발달상권,영등포구,영등포동,86813587,51149453,35664134,0.6972534779599696,2215402,53120197,16101843,9632674,4939232,804239,14,14,6200970.5,True,4753,2992,1761,0.6294971596886177,3375833,710.2531033031769,False,False,False
20213,8087,3120145,영등포역(영등포),발달상권,영등포구,영등포동,89653395,47522697,42130698,0.8865384470919233,2815951,55617262,16296992,7561097,6425346,936747,14,0,6403813.928571428,True,4753,2992,1761,0.6294971596886177,3466270,729.2804544498211,False,False,False
20214,8088,3120145,영등포역(영등포),발달상권,영등포구,영등포동,91100793,52807614,38293179,0.7251450330628458,2201237,51042662,19476517,10227115,6786510,1366752,15,7,6073386.2,True,4753,2992,1761,0.6294971596886177,3853700,810.7931832526825,False,False,False
20221,8089,3120145,영등포역(영등포),발달상권,영등포구,영등포동,90086806,50883861,39202945,0.7704396684834903,1303142,51435013,19639261,12077620,4381904,1249866,14,14,6434771.857142857,True,4753,2992,1761,0.6294971596886177,3817496,803.1760993057017,False,False,False
20222,8090,3120145,영등포역(영등포),발달상권,영등포구,영등포동,101164652,58068736,43095916,0.7421535058038804,2019303,55563819,23979500,10680965,6507395,2413670,15,0,6744310.133333334,True,4753,2992,1761,0.6294971596886177,4247420,893.6292867662529,False,False,False
20223,8091,3120145,영등포역(영등포),발달상권,영등포구,영등포동,104969932,60492178,44477754,0.7352645494100081,3969314,56829140,26808971,9228483,6813535,1320489,16,0,6560620.75,True,4753,2992,1761,0.6294971596886177,4199457,883.538186408584,False,False,False
20224,8092,3120145,영등포역(영등포),발달상권,영등포구,영등포동,109559557,63958810,45600747,0.7129705352554245,3162977,51693909,26527909,9372273,10794559,8007930,17,6,6444679.823529412,True,3113,1943,1170,0.6241567619659493,4299133,1381.0256986829424,False,False,False
20231,8093,3120145,영등포역(영등포),발달상권,영등포구,영등포동,98837496,56249154,42588342,0.7571374673475089,775083,49336769,28702737,5218212,6990156,7814539,16,13,6177343.5,True,3113,1943,1170,0.6241567619659493,4380734,1407.2386765178285,False,False,False
20232,8094,3120145,영등포역(영등포),발달상권,영등포구,영등포동,99802966,48053773,51749193,1.0769017658613405,1572190,49731697,32397335,3060713,5409929,7631102,16,0,6237685.375,True,3113,1943,1170,0.6241567619659493,4149337,1332.9061998072598,False,False,False
20233,8095,3120145,영등포역(영등포),발달상권,영등포구,영등포동,99062288,60002502,39059786,0.6509692879140273,3261435,51163141,29421921,4662905,4347942,6204944,17,0,5827193.411764706,True,3113,1943,1170,0.6241567619659493,4117254,1322.6000642467075,False,False,False
20234,8096,3120145,영등포역(영등포),발달상권,영등포구,영등포동,111450068,68631451,42818617,0.6238920549705411,2704256,52357739,26670104,2962236,12896343,13859390,17,12,6555886.352941177,True,5935,3390,2545,0.5711878685762426,4173609,703.2197135636058,False,False,False
20241,8097,3120145,영등포역(영등포),발달상권,영등포구,영등포동,109570877,65191378,44379499,0.6807571854057143,1260559,44645653,31147257,5136381,8182156,19198871,16,6,6848179.8125,True,5935,3390,2545,0.5711878685762426,4186121,705.3278854254423,False,False,False
20242,8098,3120145,영등포역(영등포),발달상권,영등포구,영등포동,102223921,58840550,43383371,0.7373039680968312,713477,49455446,33237644,3709940,8618446,6488968,13,23,7863378.538461538,True,5935,3390,2545,0.5711878685762426,4191553,706.2431339511373,False,False,False
20243,8099,3120145,영등포역(영등포),발달상권,영등포구,영등포동,96922727,57415509,39507218,0.6880931422205104,2872204,42990302,25601576,9176453,10636557,5645635,12,8,8076893.916666667,True,5935,3390,2545,0.5711878685762426,4197947,707.3204717775906,False,False,False
20244,8100,3120145,영등포역(영등포),발달상권,영등포구,영등포동,92787537,53882449,38905088,0.7220363721775155,3947099,44335421,22215369,5866489,10375674,6047485,13,0,7137502.846153846,True,5935,3390,2545,0.5711878685762426,4246724,715.5390058972199,False,False,True
20251,8101,3120145,영등포역(영등포),발달상권,영등포구,영등포동,98725909,62192245,36533664,0.587431182135329,1153439,43684215,27965006,3530485,8133992,14258772,12,8,8227159.083333333,True,5935,3390,2545,0.5711878685762426,4040484,680.7892165122157,False,False,True
20252,8102,3120145,영등포역(영등포),발달상권,영등포구,영등포동,96694701,59419069,37275632,0.6273345009831777,5935171,37076274,23200347,4945123,6251186,19286600,11,8,8790427.363636363,True,5935,3390,2545,0.5711878685762426,3960504,667.3132266217355,False,False,True
20253,8103,3120145,영등포역(영등포),발달상권,영등포구,영등포동,93764327,63795051,29969276,0.4697743089820557,2375392,38999003,26511368,3666501,8975161,13236902,11,0,8524029.727272727,True,5935,3390,2545,0.5711878685762426,4082944,687.9433866891322,False,False,True
20254,8104,3120145,영등포역(영등포),발달상권,영등포구,영등포동,92177850,59205511,32972339,0.5569133420704704,1626547,36520092,27502002,4594977,6214605,15719627,10,9,9217785.0,True,5935,3390,2545,0.5711878685762426,4026660,678.4599831508003,False,False,True
20211,8085,3120151,보라매공원,발달상권,동작구,신대방2동,15000000,9344145,5655855,0.6052833084246874,452717,9252409,3366957,1768148,97017,62752,0,0,,False,5056,2353,2703,0.4653876582278481,1394226,275.7567246835443,False,False,False
20212,8086,3120151,보라매공원,발달상권,동작구,신대방2동,15000000,9516849,5483151,0.5761519385250307,307480,9296619,3125071,1831578,314590,124662,0,0,,False,5056,2353,2703,0.4653876582278481,1381704,273.28006329113924,False,False,False
20213,8087,3120151,보라매공원,발달상권,동작구,신대방2동,15000000,9684118,5315882,0.5489278424736254,422566,8799767,4420133,1103794,219516,34224,0,0,,False,5056,2353,2703,0.4653876582278481,1253946,248.01147151898735,False,False,False
20214,8088,3120151,보라매공원,발달상권,동작구,신대방2동,14456275,8729572,5726703,0.6560118869516168,200800,7172565,3137980,3755871,174612,14447,0,0,,False,5056,2353,2703,0.4653876582278481,1203780,238.08939873417722,False,False,False
20211,8085,3120152,신대방삼거리역,발달상권,동작구,대방동,242776542,151062444,91714098,0.6071270632957587,20769359,156524945,32283418,20536291,11893393,769136,1,0,242776542.0,True,2793,1245,1548,0.44575725026852847,975371,349.2198353025421,False,False,False
20212,8086,3120152,신대방삼거리역,발달상권,동작구,대방동,278218632,168313413,109905219,0.6529795637855671,28158264,175637608,57234742,7192785,8422201,1573032,2,33,139109316.0,True,2793,1245,1548,0.44575725026852847,1023933,366.6068743286788,False,False,False
20213,8087,3120152,신대방삼거리역,발달상권,동작구,대방동,236855632,139821265,97034367,0.6939886218308782,29528202,146836436,37011299,9479644,13625644,374407,2,0,118427816.0,True,2793,1245,1548,0.44575725026852847,826132,295.78660938059437,False,False,False
20214,8088,3120152,신대방삼거리역,발달상권,동작구,대방동,274890291,175717303,99172988,0.5643894272608998,33411283,169791219,43761159,12256758,13907522,1762350,2,0,137445145.5,True,2793,1245,1548,0.44575725026852847,825799,295.66738274257074,False,False,False
20221,8089,3120152,신대방삼거리역,발달상권,동작구,대방동,229775484,153472742,76302742,0.49717455364158414,22523810,127867535,54507821,10411245,13934341,530732,2,0,114887742.0,True,2793,1245,1548,0.44575725026852847,896795,321.08664518438957,False,False,False
20222,8090,3120152,신대방삼거리역,발달상권,동작구,대방동,130603152,81511812,49091340,0.6022604429404661,6588198,68709646,42487874,3103140,7593813,2120481,2,0,65301576.0,True,2793,1245,1548,0.44575725026852847,888588,318.1482277121375,False,False,False
20223,8091,3120152,신대방삼거리역,발달상권,동작구,대방동,318459027,197503417,120955610,0.6124228726635145,28845463,177056646,82540531,10450583,18193178,1372626,2,33,159229513.5,True,2793,1245,1548,0.44575725026852847,826573,295.94450411743645,False,False,False
20224,8092,3120152,신대방삼거리역,발달상권,동작구,대방동,349988490,222540712,127447778,0.5726942133626318,40103254,190056494,76731079,20188166,21898969,1010528,2,0,174994245.0,True,2654,1264,1390,0.4762622456669179,766390,288.7678975131876,False,False,False
20231,8093,3120152,신대방삼거리역,발달상권,동작구,대방동,370440677,232785559,137655118,0.5913387350630286,29563370,224502688,77483128,17087272,21501261,302958,2,0,185220338.5,True,2654,1264,1390,0.4762622456669179,765925,288.5926902788244,False,False,False
20211,8085,3120153,노량진역(노량진),발달상권,동작구,노량진1동,1015599800,663372295,352227505,0.5309650518341288,17894581,566285616,353761757,39999805,29221686,8436355,10,0,101559980.0,True,2159,1092,1067,0.5057897174617879,1607392,744.5076424270495,False,False,False
20212,8086,3120153,노량진역(노량진),발달상권,동작구,노량진1동,1236487676,810532917,425954759,0.5255243187119074,31593199,706137409,414320126,28365029,48315749,7756164,9,9,137387519.55555555,True,2159,1092,1067,0.5057897174617879,1742967,807.3029180176007,False,False,False
20213,8087,3120153,노량진역(노량진),발달상권,동작구,노량진1동,1018816598,680011755,338804843,0.49823380332594397,40256284,605016856,316956566,21542365,26802679,8241848,9,0,113201844.22222222,True,2159,1092,1067,0.5057897174617879,1765379,817.6836498378879,False,False,False
20214,8088,3120153,노량진역(노량진),발달상권,동작구,노량진1동,1187770539,780899740,406870799,0.5210282167592987,47956613,726245837,353291487,25801483,25835599,8639520,9,0,131974504.33333333,True,2159,1092,1067,0.5057897174617879,1860733,861.8494673459935,False,False,False
20221,8089,3120153,노량진역(노량진),발달상권,동작구,노량진1동,1101709038,714881281,386827757,0.5411076877812387,29297035,588361944,407431167,32908938,25568853,18141101,5,57,220341807.6,True,2159,1092,1067,0.5057897174617879,1838873,851.7244094488188,False,False,False
20222,8090,3120153,노량진역(노량진),발달상권,동작구,노량진1동,1396680206,913698289,482981917,0.5286010960232848,42195372,764762585,493662127,36334833,35041072,24684217,5,0,279336041.2,True,2159,1092,1067,0.5057897174617879,1848259,856.0717924965262,False,False,False
20223,8091,3120153,노량진역(노량진),발달상권,동작구,노량진1동,1630279326,1070154742,560124584,0.5234052254472933,68923830,921343888,497121971,59667811,53655864,29565962,5,0,326055865.2,True,2159,1092,1067,0.5057897174617879,1761045,815.6762389995368,False,False,False
20224,8092,3120153,노량진역(노량진),발달상권,동작구,노량진1동,1661290569,1061491062,599799507,0.565053751719673,53086896,967392633,474999923,66659507,66255380,32896230,5,0,332258113.8,True,1508,754,754,0.5,1753750,1162.9641909814325,False,False,False
20231,8093,3120153,노량진역(노량진),발달상권,동작구,노량진1동,1676191350,1087063727,589127623,0.5419439618556972,21529944,862940109,620450069,90998787,51011638,29260803,5,0,335238270.0,True,1508,754,754,0.5,1690283,1120.8773209549072,False,False,False
20232,8094,3120153,노량진역(노량진),발달상권,동작구,노량진1동,1595936454,1021325377,574611077,0.5626131396909371,40059763,816116329,573505870,79889412,53126265,33238815,5,0,319187290.8,True,1508,754,754,0.5,1645192,1090.976127320955,False,False,False
20233,8095,3120153,노량진역(노량진),발달상권,동작구,노량진1동,1605271413,1017060517,588210896,0.5783440475450096,59185504,753301107,566790694,108951434,82374186,34668488,5,0,321054282.6,True,1508,754,754,0.5,1609472,1067.289124668435,False,False,False
20234,8096,3120153,노량진역(노량진),발달상권,동작구,노량진1동,1536000399,982562609,553437790,0.5632595673096695,45461380,710700537,584100463,93964530,63099010,38674479,5,0,307200079.8,True,3207,1606,1601,0.5007795447458684,1632188,508.94543186778924,False,False,False
20241,8097,3120153,노량진역(노량진),발달상권,동작구,노량진1동,1578969727,1042173949,536795778,0.5150731108900516,19905004,697814380,653702602,114027235,48621863,44898643,5,0,315793945.4,True,3207,1606,1601,0.5007795447458684,1586665,494.7505456813221,False,False,False
20242,8098,3120153,노량진역(노량진),발달상권,동작구,노량진1동,1512697074,994384079,518312995,0.5212402390042691,37903516,559945975,694861344,121426302,64986118,33573819,5,17,302539414.8,True,3207,1606,1601,0.5007795447458684,1659269,517.3897723729342,False,False,False
20243,8099,3120153,노량진역(노량진),발달상권,동작구,노량진1동,1556929894,1000892107,556037787,0.5555421839289217,41920144,639723767,644664773,130751470,60965994,38903746,6,0,259488315.66666666,True,3207,1606,1601,0.5007795447458684,1673017,521.6766448394138,False,False,False
20244,8100,3120153,노량진역(노량진),발달상권,동작구,노량진1동,1510080214,963223307,546856907,0.5677363733060085,45521400,677500960,568727086,131062630,49214937,38053201,6,0,251680035.66666666,True,3207,1606,1601,0.5007795447458684,1753799,546.8659183037106,False,False,True
20251,8101,3120153,노량진역(노량진),발달상권,동작구,노량진1동,1580099105,996585250,583513855,0.5855132363237365,26642413,618376726,709366053,141926615,42362546,41424752,6,0,263349850.83333334,True,3207,1606,1601,0.5007795447458684,1690033,526.9825381976925,False,False,True
20252,8102,3120153,노량진역(노량진),발달상권,동작구,노량진1동,1407917223,918683333,489233890,0.5325381145235166,24960945,569041704,591627280,137426899,40402447,44457948,6,0,234652870.5,True,3207,1606,1601,0.5007795447458684,1690931,527.2625506704085,False,False,True
20253,8103,3120153,노량진역(노량진),발달상권,동작구,노량진1동,1463337201,914282086,549055115,0.600531415202638,26867176,624955074,605580471,113763537,51148495,41022448,6,0,243889533.5,True,3207,1606,1601,0.5007795447458684,1682410,524.6055503585906,False,False,True
20254,8104,3120153,노량진역(노량진),발달상권,동작구,노량진1동,1297208057,829310949,467897108,0.5641998439357395,31713091,577314604,515969306,92943461,44473480,34794115,6,0,216201342.83333334,True,3207,1606,1601,0.5007795447458684,1741658,543.0801371998753,False,False,True
20211,8085,3120156,"총신대입구역(이수, 총신대)",발달상권,동작구,사당2동,206405862,138581733,67824129,0.4894160834314289,15754306,105159182,60924835,5773894,9217868,9575777,4,0,51601465.5,True,4405,2034,2371,0.46174801362088536,3081127,699.4612939841089,False,False,False
20212,8086,3120156,"총신대입구역(이수, 총신대)",발달상권,동작구,사당2동,204926646,129994751,74931895,0.5764224664732809,13305544,103602392,61099322,7822331,9572695,9524362,4,0,51231661.5,True,4405,2034,2371,0.46174801362088536,3294617,747.9266742338252,False,False,False
20213,8087,3120156,"총신대입구역(이수, 총신대)",발달상권,동작구,사당2동,174689315,118150447,56538868,0.47853283195788504,11323214,87323457,55748986,10403937,7600053,2289668,4,0,43672328.75,True,4405,2034,2371,0.46174801362088536,3196715,725.7014755959137,False,False,False
20214,8088,3120156,"총신대입구역(이수, 총신대)",발달상권,동작구,사당2동,200722258,132313735,68408523,0.5170175492362905,14846175,82005101,75049769,15011244,11606822,2203147,4,0,50180564.5,True,4405,2034,2371,0.46174801362088536,3353038,761.189103291714,False,False,False
20221,8089,3120156,"총신대입구역(이수, 총신대)",발달상권,동작구,사당2동,180709770,118684973,62024797,0.5226002536985032,8902218,68066661,40348685,30070760,6230229,27091217,4,0,45177442.5,True,4405,2034,2371,0.46174801362088536,3451296,783.4951191827469,False,False,False
20222,8090,3120156,"총신대입구역(이수, 총신대)",발달상권,동작구,사당2동,221607710,143788612,77819098,0.5412048765030154,8726323,97201412,52003726,34228689,8086100,21361460,4,0,55401927.5,True,4405,2034,2371,0.46174801362088536,3872905,879.2065834279229,False,False,False
20223,8091,3120156,"총신대입구역(이수, 총신대)",발달상권,동작구,사당2동,194259630,123906010,70353620,0.5677982851679269,11206556,99042696,49099536,17701457,5423648,9297533,4,0,48564907.5,True,4405,2034,2371,0.46174801362088536,3759896,853.5518728717367,False,False,False
20224,8092,3120156,"총신대입구역(이수, 총신대)",발달상권,동작구,사당2동,198419187,119908369,78510818,0.6547567834902333,10131874,98759965,51357261,19579992,10075004,8515091,4,0,49604796.75,True,3931,1793,2138,0.4561180361231239,3812978,969.9765962859324,False,False,False
20231,8093,3120156,"총신대입구역(이수, 총신대)",발달상권,동작구,사당2동,218230297,133373066,84857231,0.6362396362695898,10906725,101414994,73681953,14518271,9815993,7892361,4,0,54557574.25,True,3931,1793,2138,0.4561180361231239,3746890,953.1645891630628,False,False,False
20232,8094,3120156,"총신대입구역(이수, 총신대)",발달상권,동작구,사당2동,206485880,125231275,81254605,0.6488363629612491,8568133,98801276,83581895,6274994,7276254,1983328,4,0,51621470.0,True,3931,1793,2138,0.4561180361231239,3691378,939.0429916051895,False,False,False
20233,8095,3120156,"총신대입구역(이수, 총신대)",발달상권,동작구,사당2동,176025565,101044065,74981500,0.7420673346821508,8512234,89669491,53875685,11310912,9664161,2993082,4,25,44006391.25,True,3931,1793,2138,0.4561180361231239,3712035,944.29788857797,False,False,False
20234,8096,3120156,"총신대입구역(이수, 총신대)",발달상권,동작구,사당2동,164990789,96847343,68143446,0.7036170935530983,8689801,77351151,58771600,9160086,8262429,2755722,4,0,41247697.25,True,4309,2009,2300,0.4662334648410304,3766861,874.1844975632397,False,False,False
20241,8097,3120156,"총신대입구역(이수, 총신대)",발달상권,동작구,사당2동,165873452,103546817,62326635,0.6019174399151256,2803157,72987575,67041928,6677983,11576338,4786471,4,0,41468363.0,True,4309,2009,2300,0.4662334648410304,3833813,889.7222093293108,False,False,False
20242,8098,3120156,"총신대입구역(이수, 총신대)",발달상권,동작구,사당2동,127297000,75895887,51401113,0.6772582155868341,2580655,56592866,52103255,7688839,6771567,1559818,4,0,31824250.0,True,4309,2009,2300,0.4662334648410304,3894592,903.8273381294964,False,False,False
20243,8099,3120156,"총신대입구역(이수, 총신대)",발달상권,동작구,사당2동,112954254,68501219,44453035,0.6489378678064108,5012492,54986089,39221298,7155314,5397970,1181091,4,25,28238563.5,True,4309,2009,2300,0.4662334648410304,3837454,890.5671849617081,False,False,False
20244,8100,3120156,"총신대입구역(이수, 총신대)",발달상권,동작구,사당2동,103290760,63944665,39346095,0.6153147412688768,4267440,47724954,35701655,9004848,5794317,797546,5,0,20658152.0,True,4309,2009,2300,0.4662334648410304,3811612,884.5699698305872,False,False,True
20251,8101,3120156,"총신대입구역(이수, 총신대)",발달상권,동작구,사당2동,96064850,59974729,36090121,0.6017554660397049,2171035,38298477,40604440,8441982,6072286,476630,6,0,16010808.333333334,True,4309,2009,2300,0.4662334648410304,3629091,842.2118821072174,False,False,True
20252,8102,3120156,"총신대입구역(이수, 총신대)",발달상권,동작구,사당2동,80737631,49712361,31025270,0.6240956851757654,2560290,28247550,34111674,9587352,5432691,798074,5,20,16147526.2,True,4309,2009,2300,0.4662334648410304,3681968,854.4831747505222,False,False,True
20253,8103,3120156,"총신대입구역(이수, 총신대)",발달상권,동작구,사당2동,79257497,47657864,31599633,0.6630518102951488,1865887,31136415,36112745,5386075,4548291,208084,4,25,19814374.25,True,4309,2009,2300,0.4662334648410304,3706589,860.1970294731956,False,False,True
20254,8104,3120156,"총신대입구역(이수, 총신대)",발달상권,동작구,사당2동,85906911,53291748,32615163,0.6120115069222349,2967364,27755763,40608241,6349232,7652857,573454,4,0,21476727.75,True,4309,2009,2300,0.4662334648410304,3572590,829.0995590624275,False,False,True
20211,8085,3120157,신림역(신림),발달상권,관악구,신림동,628558534,374811059,253747475,0.6770010353403153,33392054,423962996,113987673,34801692,19507751,2906368,10,20,62855853.4,True,8448,4409,4039,0.5218986742424242,4415572,522.6766098484849,False,False,False
20212,8086,3120157,신림역(신림),발달상권,관악구,신림동,738399984,430746065,307653919,0.7142350075792335,49526591,490947277,144605621,24323881,23989035,5007579,11,9,67127271.27272727,True,8448,4409,4039,0.5218986742424242,4674152,553.2850378787879,False,False,False
20213,8087,3120157,신림역(신림),발달상권,관악구,신림동,470189115,273419892,196769223,0.7196595008529957,47771365,307865886,77598654,18960774,14657792,3334644,12,17,39182426.25,True,8448,4409,4039,0.5218986742424242,4502953,533.0200047348485,False,False,False
20214,8088,3120157,신림역(신림),발달상권,관악구,신림동,526614121,297987729,228626392,0.7672342507768164,49580403,309639358,115384371,23303056,23633218,5073715,12,0,43884510.083333336,True,8448,4409,4039,0.5218986742424242,4747391,561.9544270833334,False,False,False
20221,8089,3120157,신림역(신림),발달상권,관악구,신림동,477936906,272351912,205584994,0.7548505626059273,32618536,265198292,141906727,19846148,11638036,6729167,12,0,39828075.5,True,8448,4409,4039,0.5218986742424242,4687565,554.8727509469697,False,False,False
20222,8090,3120157,신림역(신림),발달상권,관악구,신림동,391707452,228463354,163244098,0.7145307776581097,24823819,232782583,102106176,17875867,12247248,1871759,11,9,35609768.36363637,True,8448,4409,4039,0.5218986742424242,4907207,580.872040719697,False,False,False
20223,8091,3120157,신림역(신림),발달상권,관악구,신림동,323864164,177941622,145922542,0.8200585133477091,25626252,198252027,80500747,11536150,7188207,760781,10,10,32386416.4,True,8448,4409,4039,0.5218986742424242,4811134,569.4997632575758,False,False,False
20224,8092,3120157,신림역(신림),발달상권,관악구,신림동,325152463,180941060,144211403,0.7970076167344217,25116928,187935067,80562063,15257374,15570320,710711,11,0,29559314.818181816,True,7149,3651,3498,0.5107007973143097,4663389,652.3134704154427,False,False,False
20231,8093,3120157,신림역(신림),발달상권,관악구,신림동,343298916,213416471,129882445,0.6085867899108874,14533176,189642328,93190596,26335759,18541757,1055300,13,8,26407608.923076924,True,7149,3651,3498,0.5107007973143097,4675008,653.9387326898867,False,False,False
20232,8094,3120157,신림역(신림),발달상권,관악구,신림동,326661343,182223790,144437553,0.7926382883376534,15322446,178453988,91802283,21386952,18856734,838940,13,15,25127795.615384616,True,7149,3651,3498,0.5107007973143097,4672989,653.656315568611,False,False,False
20233,8095,3120157,신림역(신림),발달상권,관악구,신림동,254028593,150674068,103354525,0.6859476641992569,22323848,154599251,56673685,8857590,11270480,303739,13,15,19540661.0,True,7149,3651,3498,0.5107007973143097,4457355,623.4934955937894,False,False,False
20234,8096,3120157,신림역(신림),발달상권,관악구,신림동,453135063,287894749,165240314,0.5739608470594231,35223870,267157810,99271649,23325236,25105092,3051406,11,18,41194096.63636363,True,9319,4932,4387,0.5292413349071788,4538967,487.0658868977358,False,False,False
20241,8097,3120157,신림역(신림),발달상권,관악구,신림동,511296173,347892649,163403524,0.46969524785791034,31335805,278660162,138680448,17612752,41131820,3875186,8,38,63912021.625,True,9319,4932,4387,0.5292413349071788,4611441,494.842901598884,False,False,False
20242,8098,3120157,신림역(신림),발달상권,관악구,신림동,456134050,283977622,172156428,0.6062323741833432,21438306,264547791,109273160,35934303,21677182,3263308,9,0,50681561.11111111,True,9319,4932,4387,0.5292413349071788,4609494,494.63397360231784,False,False,False
20243,8099,3120157,신림역(신림),발달상권,관악구,신림동,877313412,561434453,315878959,0.5626283839762858,68399230,462528813,219470030,59821321,50410150,16683868,11,9,79755764.72727273,True,9319,4932,4387,0.5292413349071788,4512613,484.23790106234577,False,False,False
20244,8100,3120157,신림역(신림),발달상권,관악구,신림동,562818679,350427091,212391588,0.6060935168965005,53144823,298189123,135677168,48003217,23945430,3858918,10,20,56281867.9,True,9319,4932,4387,0.5292413349071788,4571399,490.54608863611975,False,False,True
20251,8101,3120157,신림역(신림),발달상권,관악구,신림동,521170772,325892399,195278373,0.5992111924034166,20134478,276140392,159110232,40282797,20177896,5324977,10,0,52117077.2,True,9319,4932,4387,0.5292413349071788,4597649,493.36291447580214,False,False,True
20252,8102,3120157,신림역(신림),발달상권,관악구,신림동,529825127,335568368,194256759,0.5788887676087515,17473753,290066469,164218462,32828424,21077264,4160755,10,0,52982512.7,True,9319,4932,4387,0.5292413349071788,4550332,488.28543835175446,False,False,True
20253,8103,3120157,신림역(신림),발달상권,관악구,신림동,1153773030,742146216,411626814,0.5546438223704424,36173946,605125951,368173542,74965286,40474872,28859433,9,11,128197003.33333333,True,9319,4932,4387,0.5292413349071788,4462884,478.9015988840004,False,False,True
20254,8104,3120157,신림역(신림),발달상권,관악구,신림동,1102399370,718117276,384282094,0.5351244244401105,32254367,570655259,371045311,69304029,54021349,5119055,9,0,122488818.8888889,True,9319,4932,4387,0.5292413349071788,4444222,476.89902350037556,False,False,True
20211,8085,3120158,녹두거리(대학동),발달상권,관악구,대학동,622069426,395777234,226292192,0.5717665710908475,19711210,349924062,171086894,32513037,44327133,4507090,3,0,207356475.33333334,True,2123,1220,903,0.574658502119642,872989,411.20536975977393,False,False,False
20212,8086,3120158,녹두거리(대학동),발달상권,관악구,대학동,369000000,224902811,144097189,0.6407087059485441,18233633,265637256,60692458,6884800,13584232,3967621,3,0,123000000.0,True,2123,1220,903,0.574658502119642,940557,443.0320301460198,False,False,False
20213,8087,3120158,녹두거리(대학동),발달상권,관악구,대학동,369000000,236730046,132269954,0.5587374996750518,21503029,222150269,87214129,25092662,12975422,64489,3,0,123000000.0,True,2123,1220,903,0.574658502119642,736714,347.01554404145077,False,False,False
20214,8088,3120158,녹두거리(대학동),발달상권,관악구,대학동,347101329,209398061,137703268,0.6576148190789599,30835997,195881115,86138938,27729011,4281753,2234515,3,0,115700443.0,True,2123,1220,903,0.574658502119642,711350,335.0682995760716,False,False,False
20221,8089,3120158,녹두거리(대학동),발달상권,관악구,대학동,230120693,127671470,102449223,0.8024441404175889,24437514,132629138,47776401,20172258,3720558,1384824,3,0,76706897.66666667,True,2123,1220,903,0.574658502119642,731352,344.489872821479,False,False,False
20222,8090,3120158,녹두거리(대학동),발달상권,관악구,대학동,369000000,251473992,117526008,0.46734855984630014,41844749,211947198,89392182,17472754,5745976,2597141,3,0,123000000.0,True,2123,1220,903,0.574658502119642,782658,368.6566179934056,False,False,False
20211,8085,3120159,서울대입구역,발달상권,관악구,청룡동,213830998,127695279,86135719,0.6745411394574736,12775868,145294790,42179970,2894338,10057849,628183,5,0,42766199.6,True,8567,3745,4822,0.43714252363721257,3075878,359.0379362670713,False,False,False
20212,8086,3120159,서울대입구역,발달상권,관악구,청룡동,260653465,159071618,101581847,0.6385919014163797,14456935,185559584,43695157,3023542,13011743,906504,5,0,52130693.0,True,8567,3745,4822,0.43714252363721257,3148204,367.4803315046107,False,False,False
20213,8087,3120159,서울대입구역,발달상권,관악구,청룡동,210039001,123332845,86706156,0.7030256700881261,12407873,146482121,34137377,3904247,12509196,598187,3,40,70013000.33333333,True,8567,3745,4822,0.43714252363721257,2863096,334.2005369440878,False,False,False
20214,8088,3120159,서울대입구역,발달상권,관악구,청룡동,219916923,132365613,87551310,0.6614354590719872,14147461,142348655,48036249,5671445,8964233,748880,2,25,109958461.5,True,8567,3745,4822,0.43714252363721257,3004883,350.75090463406093,False,False,False
20221,8089,3120159,서울대입구역,발달상권,관악구,청룡동,199625120,123414304,76210816,0.6175201214925622,4113735,154470654,28495473,2544168,9197386,803704,2,0,99812560.0,True,8567,3745,4822,0.43714252363721257,2954297,344.84615384615387,False,False,False
20222,8090,3120159,서울대입구역,발달상권,관악구,청룡동,99515232,61231855,38283377,0.6252199447493466,5084872,69468304,15822119,1945011,6178761,1016165,2,0,49757616.0,True,8567,3745,4822,0.43714252363721257,3157682,368.586669779386,False,False,False
20223,8091,3120159,서울대입구역,발달상권,관악구,청룡동,66570384,44028052,22542332,0.5119993044434489,4178335,43726156,9640382,2568220,5203559,1253732,2,0,33285192.0,True,8567,3745,4822,0.43714252363721257,3125572,364.8385665927396,False,False,False
20224,8092,3120159,서울대입구역,발달상권,관악구,청룡동,59340064,37956120,21383944,0.5633859309118002,5839512,35252335,9370464,2947500,5176169,754084,4,0,14835016.0,True,6240,2841,3399,0.45528846153846153,3298091,528.5402243589743,False,False,False
20231,8093,3120159,서울대입구역,발달상권,관악구,청룡동,53051489,34772771,18278718,0.525661817403048,2744496,33478464,8524187,1528138,5957907,818297,3,20,17683829.666666668,True,6240,2841,3399,0.45528846153846153,3159298,506.2977564102564,False,False,False
20232,8094,3120159,서울대입구역,발달상권,관악구,청룡동,55905017,36032933,19872084,0.5514978200636623,4329674,31044696,10817177,2131772,5912232,1669466,5,0,11181003.4,True,6240,2841,3399,0.45528846153846153,3352684,537.2891025641026,False,False,False
20233,8095,3120159,서울대입구역,발달상권,관악구,청룡동,50172621,31858850,18313771,0.5748409311698319,4510877,27480932,9510489,2464748,5607228,598347,3,75,16724207.0,True,6240,2841,3399,0.45528846153846153,3310407,530.5139423076923,False,False,False
20234,8096,3120159,서울대입구역,발달상권,관악구,청룡동,34478843,24352762,10126081,0.41580831775878235,3256194,19808793,5577235,2119748,3010211,706662,3,0,11492947.666666666,True,9896,4395,5501,0.4441188358932902,3434030,347.01192400970086,False,False,False
20241,8097,3120159,서울대입구역,발달상권,관악구,청룡동,36835316,24532664,12302652,0.5014804751738335,1032119,20751748,9816951,1460339,3120005,654154,6,0,6139219.333333333,True,9896,4395,5501,0.4441188358932902,3474375,351.08882376717867,False,False,False
20242,8098,3120159,서울대입구역,발달상권,관악구,청룡동,61742569,41887797,19854772,0.4739989548746142,4269103,31911216,16540926,2849729,4004738,2166857,6,14,10290428.166666666,True,9896,4395,5501,0.4441188358932902,3487726,352.4379547291835,False,False,False
20243,8099,3120159,서울대입구역,발달상권,관악구,청룡동,62845213,41998867,20846346,0.4963549611945484,3705745,37254668,14932358,2006803,3232339,1713300,6,0,10474202.166666666,True,9896,4395,5501,0.4441188358932902,3435942,347.20513338722714,False,False,False
20244,8100,3120159,서울대입구역,발달상권,관악구,청룡동,60252246,39217972,21034274,0.5363427257278882,4656885,33770346,12246984,2468703,6695663,413665,6,0,10042041.0,True,9896,4395,5501,0.4441188358932902,3544196,358.1443007275667,False,False,True
20251,8101,3120159,서울대입구역,발달상권,관악구,청룡동,54711155,34228837,20482318,0.5983936293248877,1415063,30938213,14102035,2076302,5599281,580261,6,0,9118525.833333334,True,9896,4395,5501,0.4441188358932902,3465363,350.17815278900565,False,False,True
20252,8102,3120159,서울대입구역,발달상권,관악구,청룡동,60358246,38242023,22116223,0.5783225170906884,1832391,35119906,15242753,2875489,4845974,441733,6,0,10059707.666666666,True,9896,4395,5501,0.4441188358932902,3487852,352.45068714632174,False,False,True
20253,8103,3120159,서울대입구역,발달상권,관악구,청룡동,61006910,40063855,20943055,0.522741882926643,3888245,30400547,17329517,4383368,4329554,675679,6,14,10167818.333333334,True,9896,4395,5501,0.4441188358932902,3453379,348.96715844785774,False,False,True
20254,8104,3120159,서울대입구역,발달상권,관악구,청룡동,59732809,39266962,20465847,0.5211976164593533,3661851,26451536,19162538,5230654,4393260,832970,6,0,9955468.166666666,True,9896,4395,5501,0.4441188358932902,3439066,347.5208164915117,False,False,True
20211,8085,3120160,사당역(사당),발달상권,서초구,방배2동,86616052,53358462,33257590,0.6232861434424403,988058,64054990,17025792,1367381,2316501,863330,4,0,21654013.0,True,3973,1867,2106,0.46992197331990937,1873719,471.6131386861314,False,False,False
20212,8086,3120160,사당역(사당),발달상권,서초구,방배2동,110055638,68371091,41684547,0.6096808810612661,1263489,84070923,17933375,1262481,4620861,904509,4,0,27513909.5,True,3973,1867,2106,0.46992197331990937,1866085,469.69166876415807,False,False,False
20213,8087,3120160,사당역(사당),발달상권,서초구,방배2동,87795845,56838350,30957495,0.5446585799904466,947365,64754564,13870145,810226,6459122,954423,4,0,21948961.25,True,3973,1867,2106,0.46992197331990937,1841408,463.4804933299773,False,False,False
20214,8088,3120160,사당역(사당),발달상권,서초구,방배2동,82913313,50984753,31928560,0.6262374165076371,1906527,61075644,15378824,940578,3397252,214488,4,0,20728328.25,True,3973,1867,2106,0.46992197331990937,1992054,501.3979360684621,False,False,False
20221,8089,3120160,사당역(사당),발달상권,서초구,방배2동,128860408,75548152,53312256,0.7056725358417768,7005562,81619585,24156431,11369422,4327839,381569,4,0,32215102.0,True,3973,1867,2106,0.46992197331990937,1934637,486.9461364208407,False,False,False
20222,8090,3120160,사당역(사당),발달상권,서초구,방배2동,160397204,88241057,72156147,0.817716258770563,6389394,99836618,32826623,17260707,3279395,804467,4,0,40099301.0,True,3973,1867,2106,0.46992197331990937,2203154,554.5315882204883,False,False,False
20223,8091,3120160,사당역(사당),발달상권,서초구,방배2동,225659870,138386274,87273596,0.6306521122174299,17239109,134178132,44645217,15775382,12468959,1353071,5,0,45131974.0,True,3973,1867,2106,0.46992197331990937,2139347,538.4714321671281,False,False,False
20224,8092,3120160,사당역(사당),발달상권,서초구,방배2동,190812374,113613144,77199230,0.6794920665165292,8789854,118870929,38203482,9784750,14356930,806429,4,25,47703093.5,True,3654,1683,1971,0.4605911330049261,2235588,611.8193760262726,False,False,False
20231,8093,3120160,사당역(사당),발달상권,서초구,방배2동,135371298,82195858,53175440,0.646935761653586,1885244,89638427,31045935,6657601,5636509,507582,4,0,33842824.5,True,3654,1683,1971,0.4605911330049261,2186438,598.368363437329,False,False,False
20253,8103,3120160,사당역(사당),발달상권,서초구,방배2동,520895536,343050351,177845185,0.5184229792553106,28761146,193696697,179792313,75240564,27589948,15814868,7,0,74413648.0,True,3962,1846,2116,0.4659262998485613,2071210,522.768803634528,False,False,True
20254,8104,3120160,사당역(사당),발달상권,서초구,방배2동,466354703,299715764,166638939,0.5559899044883071,14506393,150908815,163057553,69963539,51771880,16146523,7,0,66622100.428571425,True,3962,1846,2116,0.4659262998485613,2081458,525.3553760726905,False,False,True
20211,8085,3120162,방배동카페골목,발달상권,서초구,방배본동,235505887,154679413,80826474,0.5225418976732217,21087048,137060826,44131349,11151004,8285030,13790630,2,0,117752943.5,True,2276,1065,1211,0.4679261862917399,824573,362.29042179261864,False,False,False
20212,8086,3120162,방배동카페골목,발달상권,서초구,방배본동,205707740,132680310,73027430,0.5504014122366763,15847741,134597619,29937951,16536773,5815165,2972491,2,0,102853870.0,True,2276,1065,1211,0.4679261862917399,803423,352.99780316344464,False,False,False
20213,8087,3120162,방배동카페골목,발달상권,서초구,방배본동,170686929,119475525,51211404,0.42863510329835336,22824609,87440520,26316371,28396781,4626835,1081813,2,0,85343464.5,True,2276,1065,1211,0.4679261862917399,690311,303.3000878734622,False,False,False
20214,8088,3120162,방배동카페골목,발달상권,서초구,방배본동,158171174,100502173,57669001,0.5738084986480839,15335128,93834869,18527312,19372790,10451986,649089,2,0,79085587.0,True,2276,1065,1211,0.4679261862917399,653529,287.13927943760984,False,False,False
20221,8089,3120162,방배동카페골목,발달상권,서초구,방배본동,135952381,88102922,47849459,0.5431086496767951,14266628,67828065,20847386,17871565,14672725,466012,2,0,67976190.5,True,2276,1065,1211,0.4679261862917399,645242,283.4982425307557,False,False,False
20222,8090,3120162,방배동카페골목,발달상권,서초구,방배본동,195991387,123656318,72335069,0.5849686467293972,15773985,99445200,29030922,26107387,12634105,12999788,2,0,97995693.5,True,2276,1065,1211,0.4679261862917399,618446,271.7249560632689,False,False,False
20223,8091,3120162,방배동카페골목,발달상권,서초구,방배본동,260405919,170474002,89931917,0.5275403636033604,12496843,141429351,44078360,34138788,10944934,17317643,2,0,130202959.5,True,2276,1065,1211,0.4679261862917399,582954,256.1309314586995,False,False,False
20211,8085,3120164,내방역,발달상권,서초구,방배4동,243945853,165892117,78053736,0.47050901158853736,16927633,124526622,62783543,27452311,6944742,5311002,3,0,81315284.33333333,True,2972,1379,1593,0.4639973082099596,1204751,405.36709286675637,False,False,False
20212,8086,3120164,내방역,발달상권,서초구,방배4동,251944837,173630471,78314366,0.45104045130419534,17087023,142402221,66903473,15823196,7098450,2630474,3,0,83981612.33333333,True,2972,1379,1593,0.4639973082099596,1321234,444.56056527590846,False,False,False
20213,8087,3120164,내방역,발달상권,서초구,방배4동,213674712,143622525,70052187,0.4877520918115038,20029954,111301514,54452807,18368652,6309341,3212444,3,0,71224904.0,True,2972,1379,1593,0.4639973082099596,1333931,448.8327725437416,False,False,False
20214,8088,3120164,내방역,발달상권,서초구,방배4동,232984898,165819262,67165636,0.4050532802395418,23385438,116378908,56714745,22294128,12978840,1232839,3,0,77661632.66666667,True,2972,1379,1593,0.4639973082099596,1412420,475.2422611036339,False,False,False
20221,8089,3120164,내방역,발달상권,서초구,방배4동,174389359,118542745,55846614,0.4711095056892769,14780066,86546209,46853101,12910852,11321224,1977907,4,0,43597339.75,True,2972,1379,1593,0.4639973082099596,1435873,483.1335800807537,False,False,False
20222,8090,3120164,내방역,발달상권,서초구,방배4동,140329656,90937773,49391883,0.5431393509053714,13031602,73879913,30153596,5960178,15264940,2039427,4,0,35082414.0,True,2972,1379,1593,0.4639973082099596,1410420,474.56931359353973,False,False,False
20223,8091,3120164,내방역,발달상권,서초구,방배4동,51238190,34363066,16875124,0.491083187978628,5485541,26854878,12026059,1329282,3948982,1593448,4,0,12809547.5,True,2972,1379,1593,0.4639973082099596,1392834,468.6520861372813,False,False,False
20224,8092,3120164,내방역,발달상권,서초구,방배4동,16993969,10269829,6724140,0.6547470264597395,2078411,6728646,5013534,1710042,1407011,56325,4,0,4248492.25,True,2784,1337,1447,0.4802442528735632,1405474,504.8397988505747,False,False,False
20211,8085,3120166,방배역,발달상권,서초구,방배1동,463724326,292563189,171161137,0.5850398937236085,34263583,309395877,64357782,21855571,28143864,5707649,7,0,66246332.28571428,True,3076,1493,1583,0.485370611183355,956734,311.03185955786734,False,False,False
20212,8086,3120166,방배역,발달상권,서초구,방배1동,555094503,371295780,183798723,0.4950196929251391,59100057,335383527,78683028,27714754,48976888,5236249,7,0,79299214.71428572,True,3076,1493,1583,0.485370611183355,957220,311.1898569570871,False,False,False
20213,8087,3120166,방배역,발달상권,서초구,방배1동,524312261,352136916,172175345,0.48894432016891975,55969570,303522290,73075730,49217958,40900588,1626125,7,0,74901751.57142857,True,3076,1493,1583,0.485370611183355,878597,285.62971391417426,False,False,False
20214,8088,3120166,방배역,발달상권,서초구,방배1동,489109786,329872888,159236898,0.48272199320606185,79805156,244329934,62579761,51139347,46575738,4679850,7,0,69872826.57142857,True,3076,1493,1583,0.485370611183355,925994,301.0383615084525,False,False,False
20221,8089,3120166,방배역,발달상권,서초구,방배1동,429900246,294992459,134907787,0.4573262227018488,46276360,201617804,104772922,33656020,41147668,2429472,8,0,53737530.75,True,3076,1493,1583,0.485370611183355,916008,297.7919375812744,False,False,False
20222,8090,3120166,방배역,발달상권,서초구,방배1동,481085287,338940261,142145026,0.41938076515495454,80542713,210641484,95860762,41725099,48895711,3419518,8,0,60135660.875,True,3076,1493,1583,0.485370611183355,921776,299.667100130039,False,False,False
20223,8091,3120166,방배역,발달상권,서초구,방배1동,351940607,233565100,118375507,0.5068201841799138,42502570,151401335,79402550,39171997,36919008,2543147,8,0,43992575.875,True,3076,1493,1583,0.485370611183355,906511,294.7044863459038,False,False,False
20224,8092,3120166,방배역,발달상권,서초구,방배1동,412693643,296565123,116128520,0.3915784797121946,75885123,164210434,67179556,39954141,60153116,5311273,8,0,51586705.375,True,3039,1480,1559,0.4870023033892728,916393,301.54425797959857,False,False,False
20231,8093,3120166,방배역,발달상권,서초구,방배1동,354731607,244767266,109964341,0.4492608133311421,33614224,158394396,84991215,26214512,48645757,2871503,8,0,44341450.875,True,3039,1480,1559,0.4870023033892728,995752,327.6577821651859,False,False,False
20232,8094,3120166,방배역,발달상권,서초구,방배1동,330933331,233738437,97194894,0.4158276030570017,45901897,140636537,68604101,34204796,39241437,2344563,6,33,55155555.166666664,True,3039,1480,1559,0.4870023033892728,910133,299.4843698585061,False,False,False
20233,8095,3120166,방배역,발달상권,서초구,방배1동,339307384,216034669,123272715,0.5706154274710417,38457803,144802084,91543529,19314868,43090515,2098585,4,50,84826846.0,True,3039,1480,1559,0.4870023033892728,893084,293.8743007568279,False,False,False
20234,8096,3120166,방배역,발달상권,서초구,방배1동,395466458,286771590,108694868,0.37902941501283305,66745753,172174342,77356367,33239538,44797665,1152793,4,0,98866614.5,True,2702,1273,1429,0.47113249444855665,1024155,379.0358993338268,False,False,False
20241,8097,3120166,방배역,발달상권,서초구,방배1동,150712173,98364881,52347292,0.5321746081307209,17583588,49231598,56677268,12440257,13034911,1744551,4,0,37678043.25,True,2702,1273,1429,0.47113249444855665,1040370,385.03700962250184,False,False,False
20242,8098,3120166,방배역,발달상권,서초구,방배1동,111311615,74196756,37114859,0.500222125614225,22385002,46091392,15863249,9791753,14897599,2282620,3,25,37103871.666666664,True,2702,1273,1429,0.47113249444855665,1090254,403.4988897113249,False,False,False
20243,8099,3120166,방배역,발달상권,서초구,방배1동,118025311,82408709,35616602,0.4321946361275967,18336356,41768506,20952600,26942044,6910193,3115612,2,33,59012655.5,True,2702,1273,1429,0.47113249444855665,1112694,411.8038490007402,False,False,False
20244,8100,3120166,방배역,발달상권,서초구,방배1동,120993361,96777009,24216352,0.2502283574397303,29394093,39278733,17790543,19697296,12830240,2002456,2,0,60496680.5,True,2702,1273,1429,0.47113249444855665,1163076,430.4500370096225,False,False,True
20251,8101,3120166,방배역,발달상권,서초구,방배1동,79328291,53648141,25680150,0.4786773506280488,9428469,28426849,18814045,10141431,9243046,1313232,2,0,39664145.5,True,2702,1273,1429,0.47113249444855665,1128091,417.5022205773501,False,False,True
20211,8085,3120167,고속터미널(고속터미널역),발달상권,서초구,반포4동,736498100,493071857,243426243,0.49369324073995974,112328841,399275271,66371191,38052073,114597542,5873182,2,33,368249050.0,True,304,147,157,0.48355263157894735,539671,1775.233552631579,False,False,False
20212,8086,3120167,고속터미널(고속터미널역),발달상권,서초구,반포4동,802161096,503790868,298370228,0.5922501715533279,126481222,413781914,99533761,49526100,98000534,14837565,2,0,401080548.0,True,304,147,157,0.48355263157894735,559354,1839.9802631578948,False,False,False
20213,8087,3120167,고속터미널(고속터미널역),발달상권,서초구,반포4동,569148561,369265899,199882662,0.5412973755261381,161766778,229340864,57089204,34840285,73780825,12330605,2,0,284574280.5,True,304,147,157,0.48355263157894735,530640,1745.5263157894738,False,False,False
20211,8085,3120173,교대역(법원.검찰청),발달상권,서초구,서초1동,95471139,61941962,33529177,0.541299886496976,5548601,53189674,13607452,6470351,16541224,113837,2,0,47735569.5,True,5359,2576,2783,0.48068669527896996,3944788,736.1052435155813,False,False,False
20212,8086,3120173,교대역(법원.검찰청),발달상권,서초구,서초1동,129256249,95608632,33647617,0.35193074407758496,7229883,58332808,22107192,8125552,26806207,6654607,2,0,64628124.5,True,5359,2576,2783,0.48068669527896996,4216052,786.7236424706102,False,False,False
20213,8087,3120173,교대역(법원.검찰청),발달상권,서초구,서초1동,161004031,131303977,29700054,0.22619310304668075,8160914,50568523,63082324,8890698,20016564,395349,2,0,80502015.5,True,5359,2576,2783,0.48068669527896996,4021640,750.4459787273745,False,False,False
20214,8088,3120173,교대역(법원.검찰청),발달상권,서초구,서초1동,98783454,71609896,27173558,0.37946651954361166,9591915,39664294,26020813,18092397,3843735,1570300,2,0,49391727.0,True,5359,2576,2783,0.48068669527896996,4112738,767.4450457174846,False,False,False
20221,8089,3120173,교대역(법원.검찰청),발달상권,서초구,서초1동,81249291,56346091,24903200,0.4419685475608237,1914437,37939248,22805647,8771257,5094394,2682740,2,0,40624645.5,True,5359,2576,2783,0.48068669527896996,3926887,732.764881507744,False,False,False
20222,8090,3120173,교대역(법원.검찰청),발달상권,서초구,서초1동,98539154,70270091,28269063,0.402291538230682,6075417,45640449,30284131,7155038,5755257,3628862,2,0,49269577.0,True,5359,2576,2783,0.48068669527896996,4238538,790.9195745474902,False,False,False
20223,8091,3120173,교대역(법원.검찰청),발달상권,서초구,서초1동,96719685,69226622,27493063,0.39714581191033704,8306108,44583207,21171435,14930604,6624409,745753,2,0,48359842.5,True,5359,2576,2783,0.48068669527896996,4232048,789.7085277103937,False,False,False
20224,8092,3120173,교대역(법원.검찰청),발달상권,서초구,서초1동,95326690,64841890,30484800,0.47014052181390764,5999169,39864451,20264832,20519143,8004582,674513,2,0,47663345.0,True,4041,1902,2139,0.4706755753526355,4342228,1074.5429349170997,False,False,False
20231,8093,3120173,교대역(법원.검찰청),발달상권,서초구,서초1동,91159246,66470504,24688742,0.3714240229019476,4437530,34922460,34495196,8728649,7841988,733423,2,0,45579623.0,True,4041,1902,2139,0.4706755753526355,4528511,1120.641177926256,False,False,False
20232,8094,3120173,교대역(법원.검찰청),발달상권,서초구,서초1동,54618903,36465296,18153607,0.497832432239135,3083226,24185279,18419354,4592656,3859173,479215,2,0,27309451.5,True,4041,1902,2139,0.4706755753526355,4478245,1108.2021776787924,False,False,False
20233,8095,3120173,교대역(법원.검찰청),발달상권,서초구,서초1동,52215899,37245797,14970102,0.40192728323144755,4048638,19025493,17941316,4943990,5006053,1250409,2,0,26107949.5,True,4041,1902,2139,0.4706755753526355,4537295,1122.8148973026478,False,False,False
20234,8096,3120173,교대역(법원.검찰청),발달상권,서초구,서초1동,69510051,30648951,38861100,1.2679422535538003,2323477,13471670,13018502,38434984,1998693,262725,2,0,34755025.5,True,5256,2515,2741,0.4785007610350076,4502521,856.6440258751902,False,False,False
20241,8097,3120173,교대역(법원.검찰청),발달상권,서초구,서초1동,21128282,15643652,5484630,0.35059780158750653,713160,9147796,4715682,3413774,915792,2222078,2,33,10564141.0,True,5256,2515,2741,0.4785007610350076,4462164,848.9657534246576,False,False,False
20243,8099,3120173,교대역(법원.검찰청),발달상권,서초구,서초1동,58457849,42081439,16376410,0.38915993343288474,2494966,24442532,18074457,4446447,7047363,1952084,3,0,19485949.666666668,True,5256,2515,2741,0.4785007610350076,4474387,851.2912861491628,False,False,False
20244,8100,3120173,교대역(법원.검찰청),발달상권,서초구,서초1동,42267876,29160645,13107231,0.4494835762377684,1373913,14798771,16751335,2733612,5890384,719861,3,0,14089292.0,True,5256,2515,2741,0.4785007610350076,4442724,845.2671232876712,False,False,True
20251,8101,3120173,교대역(법원.검찰청),발달상권,서초구,서초1동,27427993,19881905,7546088,0.3795455214175905,532403,13701684,8033620,2588107,1840551,731628,3,0,9142664.333333334,True,5256,2515,2741,0.4785007610350076,4337575,825.261605783866,False,False,True
20252,8102,3120173,교대역(법원.검찰청),발달상권,서초구,서초1동,19185552,12607482,6578070,0.5217592220238744,519073,9618972,5433088,1743516,1530610,340293,3,0,6395184.0,True,5256,2515,2741,0.4785007610350076,4376356,832.6400304414003,False,False,True
20253,8103,3120173,교대역(법원.검찰청),발달상권,서초구,서초1동,18880958,13883485,4997473,0.3599581085008555,691658,7868775,7272508,1385004,1502287,160726,3,0,6293652.666666667,True,5256,2515,2741,0.4785007610350076,4504670,857.052891933029,False,False,True
20254,8104,3120173,교대역(법원.검찰청),발달상권,서초구,서초1동,2682752,1762674,920078,0.5219785394236257,14660,1236313,972436,224785,219898,14660,3,0,894250.6666666666,True,5256,2515,2741,0.4785007610350076,4317152,821.3759512937595,False,False,True
20211,8085,3120175,남부터미널역,발달상권,서초구,서초1동,371053769,241330651,129723118,0.5375327065271953,27569052,221060202,60867040,32560476,26835730,2161269,3,0,123684589.66666667,True,4099,1851,2248,0.451573554525494,1404219,342.5759941449134,False,False,False
20243,8099,3120175,남부터미널역,발달상권,서초구,서초1동,4994168,3099655,1894513,0.6112012465903464,968642,334622,2364996,0,1310812,15096,3,33,1664722.6666666667,True,3906,1750,2156,0.44802867383512546,1345601,344.4959037378392,False,False,False
20211,8085,3120178,신사역,발달상권,서초구,잠원동,897041053,609475618,287565435,0.47182434622019614,55003314,602471099,141518384,35276161,47154645,15617450,2,0,448520526.5,True,3757,1859,1898,0.49480968858131485,3112829,828.5411232366249,False,False,False
20212,8086,3120178,신사역,발달상권,서초구,잠원동,997280611,674095234,323185377,0.4794357839948769,38838671,681563869,175788221,43555241,51562936,5971673,2,0,498640305.5,True,3757,1859,1898,0.49480968858131485,3153780,839.44104338568,False,False,False
20213,8087,3120178,신사역,발달상권,서초구,잠원동,495205972,338417032,156788940,0.4633009723931389,40061790,302433148,103755996,20728798,25143551,3082689,2,33,247602986.0,True,3757,1859,1898,0.49480968858131485,3090776,822.6712802768166,False,False,False
20214,8088,3120178,신사역,발달상권,서초구,잠원동,705675029,485927890,219747139,0.45222170515876337,88993577,404247954,126160503,34814794,37926777,13531424,2,0,352837514.5,True,3757,1859,1898,0.49480968858131485,3375413,898.4330582911898,False,False,False
20221,8089,3120178,신사역,발달상권,서초구,잠원동,947023186,635053490,311969696,0.4912494788431129,69448177,603428777,166120472,41251168,56340612,10433980,2,0,473511593.0,True,3757,1859,1898,0.49480968858131485,3389512,902.1857865318073,False,False,False
20222,8090,3120178,신사역,발달상권,서초구,잠원동,1282269554,849250982,433018572,0.5098829217485674,101411642,735662824,254914909,73984056,93341515,22954608,2,0,641134777.0,True,3757,1859,1898,0.49480968858131485,3737918,994.9209475645462,False,False,False
20223,8091,3120178,신사역,발달상권,서초구,잠원동,1353395256,899365774,454029482,0.504832955762446,151526086,724516997,281089135,68655641,111138900,16468497,2,0,676697628.0,True,3757,1859,1898,0.49480968858131485,3640495,968.9898855469789,False,False,False
20224,8092,3120178,신사역,발달상권,서초구,잠원동,1357388567,884454187,472934380,0.5347189113368966,146611294,731937677,252228637,76344838,131242567,19023554,2,0,678694283.5,True,4060,1950,2110,0.4802955665024631,3443976,848.2699507389162,False,False,False
20231,8093,3120178,신사역,발달상권,서초구,잠원동,1350171899,947470003,402701896,0.4250286496933033,53031814,704169075,301411488,72561072,142673954,61152670,2,0,675085949.5,True,4060,1950,2110,0.4802955665024631,3389749,834.9135467980295,False,False,False
20232,8094,3120178,신사역,발달상권,서초구,잠원동,1327662556,878614785,449047771,0.5110860625911274,79717390,675841607,350065433,61815899,136544038,23678189,2,0,663831278.0,True,4060,1950,2110,0.4802955665024631,3289468,810.2137931034483,False,False,False
20233,8095,3120178,신사역,발달상권,서초구,잠원동,1358781397,917850673,440930724,0.4803948365138912,73288512,759409512,292082227,80636937,138267077,15097132,2,0,679390698.5,True,4060,1950,2110,0.4802955665024631,3297121,812.0987684729064,False,False,False
20234,8096,3120178,신사역,발달상권,서초구,잠원동,1347820686,926888013,420932673,0.45413541560171194,76002481,686365677,386200571,76513714,98923285,23814958,2,0,673910343.0,True,3250,1587,1663,0.48830769230769233,3326778,1023.624,False,False,False
20241,8097,3120178,신사역,발달상권,서초구,잠원동,1318696546,916601711,402094835,0.438679996092654,56244572,653831645,400624244,83264259,95128412,29603414,2,0,659348273.0,True,3250,1587,1663,0.48830769230769233,3342742,1028.536,False,False,False
20242,8098,3120178,신사역,발달상권,서초구,잠원동,1292984024,857035967,435948057,0.5086695002148025,51886712,623819375,349150897,116599080,123358250,27206307,2,0,646492012.0,True,3250,1587,1663,0.48830769230769233,3299112,1015.1113846153846,False,False,False
20243,8099,3120178,신사역,발달상권,서초구,잠원동,1354798423,910468117,444330306,0.488024015013367,116330431,640619968,334574915,119448292,125727351,18097466,2,0,677399211.5,True,3250,1587,1663,0.48830769230769233,3277357,1008.4175384615385,False,False,False
20244,8100,3120178,신사역,발달상권,서초구,잠원동,1282536630,876519495,406017135,0.4632151792585058,79327024,569261241,357546640,129009502,120612718,26779505,2,0,641268315.0,True,3250,1587,1663,0.48830769230769233,3309328,1018.2547692307693,False,False,True
20251,8101,3120178,신사역,발달상권,서초구,잠원동,1330744095,860735850,470008245,0.5460539897344813,87776614,624028644,343293191,128449877,123514009,23681760,2,0,665372047.5,True,3250,1587,1663,0.48830769230769233,3288074,1011.7150769230769,False,False,True
20252,8102,3120178,신사역,발달상권,서초구,잠원동,1167851674,784101137,383750537,0.48941459065885784,75703340,535602075,319915058,105209864,122213024,7921806,2,0,583925837.0,True,3250,1587,1663,0.48830769230769233,3187667,980.8206153846154,False,False,True
20253,8103,3120178,신사역,발달상권,서초구,잠원동,1291173277,893659050,397514227,0.44481642859209003,82972484,565743301,303636498,149043577,169656198,20121219,3,0,430391092.3333333,True,3250,1587,1663,0.48830769230769233,3256460,1001.9876923076923,False,False,True
20254,8104,3120178,신사역,발달상권,서초구,잠원동,1102105405,731183629,370921776,0.5072894978615556,67897136,506035365,279447470,119832073,105652672,21644073,2,33,551052702.5,True,3250,1587,1663,0.48830769230769233,3118683,959.5947692307692,False,False,True
20211,8085,3120184,포이사거리(삼호물산),발달상권,서초구,양재2동,155303543,94820405,60483138,0.6378704878976208,10439644,94452180,25138692,8758164,10790387,5724476,6,0,25883923.833333332,True,5782,2984,2798,0.5160843998616396,1975643,341.68851608439985,False,False,False
20212,8086,3120184,포이사거리(삼호물산),발달상권,서초구,양재2동,178106114,107920914,70185200,0.6503391919012101,14662880,101866847,38098075,11530299,8541329,3406684,6,0,29684352.333333332,True,5782,2984,2798,0.5160843998616396,1989847,344.145105499827,False,False,False
20213,8087,3120184,포이사거리(삼호물산),발달상권,서초구,양재2동,156717473,99609814,57107659,0.5733135793226157,20358061,85377767,29772062,9687688,7282779,4239116,5,40,31343494.6,True,5782,2984,2798,0.5160843998616396,1968108,340.38533379453474,False,False,False
20214,8088,3120184,포이사거리(삼호물산),발달상권,서초구,양재2동,157840962,100991959,56849003,0.5629062309802308,22503494,74490392,39794732,11249342,7519346,2283656,5,0,31568192.4,True,5782,2984,2798,0.5160843998616396,2077563,359.31563472846767,False,False,False
20221,8089,3120184,포이사거리(삼호물산),발달상권,서초구,양재2동,125297518,76623175,48674343,0.6352430971439124,12176638,60056816,34313140,9514908,7871476,1364540,5,0,25059503.6,True,5782,2984,2798,0.5160843998616396,2084110,360.4479418886199,False,False,False
20222,8090,3120184,포이사거리(삼호물산),발달상권,서초구,양재2동,181514935,115339386,66175549,0.5737463263416367,14088981,94274776,42911889,14384086,11511768,4343435,5,0,36302987.0,True,5782,2984,2798,0.5160843998616396,2107937,364.5688343133864,False,False,False
20223,8091,3120184,포이사거리(삼호물산),발달상권,서초구,양재2동,190147888,120033670,70114218,0.5841212553111139,18522639,99468416,42723452,11936431,12199116,5297834,5,0,38029577.6,True,5782,2984,2798,0.5160843998616396,2027654,350.6838464199239,False,False,False
20224,8092,3120184,포이사거리(삼호물산),발달상권,서초구,양재2동,194052807,121847929,72204878,0.5925819059263617,16606551,93681067,42045745,21193352,17329956,3196136,5,0,38810561.4,True,5580,2936,2644,0.5261648745519714,1976695,354.2464157706093,False,False,False
20231,8093,3120184,포이사거리(삼호물산),발달상권,서초구,양재2동,210042853,138463626,71579227,0.516953289956454,8869359,91786799,67457470,26559921,10171700,5197604,5,0,42008570.6,True,5580,2936,2644,0.5261648745519714,1977033,354.30698924731183,False,False,False
20232,8094,3120184,포이사거리(삼호물산),발달상권,서초구,양재2동,234793596,151741510,83052086,0.547326081044007,9554643,98840869,67502646,30127267,21619360,7148811,5,0,46958719.2,True,5580,2936,2644,0.5261648745519714,1944005,348.3879928315412,False,False,False
20233,8095,3120184,포이사거리(삼호물산),발달상권,서초구,양재2동,247830609,159317010,88513599,0.5555815979724952,17084881,99453004,75188200,31112949,20196194,4795381,5,0,49566121.8,True,5580,2936,2644,0.5261648745519714,1988013,356.2747311827957,False,False,False
20234,8096,3120184,포이사거리(삼호물산),발달상권,서초구,양재2동,225072722,141722752,83349970,0.5881198948211223,22436776,100168297,60644495,21353758,17052816,3416580,5,0,45014544.4,True,5549,2838,2711,0.5114435033339341,1954106,352.1546224544963,False,False,False
20241,8097,3120184,포이사거리(삼호물산),발달상권,서초구,양재2동,212085580,139082256,73003324,0.5248931538757898,14784856,85117042,60774090,27677221,17497481,6234890,4,25,53021395.0,True,5549,2838,2711,0.5114435033339341,1931011,347.99261128131195,False,False,False
20242,8098,3120184,포이사거리(삼호물산),발달상권,서초구,양재2동,191970993,118654418,73316575,0.6179000852711611,11419151,74061606,58779668,28080124,16523506,3106938,4,0,47992748.25,True,5549,2838,2711,0.5114435033339341,1768675,318.73761038024867,False,False,False
20243,8099,3120184,포이사거리(삼호물산),발달상권,서초구,양재2동,201525038,129264336,72260702,0.5590149938959188,13485827,94755178,52972730,25580512,11614950,3115841,4,0,50381259.5,True,5549,2838,2711,0.5114435033339341,1682677,303.23968282573435,False,False,False
20244,8100,3120184,포이사거리(삼호물산),발달상권,서초구,양재2동,209460106,138537586,70922520,0.5119370276886447,24058390,82562132,53832165,24910621,20329295,3767503,3,33,69820035.33333333,True,5549,2838,2711,0.5114435033339341,1655366,298.31789511623714,False,False,True
20251,8101,3120184,포이사거리(삼호물산),발달상권,서초구,양재2동,177074399,117839156,59235243,0.502678778520783,10917554,71206221,54608819,15517117,21010019,3814669,3,0,59024799.666666664,True,5549,2838,2711,0.5114435033339341,1640827,295.6977833843936,False,False,True
20252,8102,3120184,포이사거리(삼호물산),발달상권,서초구,양재2동,133349758,87352094,45997664,0.526577691428897,9150513,50424619,39778520,13209014,15436640,5350452,3,0,44449919.333333336,True,5549,2838,2711,0.5114435033339341,1618083,291.599026851685,False,False,True
20253,8103,3120184,포이사거리(삼호물산),발달상권,서초구,양재2동,177669801,115730188,61939613,0.5352070541871063,11165671,62638947,66147438,16227970,18738621,2751154,3,0,59223267.0,True,5549,2838,2711,0.5114435033339341,1613248,290.72769868444766,False,False,True
20211,8085,3120185,논현역,발달상권,강남구,논현1동,499918117,315203480,184714637,0.5860171245571274,4404596,355151813,64976719,35322436,27598331,12464222,6,0,83319686.16666667,True,3722,1809,1913,0.4860290166577109,2679506,719.9102632993015,False,False,False
20212,8086,3120185,논현역,발달상권,강남구,논현1동,633405227,390067339,243337888,0.6238355885520577,13228066,389546215,148057258,52740936,22558386,7274366,6,17,105567537.83333333,True,3722,1809,1913,0.4860290166577109,2708156,727.6077377753895,False,False,False
20213,8087,3120185,논현역,발달상권,강남구,논현1동,694655530,411355034,283300496,0.6887006906058672,29794631,416787279,172695896,50937883,20362227,4077614,6,0,115775921.66666667,True,3722,1809,1913,0.4860290166577109,2529139,679.5107469102633,False,False,False
20214,8088,3120185,논현역,발달상권,강남구,논현1동,637345805,385148755,252197050,0.6548042716638147,17526471,355431321,171343472,70472282,17674922,4897337,6,17,106224300.83333333,True,3722,1809,1913,0.4860290166577109,2603152,699.3960236432026,False,False,False
20221,8089,3120185,논현역,발달상권,강남구,논현1동,535340494,320379058,214961436,0.6709596979962404,4031428,256806154,196534803,50493193,14218971,13255945,6,17,89223415.66666667,True,3722,1809,1913,0.4860290166577109,2520855,677.285061794734,False,False,False
20222,8090,3120185,논현역,발달상권,강남구,논현1동,812387464,516815491,295571973,0.5719100494222609,5332631,355608693,356101265,50913421,39255875,5175579,6,0,135397910.66666666,True,3722,1809,1913,0.4860290166577109,2639492,709.15959161741,False,False,False
20223,8091,3120185,논현역,발달상권,강남구,논현1동,960516109,633647943,326868166,0.5158513802671651,12435668,443250877,357507594,103276006,37121396,6924568,6,0,160086018.16666666,True,3722,1809,1913,0.4860290166577109,2673150,718.2025792584632,False,False,False
20224,8092,3120185,논현역,발달상권,강남구,논현1동,903292051,564773478,338518573,0.5993882258755784,13967283,484834101,248528382,61125696,79002175,15834414,6,0,150548675.16666666,True,3906,1889,2017,0.4836149513568868,2605545,667.0622119815669,False,False,False
20231,8093,3120185,논현역,발달상권,강남구,논현1동,986493948,659097517,327396431,0.4967344323950776,7731907,419616310,336685939,121027797,46908757,54523238,6,0,164415658.0,True,3906,1889,2017,0.4836149513568868,2542310,650.8730158730159,False,False,False
20232,8094,3120185,논현역,발달상권,강남구,논현1동,860766636,566693797,294072839,0.5189272241142954,11529686,332450190,372242815,80603149,44270808,19669988,5,20,172153327.2,True,3906,1889,2017,0.4836149513568868,2465595,631.2327188940092,False,False,False
20233,8095,3120185,논현역,발달상권,강남구,논현1동,1190471732,789905869,400565863,0.5071058194656862,27554233,478529003,484355289,111361686,65357183,23314338,4,50,297617933.0,True,3906,1889,2017,0.4836149513568868,2478888,634.6359447004609,False,False,False
20234,8096,3120185,논현역,발달상권,강남구,논현1동,1212000000,732494512,479505488,0.6546199051932282,15012029,476149648,509844483,81931948,36370680,19658195,4,0,303000000.0,True,3366,1701,1665,0.5053475935828877,2486804,738.8009506833037,False,False,False
20241,8097,3120185,논현역,발달상권,강남구,논현1동,1212000000,831641166,380358834,0.457359314990908,11317068,488910439,550527015,86261407,62784525,12199546,3,33,404000000.0,True,3366,1701,1665,0.5053475935828877,2508525,745.2540106951872,False,False,False
20242,8098,3120185,논현역,발달상권,강남구,논현1동,1055168529,742156639,313011890,0.4217598732550043,12431041,389831684,488981468,102687993,54746430,6489913,3,0,351722843.0,True,3366,1701,1665,0.5053475935828877,2494482,741.0819964349377,False,False,False
20243,8099,3120185,논현역,발달상권,강남구,논현1동,1009195108,679978301,329216807,0.4841578128535016,19701015,413480246,381130556,98951068,63989747,31942476,3,33,336398369.3333333,True,3366,1701,1665,0.5053475935828877,2482884,737.6363636363636,False,False,False
20244,8100,3120185,논현역,발달상권,강남구,논현1동,979048252,638987712,340060540,0.5321863529043889,24150940,358999867,383648162,114097693,75188447,22963143,3,0,326349417.3333333,True,3366,1701,1665,0.5053475935828877,2501115,743.0525846702317,False,False,True
20251,8101,3120185,논현역,발달상권,강남구,논현1동,918833065,630235630,288597435,0.45791989735648553,4390318,247644883,460686774,119331129,62042328,24737633,3,0,306277688.3333333,True,3366,1701,1665,0.5053475935828877,2476397,735.7091503267974,False,False,True
20252,8102,3120185,논현역,발달상권,강남구,논현1동,961729693,655556706,306172987,0.46704271987113194,606792,232174520,445311746,227612084,31668593,24355958,3,0,320576564.3333333,True,3366,1701,1665,0.5053475935828877,2416485,717.909982174688,False,False,True
20253,8103,3120185,논현역,발달상권,강남구,논현1동,926507199,630828145,295679054,0.4687156975217078,3505952,347046429,431223369,87691661,39233417,17806371,3,0,308835733.0,True,3366,1701,1665,0.5053475935828877,2429932,721.9049316696376,False,False,True
20254,8104,3120185,논현역,발달상권,강남구,논현1동,883831872,598254121,285577751,0.4773519161433407,6083261,288522904,397433840,87811024,78246142,25734701,3,0,294610624.0,True,3366,1701,1665,0.5053475935828877,2367873,703.4679144385027,False,False,True
20211,8085,3120187,신논현역,발달상권,강남구,논현1동,286295780,193895980,92399800,0.4765431444220762,12244416,180728803,54241051,12123805,17190876,9766829,6,14,47715963.333333336,True,5512,2640,2872,0.47895500725689405,3318522,602.0540638606676,False,False,False
20212,8086,3120187,신논현역,발달상권,강남구,논현1동,385230847,250068530,135162317,0.540501105836868,16758241,234584239,82914886,19621385,19598468,11753628,7,0,55032978.14285714,True,5512,2640,2872,0.47895500725689405,3291783,597.2030116110304,False,False,False
20213,8087,3120187,신논현역,발달상권,강남구,논현1동,297479663,200809708,96669955,0.48140080458659895,16884222,181344210,53676328,17974959,16145402,11454542,7,13,42497094.71428572,True,5512,2640,2872,0.47895500725689405,3084225,559.547351233672,False,False,False
20214,8088,3120187,신논현역,발달상권,강남구,논현1동,304369809,193725012,110644797,0.5711435805718262,18613945,179813602,64794970,15791114,20026288,5329890,6,14,50728301.5,True,5512,2640,2872,0.47895500725689405,3304004,599.4201741654572,False,False,False
20221,8089,3120187,신논현역,발달상권,강남구,논현1동,223049579,149402855,73646724,0.49294053985782266,7799864,117880837,68170712,7219301,18558100,3420765,7,0,31864225.57142857,True,5512,2640,2872,0.47895500725689405,3264548,592.2619738751814,False,False,False
20222,8090,3120187,신논현역,발달상권,강남구,논현1동,258209076,169358964,88850112,0.5246259772821945,11718641,144860004,60920308,19767234,14938246,6004643,7,0,36887010.85714286,True,5512,2640,2872,0.47895500725689405,3688150,669.1128447024673,False,False,False
20223,8091,3120187,신논현역,발달상권,강남구,논현1동,327737882,220005686,107732196,0.4896791440199414,19870618,176180325,80502460,16312463,31121784,3750232,7,0,46819697.428571425,True,5512,2640,2872,0.47895500725689405,3670314,665.8769956458635,False,False,False
20224,8092,3120187,신논현역,발달상권,강남구,논현1동,226663748,152759673,73904075,0.4837930950532998,15732771,115570691,40989825,18788459,33544054,2037948,8,0,28332968.5,True,5248,2505,2743,0.4773246951219512,3704371,705.8633765243902,False,False,False
20231,8093,3120187,신논현역,발달상권,강남구,논현1동,199606347,137633051,61973296,0.4502791702263434,8294046,86674557,67928272,11100266,21667529,3941677,8,0,24950793.375,True,5248,2505,2743,0.4773246951219512,3813098,726.5811737804878,False,False,False
20232,8094,3120187,신논현역,발달상권,강남구,논현1동,266183373,172705594,93477779,0.5412550736486277,11661037,130397126,87508931,14199591,17050145,5366543,9,0,29575930.333333332,True,5248,2505,2743,0.4773246951219512,3698396,704.7248475609756,False,False,False
20233,8095,3120187,신논현역,발달상권,강남구,논현1동,345276889,216956621,128320268,0.5914558744902282,23416609,164017387,93795652,28762652,29926697,5357892,9,0,38364098.777777776,True,5248,2505,2743,0.4773246951219512,3693597,703.8104039634146,False,False,False
20234,8096,3120187,신논현역,발달상권,강남구,논현1동,315443798,207079220,108364578,0.5233001070797929,22127306,154661626,70585180,34436660,22753225,10879801,8,11,39430474.75,True,5133,2501,2632,0.48723943113189166,3660727,713.1749464250926,False,False,False
20241,8097,3120187,신논현역,발달상권,강남구,논현1동,283482452,185530835,97951617,0.5279533022098456,10162531,122548723,86187681,29417924,26704817,8460776,9,0,31498050.222222224,True,5133,2501,2632,0.48723943113189166,3762609,733.0233781414378,False,False,False
20242,8098,3120187,신논현역,발달상권,강남구,논현1동,269814668,183459121,86355547,0.47070729724034815,11920478,121473460,78270887,24595582,27500427,6053834,9,0,29979407.555555556,True,5133,2501,2632,0.48723943113189166,3650374,711.1579972725501,False,False,False
20243,8099,3120187,신논현역,발달상권,강남구,논현1동,313026030,204434625,108591405,0.531179123888627,26908810,132218327,86516923,23346280,26972876,17062814,9,10,34780670.0,True,5133,2501,2632,0.48723943113189166,3657104,712.4691213715176,False,False,False
20244,8100,3120187,신논현역,발달상권,강남구,논현1동,301809371,187576095,114233276,0.6089969833309516,17851313,130856697,102676678,22157326,22298478,5968879,9,10,33534374.555555556,True,5133,2501,2632,0.48723943113189166,3667490,714.4924995129554,False,False,True
20251,8101,3120187,신논현역,발달상권,강남구,논현1동,278404607,179407467,98997140,0.5518005557706246,12992823,118015253,100972035,24156535,19115566,3152395,8,11,34800575.875,True,5133,2501,2632,0.48723943113189166,3667658,714.5252289109683,False,False,True
20252,8102,3120187,신논현역,발달상권,강남구,논현1동,229075091,146371986,82703105,0.5650200373724519,11925443,90525860,79503209,24179407,20441315,2499857,8,0,28634386.375,True,5133,2501,2632,0.48723943113189166,3524343,686.6049094097019,False,False,True
20253,8103,3120187,신논현역,발달상권,강남구,논현1동,242449723,162650997,79798726,0.4906131992538601,19912737,89738683,68841693,38772294,22231585,2952731,8,0,30306215.375,True,5133,2501,2632,0.48723943113189166,3625360,706.28482368985,False,False,True
20254,8104,3120187,신논현역,발달상권,강남구,논현1동,201188954,134200305,66988649,0.4991691263294819,9978617,78952565,61690157,26801261,20956517,2809837,8,0,25148619.25,True,5133,2501,2632,0.48723943113189166,3682419,717.4009351256575,False,False,True
20211,8085,3120188,압구정역,발달상권,강남구,신사동,148891277,100418650,48472627,0.48270542374349784,5310267,108202985,16540981,9940789,7450409,1445846,1,0,148891277.0,True,1129,540,589,0.4782993799822852,1753193,1552.8724534986713,False,False,False
20212,8086,3120188,압구정역,발달상권,강남구,신사동,179922812,129427854,50494958,0.39013980715464847,11816427,119344965,21806349,12416199,11557621,2981251,1,0,179922812.0,True,1129,540,589,0.4782993799822852,1817238,1609.5996457041629,False,False,False
20213,8087,3120188,압구정역,발달상권,강남구,신사동,156432241,108459472,47972769,0.4423105526458768,15416958,96662036,19924708,8692638,13325806,2410095,1,0,156432241.0,True,1129,540,589,0.4782993799822852,1784895,1580.9521700620019,False,False,False
20214,8088,3120188,압구정역,발달상권,강남구,신사동,147647698,108513365,39134333,0.3606406731557905,17438055,95854141,18876178,8363834,5263110,1852380,1,0,147647698.0,True,1129,540,589,0.4782993799822852,1951390,1728.4233835252435,False,False,False
20221,8089,3120188,압구정역,발달상권,강남구,신사동,265151747,180869981,84281766,0.4659798465948863,22781518,148375258,48235205,17817671,21657505,6284590,1,0,265151747.0,True,1129,540,589,0.4782993799822852,2005838,1776.6501328609388,False,False,False
20222,8090,3120188,압구정역,발달상권,강남구,신사동,287945751,206261622,81684129,0.39602194634152543,24531070,148742868,53515937,31757245,21854275,7544356,1,0,287945751.0,True,1129,540,589,0.4782993799822852,2110260,1869.140832595217,False,False,False
20223,8091,3120188,압구정역,발달상권,강남구,신사동,491748508,336943832,154804676,0.45943763113609987,71129489,217027092,74108197,58697603,58277786,12508341,1,0,491748508.0,True,1129,540,589,0.4782993799822852,2025044,1793.6616474756422,False,False,False
20224,8092,3120188,압구정역,발달상권,강남구,신사동,448379541,310082262,138297279,0.44600190319819066,74572527,181373583,72275220,55890982,52772147,11495082,1,0,448379541.0,True,1134,521,613,0.45943562610229277,2037007,1796.3024691358025,False,False,False
20231,8093,3120188,압구정역,발달상권,강남구,신사동,381368738,267509695,113859043,0.42562585628905897,42048134,161248341,64031158,49147512,55543112,9350481,1,0,381368738.0,True,1134,521,613,0.45943562610229277,2026163,1786.7398589065256,False,False,False
20232,8094,3120188,압구정역,발달상권,강남구,신사동,379860775,266024139,113836636,0.42791844540092655,58451314,148451140,71577497,43973055,50543911,6863858,1,0,379860775.0,True,1134,521,613,0.45943562610229277,2040096,1799.026455026455,False,False,False
20233,8095,3120188,압구정역,발달상권,강남구,신사동,428131033,284527996,143603037,0.5047061766111761,67717511,145485985,81225229,65915589,58780399,9006320,1,0,428131033.0,True,1134,521,613,0.45943562610229277,2142469,1889.3024691358025,False,False,False
20234,8096,3120188,압구정역,발달상권,강남구,신사동,366578330,252751125,113827205,0.4503529113866457,75879590,112111307,66805209,52772317,52870910,6138997,1,0,366578330.0,True,1523,730,793,0.479317137229153,2127633,1397.0013131976361,False,False,False
20241,8097,3120188,압구정역,발달상권,강남구,신사동,307591062,224948988,82642074,0.36738139937753356,46229117,102275976,72043769,35549346,44619807,6873047,1,0,307591062.0,True,1523,730,793,0.479317137229153,2081160,1366.4871963230466,False,False,False
20242,8098,3120188,압구정역,발달상권,강남구,신사동,218999210,152617971,66381239,0.4349503440849702,19529005,69693486,60697000,25915783,32733336,10430600,2,33,109499605.0,True,1523,730,793,0.479317137229153,2076365,1363.338804990151,False,False,False
20243,8099,3120188,압구정역,발달상권,강남구,신사동,231132833,153935821,77197012,0.5014882923189139,20567120,76766956,59607128,33082582,35212427,5896620,3,0,77044277.66666667,True,1523,730,793,0.479317137229153,2159873,1418.1700590938935,False,False,False
20244,8100,3120188,압구정역,발달상권,강남구,신사동,190325489,131981029,58344460,0.4420670185864364,26513801,60453161,37592889,26383546,33623828,5758264,3,0,63441829.666666664,True,1523,730,793,0.479317137229153,2141469,1406.086014445174,False,False,True
20251,8101,3120188,압구정역,발달상권,강남구,신사동,176682501,114708354,61974147,0.5402757936880517,15126347,54186269,44321979,23757993,30234174,9055739,3,0,58894167.0,True,1523,730,793,0.479317137229153,2146629,1409.4740643466841,False,False,True
20252,8102,3120188,압구정역,발달상권,강남구,신사동,141495823,99751725,41744098,0.4184799611234793,11705365,37914035,47496424,12197841,27516358,4665800,3,0,47165274.333333336,True,1523,730,793,0.479317137229153,2156030,1415.6467498358502,False,False,True
20253,8103,3120188,압구정역,발달상권,강남구,신사동,652107286,466945817,185161469,0.39653737598424615,102187002,238384705,118121441,87034944,86579759,12389432,3,0,217369095.33333334,True,1523,730,793,0.479317137229153,2187875,1436.5561391989495,False,False,True
20254,8104,3120188,압구정역,발달상권,강남구,신사동,521299228,369056159,152243069,0.4125200603954695,71180252,157186923,91575223,49466473,100117744,11706494,3,0,173766409.33333334,True,1523,730,793,0.479317137229153,2120172,1392.102429415627,False,False,True
20211,8085,3120189,강남역,발달상권,서초구,서초2동,414030363,266915258,147115105,0.5511678354483579,39669966,269461151,65334659,13867873,22398212,3239534,8,0,51753795.375,True,6332,2979,3353,0.4704674668351232,6732637,1063.2717940619077,False,False,False
20212,8086,3120189,강남역,발달상권,서초구,서초2동,555767883,337100572,218667311,0.6486708393956685,40724600,361234347,92893284,21893301,33617960,5404391,6,25,92627980.5,True,6332,2979,3353,0.4704674668351232,7298617,1152.655874921036,False,False,False
20213,8087,3120189,강남역,발달상권,서초구,서초2동,509760702,318217182,191543520,0.6019270197672733,43548613,333357130,78470880,19745119,30892217,3746743,6,0,84960117.0,True,6332,2979,3353,0.4704674668351232,6611014,1044.0641187618446,False,False,False
20214,8088,3120189,강남역,발달상권,서초구,서초2동,570874311,351771318,219102993,0.6228563324767712,55202623,370743832,85552493,27670754,28527021,3177588,6,0,95145718.5,True,6332,2979,3353,0.4704674668351232,6965104,1099.9848389134554,False,False,False
20221,8089,3120189,강남역,발달상권,서초구,서초2동,480383530,302274211,178109319,0.5892309450110516,34276595,302077673,86023155,20861342,34263955,2880810,5,14,96076706.0,True,6332,2979,3353,0.4704674668351232,6802756,1074.3455464308277,False,False,False
20222,8090,3120189,강남역,발달상권,서초구,서초2동,627102250,389109028,237993222,0.6116363406505181,59050269,373180937,125609927,23681333,39925792,5653992,5,0,125420450.0,True,6332,2979,3353,0.4704674668351232,7635959,1205.9316171825647,False,False,False
20223,8091,3120189,강남역,발달상권,서초구,서초2동,722741320,458630701,264110619,0.5758677263081872,82991293,410674154,133646956,32272371,50371065,8238831,5,0,144548264.0,True,6332,2979,3353,0.4704674668351232,7646153,1207.5415350600126,False,False,False
20224,8092,3120189,강남역,발달상권,서초구,서초2동,558803642,335853559,222950083,0.6638312354462798,71924994,296376390,111812082,35279716,38495582,4914878,5,0,111760728.4,True,5924,2776,3148,0.4686022957461175,7583199,1280.080857528697,False,False,False
20231,8093,3120189,강남역,발달상권,서초구,서초2동,637472375,391848998,245623377,0.6268317087798193,35186007,370847247,145344699,33770993,47886098,4437331,5,17,127494475.0,True,5924,2776,3148,0.4686022957461175,7942915,1340.802667116813,False,False,False
20232,8094,3120189,강남역,발달상권,서초구,서초2동,573162699,351225975,221936724,0.6318915450373509,47843046,305639692,127859189,37285582,47887044,6267318,5,0,114632539.8,True,5924,2776,3148,0.4686022957461175,7823728,1320.683322079676,False,False,False
20233,8095,3120189,강남역,발달상권,서초구,서초2동,676924822,415387762,261537060,0.6296214860562022,58969409,379109994,130618779,43013028,58645489,6165182,5,0,135384964.4,True,5924,2776,3148,0.4686022957461175,7984020,1347.7413909520594,False,False,False
20234,8096,3120189,강남역,발달상권,서초구,서초2동,620659217,383679783,236979434,0.6176489992437261,55541632,328884322,131556268,43728688,54913286,5679170,5,17,124131843.4,True,6248,2953,3295,0.47263124199743917,7668004,1227.2733674775927,False,False,False
20241,8097,3120189,강남역,발달상권,서초구,서초2동,627430702,406393940,221036762,0.5438977805623775,42881671,332824824,155851383,35233946,52820018,6763186,5,0,125486140.4,True,6248,2953,3295,0.47263124199743917,7874114,1260.26152368758,False,False,False
20242,8098,3120189,강남역,발달상권,서초구,서초2동,542747481,339537426,203210055,0.5984908862447464,35671184,282874595,139578134,34868137,38778146,10234464,7,0,77535354.42857143,True,6248,2953,3295,0.47263124199743917,7785786,1246.1245198463507,False,False,False
20243,8099,3120189,강남역,발달상권,서초구,서초2동,599287984,385167017,214120967,0.555917193189987,53628282,322631466,114683917,35140257,60986549,11117614,8,0,74910998.0,True,6248,2953,3295,0.47263124199743917,7865215,1258.8372279129321,False,False,False
20244,8100,3120189,강남역,발달상권,서초구,서초2동,546880121,346364298,200515823,0.5789159684119638,46605352,277703404,130271983,36286527,49254756,5324872,8,0,68360015.125,True,6248,2953,3295,0.47263124199743917,7671468,1227.8277848911653,False,False,True
20251,8101,3120189,강남역,발달상권,서초구,서초2동,535996471,340864363,195132108,0.5724626249649923,26264714,276020708,146752852,28255074,50167640,8535483,8,0,66999558.875,True,6248,2953,3295,0.47263124199743917,7866923,1259.110595390525,False,False,True
20252,8102,3120189,강남역,발달상권,서초구,서초2동,407992728,255466854,152525874,0.5970476075929599,29829229,195476558,106314858,28483259,39076233,8812591,9,10,45332525.333333336,True,6248,2953,3295,0.47263124199743917,7708138,1233.6968629961589,False,False,True
20253,8103,3120189,강남역,발달상권,서초구,서초2동,849228568,509293359,339935209,0.6674644445933173,69019272,415161315,188227682,55224835,108305580,13289884,9,10,94358729.77777778,True,6248,2953,3295,0.47263124199743917,8156878,1305.5182458386685,False,False,True
20254,8104,3120189,강남역,발달상권,서초구,서초2동,760233332,470163544,290069788,0.6169550823362009,65448513,337074279,207792487,58428650,82120955,9368448,10,0,76023333.2,True,6248,2953,3295,0.47263124199743917,7453204,1192.894366197183,False,False,True
20211,8085,3120191,학동역,발달상권,강남구,논현1동,648000000,449269086,198730914,0.4423427299869905,1338703,432477302,161625207,15916053,32501591,4141144,3,0,216000000.0,True,4438,2087,2351,0.47025687246507436,2063253,464.9060387561965,False,False,False
20212,8086,3120191,학동역,발달상권,강남구,논현1동,648000000,448996519,199003481,0.44321831590859173,3142762,406583173,195721508,17195692,22782338,2574527,4,17,162000000.0,True,4438,2087,2351,0.47025687246507436,2126077,479.0619648490311,False,False,False
20213,8087,3120191,학동역,발달상권,강남구,논현1동,648000000,405479259,242520741,0.5981088689914963,4407779,424616630,187931649,8225226,20516448,2302268,4,20,162000000.0,True,4438,2087,2351,0.47025687246507436,1894749,426.9375844975214,False,False,False
20214,8088,3120191,학동역,발달상권,강남구,논현1동,648000000,452589743,195410257,0.43176024207866326,6901524,406820253,177956302,23903081,30506196,1912644,4,0,162000000.0,True,4438,2087,2351,0.47025687246507436,1905550,429.37133844073907,False,False,False
20221,8089,3120191,학동역,발달상권,강남구,논현1동,647594219,440741420,206852799,0.46932915676498027,5062552,391395058,186838015,15241853,32481589,16575152,4,0,161898554.75,True,4438,2087,2351,0.47025687246507436,1948293,439.00247859396126,False,False,False
20222,8090,3120191,학동역,발달상권,강남구,논현1동,648000000,449029022,198970978,0.4431138484407362,1947326,450867036,144361753,15530006,23631587,11662292,4,0,162000000.0,True,4438,2087,2351,0.47025687246507436,2094769,472.0074357818837,False,False,False
20223,8091,3120191,학동역,발달상권,강남구,논현1동,648000000,451627119,196372881,0.43481197815315425,12478248,419148565,176337719,19499570,17981242,2554656,4,0,162000000.0,True,4438,2087,2351,0.47025687246507436,2039513,459.5567823343849,False,False,False
20224,8092,3120191,학동역,발달상권,강남구,논현1동,648000000,462614593,185385407,0.4007340231050602,12090441,385966394,188266922,21229431,34019680,6427132,3,25,216000000.0,True,4811,2200,2611,0.4572853876532945,2069573,430.17522344626894,False,False,False
20231,8093,3120191,학동역,발달상권,강남구,논현1동,585000000,412621472,172378528,0.41776431838234535,1993970,289181732,210165555,20210899,59829951,3617893,3,0,195000000.0,True,4811,2200,2611,0.4572853876532945,2115411,439.70297235501977,False,False,False
20232,8094,3120191,학동역,발달상권,강남구,논현1동,459000000,313247855,145752145,0.4652933537246408,332172,274607711,116993393,42832243,16928965,7305516,3,0,153000000.0,True,4811,2200,2611,0.4572853876532945,2135204,443.8170858449387,False,False,False
20233,8095,3120191,학동역,발달상권,강남구,논현1동,459000000,308547664,150452336,0.4876145683604981,1237007,257620327,133644176,52409843,12648128,1440519,2,67,229500000.0,True,4811,2200,2611,0.4572853876532945,2208026,458.9536478902515,False,False,False
20234,8096,3120191,학동역,발달상권,강남구,논현1동,459000000,316090592,142909408,0.45211534799491915,631778,234575956,151924444,54287532,15760321,1819969,2,0,229500000.0,True,4098,1871,2227,0.456564177647633,2225873,543.1608101512933,False,False,False
20241,8097,3120191,학동역,발달상권,강남구,논현1동,459000000,313958356,145041644,0.46197733307024963,2015206,160905635,246250160,33865938,9187129,6775932,2,0,229500000.0,True,4098,1871,2227,0.456564177647633,2268497,553.561981454368,False,False,False
20242,8098,3120191,학동역,발달상권,강남구,논현1동,459000000,316168778,142831222,0.4517562515296814,431537,177060931,198231909,27190479,45929044,10156100,2,0,229500000.0,True,4098,1871,2227,0.456564177647633,2330907,568.7913616398243,False,False,False
20243,8099,3120191,학동역,발달상권,강남구,논현1동,459000000,312070392,146929608,0.47082200608124336,178780,216227317,182892454,32795561,19871752,7034136,2,0,229500000.0,True,4098,1871,2227,0.456564177647633,2342268,571.5636896046852,False,False,False
20244,8100,3120191,학동역,발달상권,강남구,논현1동,459000000,335431252,123568748,0.36838770169214885,15780151,167178790,159005673,32626156,25606138,58803092,2,0,229500000.0,True,4098,1871,2227,0.456564177647633,2317805,565.5941922889215,False,False,True
20251,8101,3120191,학동역,발달상권,강남구,논현1동,459000000,313169158,145830842,0.4656615706710174,6249797,98717119,220132564,36447710,22655839,74796971,2,0,229500000.0,True,4098,1871,2227,0.456564177647633,2278240,555.9394826744754,False,False,True
20252,8102,3120191,학동역,발달상권,강남구,논현1동,1103512412,771363017,332149395,0.43060062211927386,8445659,285579290,564158249,78405554,75137278,72518030,3,0,367837470.6666667,True,4098,1871,2227,0.456564177647633,2281175,556.6556857003417,False,False,True
20253,8103,3120191,학동역,발달상권,강남구,논현1동,2070884021,1478811248,592072773,0.40037075306313874,28900145,796292469,870704453,179242533,121484613,74259808,4,0,517721005.25,True,4098,1871,2227,0.456564177647633,2299451,561.1154221571499,False,False,True
20254,8104,3120191,학동역,발달상권,강남구,논현1동,1891730234,1298202412,593527822,0.4571920499559201,29316863,719199517,780417777,158636494,110399391,93760192,3,33,630576744.6666666,True,4098,1871,2227,0.456564177647633,2203025,537.5854075158614,False,False,True
20211,8085,3120194,언주역(차병원),발달상권,강남구,논현2동,107191635,75809257,31382378,0.4139649858327988,488739,45490237,47827756,6348928,4845235,2190740,3,0,35730545.0,True,2599,1282,1317,0.4932666410157753,1948429,749.6841092727973,False,False,False
20212,8086,3120194,언주역(차병원),발달상권,강남구,논현2동,124750340,89692267,35058073,0.39087063102106673,921266,32375471,72912736,10397813,2771605,5371449,3,0,41583446.666666664,True,2599,1282,1317,0.4932666410157753,1961903,754.8684109272797,False,False,False
20213,8087,3120194,언주역(차병원),발달상권,강남구,논현2동,61382858,41545971,19836887,0.47746836871377973,234220,22809921,30500149,1990872,1608312,4239384,3,0,20460952.666666668,True,2599,1282,1317,0.4932666410157753,1890306,727.3205078876491,False,False,False
20211,8085,3120197,역삼역,발달상권,강남구,역삼1동,379467075,258545224,120921851,0.4677009659246307,17689667,189385936,110949129,35167872,8108838,3865687,6,0,63244512.5,True,6083,3079,3004,0.5061647213545948,4084971,671.5388788426764,False,False,False
20212,8086,3120197,역삼역,발달상권,강남구,역삼1동,412134466,278891581,133242885,0.4777587208701004,30445290,223085851,92722476,40366776,6990464,2561797,6,0,68689077.66666667,True,6083,3079,3004,0.5061647213545948,4342617,713.893966792701,False,False,False
20213,8087,3120197,역삼역,발달상권,강남구,역삼1동,230170105,160936865,69233240,0.43018881969646916,9085913,104508509,64452136,34001267,4879786,2458393,6,0,38361684.166666664,True,6083,3079,3004,0.5061647213545948,4072112,669.4249547920434,False,False,False
20214,8088,3120197,역삼역,발달상권,강남구,역삼1동,395040634,274227604,120813030,0.4405575085723318,26798666,174771151,115373937,32476639,9839168,3486062,6,0,65840105.666666664,True,6083,3079,3004,0.5061647213545948,4446978,731.0501397336841,False,False,False
20221,8089,3120197,역삼역,발달상권,강남구,역삼1동,231734317,162784776,68949541,0.4235625879412704,3672259,101053396,89879649,21503802,12748438,2876773,6,0,38622386.166666664,True,6083,3079,3004,0.5061647213545948,4369931,718.3841854348184,False,False,False
20222,8090,3120197,역삼역,발달상권,강남구,역삼1동,468637685,335189280,133448405,0.39812849921692006,3035156,225991345,157942442,47501776,18753652,8877959,6,0,78106280.83333333,True,6083,3079,3004,0.5061647213545948,4860764,799.0734834785468,False,False,False
20223,8091,3120197,역삼역,발달상권,강남구,역삼1동,563930384,385716188,178214196,0.462034525758613,10119994,308180951,153863906,68309161,10443555,7665707,6,33,93988397.33333333,True,6083,3079,3004,0.5061647213545948,4740901,779.368896925859,False,False,False
20224,8092,3120197,역삼역,발달상권,강남구,역삼1동,500179305,319178987,181000318,0.5670809338084652,9139880,244369264,144502130,64642443,22647555,10939931,6,0,83363217.5,True,5286,2833,2453,0.5359440030268634,4768619,902.1223987892546,False,False,False
20231,8093,3120197,역삼역,발달상권,강남구,역삼1동,653105835,422753414,230352421,0.5448860100748943,3351083,277239544,208191997,79139355,53880807,29436229,6,0,108850972.5,True,5286,2833,2453,0.5359440030268634,4884190,923.9860007567158,False,False,False
20232,8094,3120197,역삼역,발달상권,강남구,역삼1동,577292462,408497784,168794678,0.4132083076367435,8261453,190291770,179871467,69087198,72117493,31214673,5,20,115458492.4,True,5286,2833,2453,0.5359440030268634,4817112,911.2962542565267,False,False,False
20233,8095,3120197,역삼역,발달상권,강남구,역삼1동,608404981,421096714,187308267,0.4448105643493575,8416196,236820205,175822878,97105034,49033928,39144842,4,25,152101245.25,True,5286,2833,2453,0.5359440030268634,4744627,897.5836171017783,False,False,False
20234,8096,3120197,역삼역,발달상권,강남구,역삼1동,528885276,355973253,172912023,0.4857444247363158,3481510,188148801,176229323,78372365,14764494,67888783,4,0,132221319.0,True,5764,2939,2825,0.5098889659958362,4715219,818.046321998612,False,False,False
20241,8097,3120197,역삼역,발달상권,강남구,역삼1동,498819608,349255234,149564374,0.4282380317885229,7609398,156001192,203355713,56421290,32768929,42663086,4,0,124704902.0,True,5764,2939,2825,0.5098889659958362,4830571,838.0588133240805,False,False,False
20242,8098,3120197,역삼역,발달상권,강남구,역삼1동,450667827,330903678,119764149,0.3619305464474166,3599632,164067595,217769239,43894236,12734378,7329555,4,25,112666956.75,True,5764,2939,2825,0.5098889659958362,4766337,826.9148160999306,False,False,False
20243,8099,3120197,역삼역,발달상권,강남구,역삼1동,445090806,306598610,138492196,0.45170523114896055,6124078,139648740,198500278,70880247,20469141,9042608,4,0,111272701.5,True,5764,2939,2825,0.5098889659958362,4833368,838.5440666204025,False,False,False
20244,8100,3120197,역삼역,발달상권,강남구,역삼1동,420091774,282522513,137569261,0.48693203079359554,7065062,148592373,199207790,46361116,11069106,7796327,3,33,140030591.33333334,True,5764,2939,2825,0.5098889659958362,4865237,844.0730395558639,False,False,True
20251,8101,3120197,역삼역,발달상권,강남구,역삼1동,502673801,342338664,160335137,0.46835240614247414,3817878,144123042,266298666,40656308,17551427,30226480,3,0,167557933.66666666,True,5764,2939,2825,0.5098889659958362,4837142,839.1988202637058,False,False,True
20252,8102,3120197,역삼역,발달상권,강남구,역삼1동,347177871,237474342,109703529,0.4619595029765363,5411222,101347032,157498691,55568995,23777558,3574373,3,0,115725957.0,True,5764,2939,2825,0.5098889659958362,4765080,826.6967383761277,False,False,True
20253,8103,3120197,역삼역,발달상권,강남구,역삼1동,436270221,288958982,147311239,0.5097998268833879,4837017,117205205,175296897,93658421,41420027,3852654,3,0,145423407.0,True,5764,2939,2825,0.5098889659958362,5037170,873.9018043025677,False,False,True
20254,8104,3120197,역삼역,발달상권,강남구,역삼1동,486463435,332199756,154263679,0.4643702357204621,11381379,136797416,223835803,63878270,48387286,2183281,3,0,162154478.33333334,True,5764,2939,2825,0.5098889659958362,4681744,812.2387231089522,False,False,True
20211,8085,3120198,구역삼세무서,발달상권,강남구,역삼1동,291535866,186620249,104915617,0.5621877452322979,22012985,163277855,61314938,23409047,17212062,4308979,7,0,41647980.85714286,True,7376,3813,3563,0.5169468546637744,2596449,352.0131507592191,False,False,False
20212,8086,3120198,구역삼세무서,발달상권,강남구,역삼1동,298153351,194894219,103259132,0.5298214207164349,21971993,147450665,85748285,19462499,22666802,853107,6,17,49692225.166666664,True,7376,3813,3563,0.5169468546637744,2642339,358.23468004338395,False,False,False
20213,8087,3120198,구역삼세무서,발달상권,강남구,역삼1동,285611104,196966277,88644827,0.45005078204326315,28816651,128342864,75619207,20393712,30115609,2323061,6,0,47601850.666666664,True,7376,3813,3563,0.5169468546637744,2618390,354.9877982646421,False,False,False
20214,8088,3120198,구역삼세무서,발달상권,강남구,역삼1동,285127775,185321034,99806741,0.5385613216468456,32283679,114398591,62724650,40152703,31016169,4551983,6,0,47521295.833333336,True,7376,3813,3563,0.5169468546637744,2735920,370.9219088937093,False,False,False
20221,8089,3120198,구역삼세무서,발달상권,강남구,역삼1동,185447157,122459538,62987619,0.5143545372513164,15675858,93769893,36356736,23075293,15656743,912634,6,0,30907859.5,True,7376,3813,3563,0.5169468546637744,2733850,370.6412689804772,False,False,False
20222,8090,3120198,구역삼세무서,발달상권,강남구,역삼1동,244297040,159107382,85189658,0.5354224105076407,24277198,115706611,67460879,24917028,10524428,1410896,5,40,48859408.0,True,7376,3813,3563,0.5169468546637744,2700234,366.0837852494577,False,False,False
20223,8091,3120198,구역삼세무서,발달상권,강남구,역삼1동,336002964,209916809,126086155,0.600648207261954,43031869,157812689,85894240,30399445,16247369,2617352,5,0,67200592.8,True,7376,3813,3563,0.5169468546637744,2621778,355.447125813449,False,False,False
20224,8092,3120198,구역삼세무서,발달상권,강남구,역삼1동,316801050,205203259,111597791,0.5438402467087523,36232514,149939703,58457610,42538660,25838743,3793820,4,25,79200262.5,True,7396,3741,3655,0.5058139534883721,2501896,338.2769064359113,False,False,False
20231,8093,3120198,구역삼세무서,발달상권,강남구,역삼1동,320384503,203422708,116961795,0.5749692163177771,11755892,148525286,89509693,36315942,28894383,5383307,4,0,80096125.75,True,7396,3741,3655,0.5058139534883721,2416533,326.7351270957274,False,False,False
20232,8094,3120198,구역삼세무서,발달상권,강남구,역삼1동,267577453,158324012,109253441,0.6900623576921484,13774590,130267058,68239707,19938811,27960549,2860449,4,0,66894363.25,True,7396,3741,3655,0.5058139534883721,2307274,311.96241211465656,False,False,False
20233,8095,3120198,구역삼세무서,발달상권,강남구,역삼1동,292871434,185273048,107598386,0.5807557394964431,17167751,144948846,87952737,28723344,10635154,3443602,4,0,73217858.5,True,7396,3741,3655,0.5058139534883721,2320962,313.81314223904815,False,False,False
20234,8096,3120198,구역삼세무서,발달상권,강남구,역삼1동,239898644,161363972,78534672,0.48669272965095334,17981813,125216375,46205275,26453854,16332843,4473205,4,0,59974661.0,True,6693,3463,3230,0.5174062453309428,2299075,343.5044075900194,False,False,False
20241,8097,3120198,구역삼세무서,발달상권,강남구,역삼1동,213466220,141226481,72239739,0.5115169512720493,11522834,99372410,51387547,22156769,15740567,3203608,4,0,53366555.0,True,6693,3463,3230,0.5174062453309428,2400553,358.66621843717314,False,False,False
20242,8098,3120198,구역삼세무서,발달상권,강남구,역삼1동,201512064,132029202,69482862,0.5262688931498655,8526576,91919448,43852661,21525132,20867844,3228583,4,0,50378016.0,True,6693,3463,3230,0.5174062453309428,2288583,341.9367996414164,False,False,False
20243,8099,3120198,구역삼세무서,발달상권,강남구,역삼1동,187905969,131164603,56741366,0.4325966358469442,9481063,99734412,47271394,18027944,11595903,1795253,4,25,46976492.25,True,6693,3463,3230,0.5174062453309428,2273369,339.66367847004335,False,False,False
20244,8100,3120198,구역삼세무서,발달상권,강남구,역삼1동,141757672,99502439,42255233,0.4246652989078991,6043136,45044203,51104932,23811993,10003239,1102127,4,0,35439418.0,True,6693,3463,3230,0.5174062453309428,2218656,331.48901837740925,False,False,True
20251,8101,3120198,구역삼세무서,발달상권,강남구,역삼1동,115753195,78107431,37645764,0.4819741670930132,1199146,25408612,54204190,26188164,4759854,1672657,4,0,28938298.75,True,6693,3463,3230,0.5174062453309428,2234317,333.8289257433139,False,False,True
20211,8085,3120202,압구정로데오역(압구정로데오),발달상권,강남구,압구정동,141907877,95084359,46823518,0.4924418536596539,6915929,89875853,26415263,5594882,11574160,1531790,4,0,35476969.25,True,1843,860,983,0.4666304937601736,2165248,1174.8497015735215,False,False,False
20212,8086,3120202,압구정로데오역(압구정로데오),발달상권,강남구,압구정동,128529013,86145805,42383208,0.49199387016001533,7497834,83695026,19894330,6888362,9531764,1021697,4,0,32132253.25,True,1843,860,983,0.4666304937601736,2198999,1193.1627780792187,False,False,False
20213,8087,3120202,압구정로데오역(압구정로데오),발달상권,강남구,압구정동,111736257,73559990,38176267,0.5189814055167762,12148163,66939902,15407996,6256159,9935876,1048161,4,0,27934064.25,True,1843,860,983,0.4666304937601736,2047256,1110.8279978296257,False,False,False
20214,8088,3120202,압구정로데오역(압구정로데오),발달상권,강남구,압구정동,119845922,81301262,38544660,0.47409669975356594,11663850,68480711,22066897,7415183,8717779,1501502,4,0,29961480.5,True,1843,860,983,0.4666304937601736,2230947,1210.4975583288117,False,False,False
20221,8089,3120202,압구정로데오역(압구정로데오),발달상권,강남구,압구정동,102259285,69366802,32892483,0.4741819148589263,4317013,53729035,30112482,5646006,7268594,1186155,4,0,25564821.25,True,1843,860,983,0.4666304937601736,2086322,1132.0249593054803,False,False,False
20222,8090,3120202,압구정로데오역(압구정로데오),발달상권,강남구,압구정동,127360071,86740487,40619584,0.46828863204330407,5263952,71818800,31412849,7781686,9655259,1427525,4,0,31840017.75,True,1843,860,983,0.4666304937601736,2436606,1322.0868149755834,False,False,False
20223,8091,3120202,압구정로데오역(압구정로데오),발달상권,강남구,압구정동,170748443,112895614,57852829,0.5124453196206542,9877166,99207805,29753731,12604342,17797029,1508370,4,0,42687110.75,True,1843,860,983,0.4666304937601736,2423637,1315.0499186109605,False,False,False
20224,8092,3120202,압구정로데오역(압구정로데오),발달상권,강남구,압구정동,124082451,79684330,44398121,0.5571750556226048,11629588,65191183,21408296,11209103,13031028,1613253,4,0,31020612.75,True,1934,926,1008,0.4788004136504654,2368827,1224.8329886246122,False,False,False
20231,8093,3120202,압구정로데오역(압구정로데오),발달상권,강남구,압구정동,132436321,87516032,44920289,0.5132806866746427,6058402,56531093,41874851,10586384,14625816,2759775,4,0,33109080.25,True,1934,926,1008,0.4788004136504654,2371310,1226.1168562564633,False,False,False
20232,8094,3120202,압구정로데오역(압구정로데오),발달상권,강남구,압구정동,115899857,75443216,40456641,0.5362528686475931,4850961,49855574,33444810,9406836,14304511,4037165,4,0,28974964.25,True,1934,926,1008,0.4788004136504654,2323096,1201.1871768355738,False,False,False
20233,8095,3120202,압구정로데오역(압구정로데오),발달상권,강남구,압구정동,126047356,81426283,44621073,0.5479934900135378,8856636,61605476,31573843,8536373,13380212,2094816,4,0,31511839.0,True,1934,926,1008,0.4788004136504654,2164877,1119.3779731127197,False,False,False
20234,8096,3120202,압구정로데오역(압구정로데오),발달상권,강남구,압구정동,113325268,74729767,38595501,0.5164675677364282,14381225,46198712,29127407,8332109,12886859,2398956,4,0,28331317.0,True,1654,776,878,0.46916565900846435,2050638,1239.8053204353084,False,False,False
20241,8097,3120202,압구정로데오역(압구정로데오),발달상권,강남구,압구정동,110152664,74845619,35307045,0.4717316186535915,12947152,39143110,38221237,6769636,10671910,2399619,4,0,27538166.0,True,1654,776,878,0.46916565900846435,1985420,1200.3748488512697,False,False,False
20242,8098,3120202,압구정로데오역(압구정로데오),발달상권,강남구,압구정동,100657772,62197708,38460064,0.6183517887829565,10864902,34399288,38094804,6046863,8994903,2257012,5,0,20131554.4,True,1654,776,878,0.46916565900846435,2019014,1220.6856106408707,False,False,False
20243,8099,3120202,압구정로데오역(압구정로데오),발달상권,강남구,압구정동,112279679,76398372,35881307,0.46966062313474427,9572887,41793202,33808911,10229536,14773012,2102131,7,0,16039954.142857144,True,1654,776,878,0.46916565900846435,1983757,1199.369407496977,False,False,False
20244,8100,3120202,압구정로데오역(압구정로데오),발달상권,강남구,압구정동,82874020,55132800,27741220,0.5031708891984444,7714532,33407219,24460821,5083595,10328484,1879369,6,17,13812336.666666666,True,1654,776,878,0.46916565900846435,2047120,1237.6783555018137,False,False,True
20251,8101,3120202,압구정로데오역(압구정로데오),발달상권,강남구,압구정동,78473298,52245658,26227640,0.5020061188625474,5177588,28977666,24393696,6849076,10134058,2941214,6,0,13078883.0,True,1654,776,878,0.46916565900846435,1983967,1199.4963724304716,False,False,True
20252,8102,3120202,압구정로데오역(압구정로데오),발달상권,강남구,압구정동,73101999,47379026,25722973,0.5429189912008744,4752797,30719386,23036235,5054606,8052373,1486602,6,0,12183666.5,True,1654,776,878,0.46916565900846435,1957558,1183.5296251511488,False,False,True
20253,8103,3120202,압구정로데오역(압구정로데오),발달상권,강남구,압구정동,172280514,79817626,92462888,1.15842693692744,18020388,67868740,35105785,26074905,18596067,5534452,6,0,28713419.0,True,1654,776,878,0.46916565900846435,2008571,1214.3718258766626,False,False,True
20254,8104,3120202,압구정로데오역(압구정로데오),발달상권,강남구,압구정동,152594572,80405668,72188904,0.8978086470222473,18316614,48768891,37558563,21540400,15863012,3806820,6,0,25432428.666666668,True,1654,776,878,0.46916565900846435,1904140,1151.2333736396615,False,False,True
20211,8085,3120203,강남구청역,발달상권,강남구,논현2동,184556371,126195473,58360898,0.4624642755608198,12206663,114961562,35887292,7096273,13520195,884386,2,0,92278185.5,True,1522,713,809,0.46846254927726677,2108726,1385.4967148488831,False,False,False
20211,8085,3120205,매봉역,발달상권,강남구,도곡2동,81973269,55371098,26602171,0.48043423303615906,5217503,49516250,9823730,5884068,9586458,1945260,3,33,27324423.0,True,1116,543,573,0.48655913978494625,514581,461.0940860215054,False,False,False
20212,8086,3120205,매봉역,발달상권,강남구,도곡2동,80864482,51861990,29002492,0.5592244339255011,4683290,51535701,8461919,4274122,10480817,1428633,4,0,20216120.5,True,1116,543,573,0.48655913978494625,525694,471.05197132616485,False,False,False
20213,8087,3120205,매봉역,발달상권,강남구,도곡2동,70899254,48944237,21955017,0.4485720555823559,5552288,44625595,10705189,4074548,5636639,304995,4,0,17724813.5,True,1116,543,573,0.48655913978494625,517759,463.94175627240145,False,False,False
20214,8088,3120205,매봉역,발달상권,강남구,도곡2동,68849025,47373456,21475569,0.45332493791459927,7657848,32591655,17428455,3526854,7158501,485712,3,33,22949675.0,True,1116,543,573,0.48655913978494625,563714,505.1200716845878,False,False,False
20221,8089,3120205,매봉역,발달상권,강남구,도곡2동,27431195,17041960,10389235,0.6096267682825215,2045210,16154110,5443088,584835,3049954,153998,4,0,6857798.75,True,1116,543,573,0.48655913978494625,567474,508.48924731182797,False,False,False
20222,8090,3120205,매봉역,발달상권,강남구,도곡2동,30896155,20124492,10771663,0.5352514239862551,2640310,16445151,5787803,2106709,3513392,402790,4,0,7724038.75,True,1116,543,573,0.48655913978494625,619925,555.4883512544803,False,False,False
20223,8091,3120205,매봉역,발달상권,강남구,도곡2동,40809023,26909139,13899884,0.5165488200867371,5363050,25610166,4631253,1997739,3043611,163204,4,0,10202255.75,True,1116,543,573,0.48655913978494625,600060,537.6881720430108,False,False,False
20224,8092,3120205,매봉역,발달상권,강남구,도곡2동,33064964,23000665,10064299,0.4375655660390689,4823739,19455111,4432069,2121070,2089243,143732,4,0,8266241.0,True,1161,557,604,0.4797588285960379,588806,507.1541774332472,False,False,False
20231,8093,3120205,매봉역,발달상권,강남구,도곡2동,36601792,26698166,9903626,0.3709478021823671,2352765,21664364,6959045,2330965,2978736,315917,4,0,9150448.0,True,1161,557,604,0.4797588285960379,575920,496.0551248923342,False,False,False
20232,8094,3120205,매봉역,발달상권,강남구,도곡2동,24190046,14365983,9824063,0.6838420315546803,1248787,13490220,5423841,2108439,1692041,226718,4,0,6047511.5,True,1161,557,604,0.4797588285960379,584329,503.29801894918177,False,False,False
20233,8095,3120205,매봉역,발달상권,강남구,도곡2동,24336857,14676034,9660823,0.6582720508824115,1631860,11985152,5097902,1958352,3467924,195667,4,0,6084214.25,True,1161,557,604,0.4797588285960379,555280,478.2773471145564,False,False,False
20234,8096,3120205,매봉역,발달상권,강남구,도곡2동,18127134,12512872,5614262,0.44867892838670453,1415794,8437479,3479845,1852219,2053518,888279,3,33,6042378.0,True,1015,497,518,0.4896551724137931,554883,546.6827586206897,False,False,False
20241,8097,3120205,매봉역,발달상권,강남구,도곡2동,17227271,11640214,5587057,0.4799788904224613,416581,6870803,5741707,1007325,1448110,1742745,3,0,5742423.666666667,True,1015,497,518,0.4896551724137931,551604,543.4522167487685,False,False,False
20242,8098,3120205,매봉역,발달상권,강남구,도곡2동,15809973,10680804,5129169,0.48022311803493445,379862,5083995,5844747,808491,1572836,2120042,3,0,5269991.0,True,1015,497,518,0.4896551724137931,543937,535.8985221674877,False,False,False
20243,8099,3120205,매봉역,발달상권,강남구,도곡2동,17041447,11361990,5679457,0.49986463638851997,605773,7514788,6702054,624895,950579,643358,3,0,5680482.333333333,True,1015,497,518,0.4896551724137931,551219,543.0729064039409,False,False,False
20244,8100,3120205,매봉역,발달상권,강남구,도곡2동,63140310,43269914,19870396,0.4592196785970039,3196627,22033620,19903871,9659930,7360617,985645,3,0,21046770.0,True,1015,497,518,0.4896551724137931,576438,567.9192118226601,False,False,True
20251,8101,3120205,매봉역,발달상권,강남구,도곡2동,14302331,10435949,3866382,0.37048686228727257,341500,4358385,5544523,2671333,1190433,196157,3,0,4767443.666666667,True,1015,497,518,0.4896551724137931,568990,560.5812807881773,False,False,True
20211,8085,3120209,"강남구청(청담역_8번, 강남세무서)",발달상권,강남구,청담동,222366966,149390862,72976104,0.48849108320962764,29836420,129283580,27706495,7953394,25267018,2320059,3,0,74122322.0,True,1374,624,750,0.45414847161572053,752244,547.4847161572052,False,False,False
20212,8086,3120209,"강남구청(청담역_8번, 강남세무서)",발달상권,강남구,청담동,281675530,197797129,83878401,0.4240627830346314,31445063,172467219,36677065,23731956,15323774,2030453,3,0,93891843.33333333,True,1374,624,750,0.45414847161572053,769039,559.7081513828239,False,False,False
20213,8087,3120209,"강남구청(청담역_8번, 강남세무서)",발달상권,강남구,청담동,207596426,143237277,64359149,0.44931843405540306,31796338,116388105,23857134,23430800,11186686,937363,3,0,69198808.66666667,True,1374,624,750,0.45414847161572053,710686,517.2387190684134,False,False,False
20214,8088,3120209,"강남구청(청담역_8번, 강남세무서)",발달상권,강남구,청담동,226289392,148990299,77299093,0.5188196380490517,45960930,105161848,28738036,29866268,15663843,898467,3,0,75429797.33333333,True,1374,624,750,0.45414847161572053,747929,544.344250363901,False,False,False
20221,8089,3120209,"강남구청(청담역_8번, 강남세무서)",발달상권,강남구,청담동,204687985,136313525,68374460,0.5015970352171584,24929035,112839008,22899009,14045027,29578011,397895,3,0,68229328.33333333,True,1374,624,750,0.45414847161572053,848046,617.2096069868995,False,False,False
20222,8090,3120209,"강남구청(청담역_8번, 강남세무서)",발달상권,강남구,청담동,273708765,191953160,81755605,0.4259143480628295,27963331,152740588,31180688,16008062,41268097,4547999,3,0,91236255.0,True,1374,624,750,0.45414847161572053,830600,604.5123726346434,False,False,False
20223,8091,3120209,"강남구청(청담역_8번, 강남세무서)",발달상권,강남구,청담동,318000000,212051507,105948493,0.499635652200293,50612868,172891728,35755529,18556481,38993318,1190076,3,0,106000000.0,True,1374,624,750,0.45414847161572053,815023,593.1754002911208,False,False,False
20224,8092,3120209,"강남구청(청담역_8번, 강남세무서)",발달상권,강남구,청담동,313967618,216970307,96997311,0.4470533887385798,50408101,138294829,42775144,20812070,56606720,5070754,3,0,104655872.66666667,True,1251,585,666,0.4676258992805755,824552,659.1143085531575,False,False,False
20231,8093,3120209,"강남구청(청담역_8번, 강남세무서)",발달상권,강남구,청담동,300137532,200738356,99399176,0.49516782931110587,38986149,139133370,54702269,12789457,38098139,3590763,3,0,100045844.0,True,1251,585,666,0.4676258992805755,817533,653.5035971223022,False,False,False
20232,8094,3120209,"강남구청(청담역_8번, 강남세무서)",발달상권,강남구,청담동,300497458,198526365,101971093,0.513640054810856,54957871,137742311,43271310,17236426,32772931,2051806,3,0,100165819.33333333,True,1251,585,666,0.4676258992805755,794145,634.8081534772182,False,False,False
20233,8095,3120209,"강남구청(청담역_8번, 강남세무서)",발달상권,강남구,청담동,303452340,205952345,97499995,0.4734104629884161,58006658,152781668,34323553,20710707,35393498,2236256,3,0,101150780.0,True,1251,585,666,0.4676258992805755,840439,671.8137490007994,False,False,False
20234,8096,3120209,"강남구청(청담역_8번, 강남세무서)",발달상권,강남구,청담동,312404410,203012265,109392145,0.5388450052512838,55662300,156914913,40138760,24799359,31749309,3139769,3,0,104134803.33333333,True,1231,568,663,0.4614134849715678,859959,698.5857026807473,False,False,False
20241,8097,3120209,"강남구청(청담역_8번, 강남세무서)",발달상권,강남구,청담동,297013052,205794858,91218194,0.4432481690091596,13426022,165038399,52291201,24447989,40468927,1340514,3,0,99004350.66666667,True,1231,568,663,0.4614134849715678,866586,703.9691307879773,False,False,False
20242,8098,3120209,"강남구청(청담역_8번, 강남세무서)",발달상권,강남구,청담동,240074971,157787216,82287755,0.5215109125190471,14110857,108169671,52535562,35426691,27449337,2382853,3,0,80024990.33333333,True,1231,568,663,0.4614134849715678,835007,678.3160032493907,False,False,False
20243,8099,3120209,"강남구청(청담역_8번, 강남세무서)",발달상권,강남구,청담동,238269533,165924268,72345265,0.43601376623219457,22901306,99052913,54882777,37380861,23043109,1008567,3,0,79423177.66666667,True,1231,568,663,0.4614134849715678,828678,673.174654752234,False,False,False
20244,8100,3120209,"강남구청(청담역_8번, 강남세무서)",발달상권,강남구,청담동,247870481,173586255,74284226,0.42793841021571666,29039415,95277528,50578102,43336812,24633554,5005070,3,0,82623493.66666667,True,1231,568,663,0.4614134849715678,842737,684.5954508529651,False,False,True
20251,8101,3120209,"강남구청(청담역_8번, 강남세무서)",발달상권,강남구,청담동,186910316,126264604,60645712,0.4803065156724366,11766693,75349402,47919839,23213461,26488379,2172542,3,0,62303438.666666664,True,1231,568,663,0.4614134849715678,808619,656.8797725426482,False,False,True
20252,8102,3120209,"강남구청(청담역_8번, 강남세무서)",발달상권,강남구,청담동,180104606,125366722,54737884,0.4366221205018027,13896248,85241074,33875651,16950112,28298315,1843206,3,0,60034868.666666664,True,1231,568,663,0.4614134849715678,798686,648.8107229894395,False,False,True
20253,8103,3120209,"강남구청(청담역_8번, 강남세무서)",발달상권,강남구,청담동,214340213,147873751,66466462,0.44948113881279717,20025612,80730056,38428230,18586542,55344069,1225704,3,0,71446737.66666667,True,1231,568,663,0.4614134849715678,894373,726.5418359057677,False,False,True
20254,8104,3120209,"강남구청(청담역_8번, 강남세무서)",발달상권,강남구,청담동,175404273,117154203,58250070,0.4972085380496336,17494858,56925657,32343548,27746224,38389549,2504437,3,0,58468091.0,True,1231,568,663,0.4614134849715678,852847,692.808285946385,False,False,True
20211,8085,3120210,선릉역,발달상권,강남구,대치4동,202231929,137160886,65071043,0.4744139885477264,9621624,111489330,54340378,15845934,8788211,2146452,4,0,50557982.25,True,4780,2264,2516,0.47364016736401676,5100985,1067.1516736401675,False,False,False
20212,8086,3120210,선릉역,발달상권,강남구,대치4동,243367234,166291628,77075606,0.46349661090575167,9628823,136673074,54700657,28560333,10571475,3232872,4,0,60841808.5,True,4780,2264,2516,0.47364016736401676,5216458,1091.3092050209204,False,False,False
20213,8087,3120210,선릉역,발달상권,강남구,대치4동,221230306,161091939,60138367,0.373317047229781,13031724,118945664,59785365,19522380,8787836,1157337,5,0,44246061.2,True,4780,2264,2516,0.47364016736401676,4668341,976.6403765690377,False,False,False
20214,8088,3120210,선릉역,발달상권,강남구,대치4동,198571849,131984620,66587229,0.5045074873117792,9202163,91803359,66164092,16213395,13190043,1998797,5,0,39714369.8,True,4780,2264,2516,0.47364016736401676,5002991,1046.6508368200837,False,False,False
20221,8089,3120210,선릉역,발달상권,강남구,대치4동,160228447,110598757,49629690,0.4487364175349638,7616099,75411552,45702681,18278770,10754223,2465122,5,0,32045689.4,True,4780,2264,2516,0.47364016736401676,4939990,1033.4707112970711,False,False,False
20222,8090,3120210,선릉역,발달상권,강남구,대치4동,223492873,153553172,69939701,0.45547545575938997,8783005,111148268,61473309,26430935,14524272,1133084,4,25,55873218.25,True,4780,2264,2516,0.47364016736401676,5284518,1105.5476987447698,False,False,False
20223,8091,3120210,선릉역,발달상권,강남구,대치4동,326818314,232805466,94012848,0.40382577615252385,12435412,167263770,90015490,29294329,25504139,2305174,4,0,81704578.5,True,4780,2264,2516,0.47364016736401676,5271636,1102.852719665272,False,False,False
20224,8092,3120210,선릉역,발달상권,강남구,대치4동,276773274,192048036,84725238,0.4411669068045038,11948261,125728900,89837722,28101797,17955954,3200640,5,0,55354654.8,True,4480,2146,2334,0.47901785714285716,5302963,1183.6970982142857,False,False,False
20231,8093,3120210,선릉역,발달상권,강남구,대치4동,369332395,263001129,106331266,0.4042996560672559,8215037,166154019,129576778,35772756,21034814,8578991,4,50,92333098.75,True,4480,2146,2334,0.47901785714285716,5348663,1193.8979910714286,False,False,False
20232,8094,3120210,선릉역,발달상권,강남구,대치4동,329917827,237058904,92858923,0.3917124454435173,5961264,119263571,135990864,35702053,20904498,12095577,4,0,82479456.75,True,4480,2146,2334,0.47901785714285716,5426721,1211.3216517857143,False,False,False
20242,8098,3120210,선릉역,발달상권,강남구,대치4동,404109403,284953802,119155601,0.4181576106852577,9448947,151115994,175561072,27888615,20133883,19960892,3,0,134703134.33333334,True,4718,2269,2449,0.48092412038999577,5247773,1112.2876218736753,False,False,False
20211,8085,3120215,포스코사거리,발달상권,강남구,삼성2동,52726829,39462587,13264242,0.3361219577418987,4032841,31420304,11699818,3932661,1283809,357396,3,0,17575609.666666668,True,3639,1706,1933,0.46881011266831546,3222320,885.496015388843,False,False,False
20212,8086,3120215,포스코사거리,발달상권,강남구,삼성2동,52925162,38365971,14559191,0.3794818851320093,5298399,28237079,12132594,3621923,3060049,575118,3,25,17641720.666666668,True,3639,1706,1933,0.46881011266831546,3319986,912.3347073371806,False,False,False
20213,8087,3120215,포스코사거리,발달상권,강남구,삼성2동,37515632,25317397,12198235,0.48181236799343946,5750833,19420011,8081762,2022059,2131409,109558,2,33,18757816.0,True,3639,1706,1933,0.46881011266831546,3098664,851.5152514427041,False,False,False
20214,8088,3120215,포스코사거리,발달상권,강남구,삼성2동,43785830,32261520,11524310,0.35721534509223374,8676455,18283836,7939651,3211396,5636710,37782,2,0,21892915.0,True,3639,1706,1933,0.46881011266831546,3298487,906.4267655949436,False,False,False
20221,8089,3120215,포스코사거리,발달상권,강남구,삼성2동,33436207,20098644,13337563,0.6636051168427084,6182461,16150793,6819702,1626342,2547708,109201,2,0,16718103.5,True,3639,1706,1933,0.46881011266831546,3279046,901.0843638362187,False,False,False
20222,8090,3120215,포스코사거리,발달상권,강남구,삼성2동,52300883,33415407,18885476,0.5651727061112858,5334258,25076026,12368892,2778185,6335142,408380,3,0,17433627.666666668,True,3639,1706,1933,0.46881011266831546,3493158,959.9225061830173,False,False,False
20223,8091,3120215,포스코사거리,발달상권,강남구,삼성2동,66908813,44320394,22588419,0.5096619628426589,7143201,31346281,16954566,2984144,7997027,483594,3,0,22302937.666666668,True,3639,1706,1933,0.46881011266831546,3545492,974.303929651003,False,False,False
20224,8092,3120215,포스코사거리,발달상권,강남구,삼성2동,64793441,41925780,22867661,0.545431975266769,6557196,28879842,18436151,5022159,5521043,377050,3,0,21597813.666666668,True,2954,1396,1558,0.47257955314827355,3497201,1183.8865944482059,False,False,False
20231,8093,3120215,포스코사거리,발달상권,강남구,삼성2동,66207848,49793946,16413902,0.32963649838074693,3160087,25905663,26910234,3496107,6310630,425127,3,0,22069282.666666668,True,2954,1396,1558,0.47257955314827355,3474012,1176.0365605958023,False,False,False
20232,8094,3120215,포스코사거리,발달상권,강남구,삼성2동,69665351,47985377,21679974,0.4518037651345325,2897465,26205956,30440182,5867599,3663467,590682,3,0,23221783.666666668,True,2954,1396,1558,0.47257955314827355,3425211,1159.5162491536898,False,False,False
20233,8095,3120215,포스코사거리,발달상권,강남구,삼성2동,72893530,51770480,21123050,0.40801340841344336,4351454,26933726,29364646,7719100,4320199,204405,2,33,36446765.0,True,2954,1396,1558,0.47257955314827355,3504777,1186.4512525389302,False,False,False
20234,8096,3120215,포스코사거리,발달상권,강남구,삼성2동,66941053,46657287,20283766,0.4347395081072759,4009037,23830022,31594630,5136224,2176839,194301,2,0,33470526.5,True,3569,1649,1920,0.4620341832446063,3375373,945.7475483328664,False,False,False
20241,8097,3120215,포스코사거리,발달상권,강남구,삼성2동,47762815,35291578,12471237,0.353377142841275,1797730,18442352,20177470,4813093,2277913,254257,3,0,15920938.333333334,True,3569,1649,1920,0.4620341832446063,3397499,951.9470439899131,False,False,False
20242,8098,3120215,포스코사거리,발달상권,강남구,삼성2동,52965967,39351242,13614725,0.345979550022843,2806199,20999720,22099112,3442294,3581047,37595,4,0,13241491.75,True,3569,1649,1920,0.4620341832446063,3354411,939.8741944522275,False,False,False
20243,8099,3120215,포스코사거리,발달상권,강남구,삼성2동,150071994,89112650,60959344,0.6840706005264123,6322287,52204459,26367759,11505754,11990464,20728577,3,25,50023998.0,True,3569,1649,1920,0.4620341832446063,3424368,959.4754833286635,False,False,False
20244,8100,3120215,포스코사거리,발달상권,강남구,삼성2동,57740754,45758839,11981915,0.2618491915846029,6383089,18520248,21001722,5197322,5760314,878059,2,33,28870377.0,True,3569,1649,1920,0.4620341832446063,3332195,933.6494816475204,False,False,True
20251,8101,3120215,포스코사거리,발달상권,강남구,삼성2동,57146273,40884212,16262061,0.3977589442105427,3861840,12481714,23719456,13179046,3520940,383277,2,0,28573136.5,True,3569,1649,1920,0.4620341832446063,3369769,944.1773606052116,False,False,True
20252,8102,3120215,포스코사거리,발달상권,강남구,삼성2동,50863594,38856719,12006875,0.3090038301998684,2276575,13196121,17523069,13311561,3521982,1034286,2,0,25431797.0,True,3569,1649,1920,0.4620341832446063,3364865,942.8033062482488,False,False,True
20253,8103,3120215,포스코사거리,발달상권,강남구,삼성2동,51052876,38146917,12905959,0.3383224652204528,3574888,15149538,18153303,11041391,2841698,292058,2,0,25526438.0,True,3569,1649,1920,0.4620341832446063,3481830,975.575791538246,False,False,True
20254,8104,3120215,포스코사거리,발달상권,강남구,삼성2동,53420450,39536885,13883565,0.3511547508105406,5892872,16105397,15609928,10930516,4613266,268471,2,0,26710225.0,True,3569,1649,1920,0.4620341832446063,3282662,919.7708041468198,False,False,True
20211,8085,3120219,은마아파트,발달상권,강남구,대치4동,696511648,469903913,226607735,0.4822427069254901,111733546,397913014,91298378,50806671,43324977,1435062,6,0,116085274.66666667,True,1101,557,544,0.5059037238873751,1096105,995.5540417801998,False,False,False
20212,8086,3120219,은마아파트,발달상권,강남구,대치4동,801676460,512202493,289473967,0.5651553261768291,137118770,426347098,110830683,54689629,70833462,1856818,5,20,160335292.0,True,1101,557,544,0.5059037238873751,1126313,1022.9909173478655,False,False,False
20213,8087,3120219,은마아파트,발달상권,강남구,대치4동,784863589,508896437,275967152,0.542285486663763,177415216,354059248,134677745,55431903,56658975,6620502,5,0,156972717.8,True,1101,557,544,0.5059037238873751,1179325,1071.13987284287,False,False,False
20214,8088,3120219,은마아파트,발달상권,강남구,대치4동,730923228,494503317,236419911,0.4780957030466188,179129314,271213828,86421968,112010396,81448388,699334,5,0,146184645.6,True,1101,557,544,0.5059037238873751,1033771,938.9382379654859,False,False,False
20221,8089,3120219,은마아파트,발달상권,강남구,대치4동,721174998,471832052,249342946,0.5284569900308511,137932484,315868164,72095093,85417034,104483777,5378446,4,25,180293749.5,True,1101,557,544,0.5059037238873751,1135750,1031.5622161671208,False,False,False
20222,8090,3120219,은마아파트,발달상권,강남구,대치4동,969291855,594570619,374721236,0.630238400663387,230181302,463926724,104241117,77508230,81583205,11851277,3,33,323097285.0,True,1101,557,544,0.5059037238873751,1093541,993.2252497729337,False,False,False
20223,8091,3120219,은마아파트,발달상권,강남구,대치4동,1377188024,790118610,587069414,0.743014284905908,374125036,567899896,119671535,147061228,156799023,11631306,3,0,459062674.6666667,True,1101,557,544,0.5059037238873751,1190779,1081.5431425976385,False,False,False
20224,8092,3120219,은마아파트,발달상권,강남구,대치4동,1280856234,798614774,482241460,0.6038474064092383,368429804,370622789,141931604,188498637,179497444,31875956,3,0,426952078.0,True,1319,669,650,0.5072024260803639,1080846,819.4435178165277,False,False,False
20231,8093,3120219,은마아파트,발달상권,강남구,대치4동,1233976031,774979104,458996927,0.592270068484324,259460006,426218326,139008387,146480952,227430911,35377449,3,0,411325343.6666667,True,1319,669,650,0.5072024260803639,1185587,898.8529188779378,False,False,False
20232,8094,3120219,은마아파트,발달상권,강남구,대치4동,1065422419,641450459,423971960,0.6609582299792227,246132512,371253993,152745165,134676289,150620088,9994372,3,0,355140806.3333333,True,1319,669,650,0.5072024260803639,1127250,854.6247156937073,False,False,False
20233,8095,3120219,은마아파트,발달상권,강남구,대치4동,1348342047,801157266,547184781,0.6829929705711487,381561134,448342225,143008728,196619852,164334959,14475149,3,0,449447349.0,True,1319,669,650,0.5072024260803639,1239816,939.9666413949963,False,False,False
20234,8096,3120219,은마아파트,발달상권,강남구,대치4동,1295865941,822023751,473842190,0.5764336972302397,342856164,338917409,148323755,245491233,201068023,19209357,3,0,431955313.6666667,True,1131,571,560,0.5048629531388152,1059850,937.0910698496905,False,False,False
20241,8097,3120219,은마아파트,발달상권,강남구,대치4동,1222350168,763668881,458681287,0.6006284901898471,284923653,387471918,142948324,171464378,227537535,8004360,3,0,407450056.0,True,1131,571,560,0.5048629531388152,1232152,1089.4358974358975,False,False,False
20242,8098,3120219,은마아파트,발달상권,강남구,대치4동,1025476074,615599445,409876629,0.6658170866284651,253194099,364592002,134888234,118473645,140405670,13922424,3,0,341825358.0,True,1131,571,560,0.5048629531388152,1210890,1070.6366047745357,False,False,False
20243,8099,3120219,은마아파트,발달상권,강남구,대치4동,1397154520,850752381,546402139,0.6422575489682938,381934319,483204129,135489562,178183839,191329090,27013581,3,0,465718173.3333333,True,1131,571,560,0.5048629531388152,1376374,1216.9531388152077,False,False,False
20244,8100,3120219,은마아파트,발달상권,강남구,대치4동,1338933107,898746646,440186461,0.4897781404349185,352288252,364872667,158846286,186156352,258444156,18325394,4,0,334733276.75,True,1131,571,560,0.5048629531388152,1210015,1069.862953138815,False,False,True
20251,8101,3120219,은마아파트,발달상권,강남구,대치4동,1083043594,694191426,388852168,0.5601512110868393,216583853,342101981,145702212,141635552,213920215,15166110,4,0,270760898.5,True,1131,571,560,0.5048629531388152,1303199,1152.2537577365163,False,False,True
20252,8102,3120219,은마아파트,발달상권,강남구,대치4동,821473019,514211741,307261278,0.5975384331024056,189811916,226480628,114785476,99978824,151920869,9826311,4,0,205368254.75,True,1131,571,560,0.5048629531388152,1080807,955.6206896551724,False,False,True
20253,8103,3120219,은마아파트,발달상권,강남구,대치4동,874903436,559101899,315801537,0.5648371746989899,209593903,215293698,107942648,126251593,201957361,13864233,4,0,218725859.0,True,1131,571,560,0.5048629531388152,1248675,1104.0450928381963,False,False,True
20254,8104,3120219,은마아파트,발달상권,강남구,대치4동,939681289,643311384,296369905,0.4606943268393957,243482392,173724868,70706144,172565302,269717591,9484992,3,33,313227096.3333333,True,1131,571,560,0.5048629531388152,1091315,964.9115826702034,False,False,True
20211,8085,3120225,잠실새내역(신천),발달상권,송파구,잠실본동,411770210,262966204,148804006,0.565867414658349,29733170,245116631,72373930,27829800,33504514,3212165,12,0,34314184.166666664,True,4074,1922,2152,0.47177221404025527,2378684,583.8694158075601,False,False,False
20212,8086,3120225,잠실새내역(신천),발달상권,송파구,잠실본동,453086011,289218507,163867504,0.5665871997603528,42575691,278262146,81929999,17250570,23776933,9290672,12,0,37757167.583333336,True,4074,1922,2152,0.47177221404025527,2545522,624.8213058419244,False,False,False
20213,8087,3120225,잠실새내역(신천),발달상권,송파구,잠실본동,382317004,252544634,129772370,0.5138591461816607,43369623,221000079,66710542,23499431,20447579,7289750,11,9,34756091.27272727,True,4074,1922,2152,0.47177221404025527,2300600,564.7029945999018,False,False,False
20214,8088,3120225,잠실새내역(신천),발달상권,송파구,잠실본동,379842728,251986223,127856505,0.5073948229304583,55882176,175789170,73242102,44156205,25118954,5654121,11,0,34531157.09090909,True,4074,1922,2152,0.47177221404025527,2355074,578.0741286205204,False,False,False
20221,8089,3120225,잠실새내역(신천),발달상권,송파구,잠실본동,329333597,213112752,116220845,0.5453490882610347,39730985,159236326,67360904,33141783,22315078,6003067,12,0,27444466.416666668,True,4074,1922,2152,0.47177221404025527,2330327,571.9997545409916,False,False,False
20222,8090,3120225,잠실새내역(신천),발달상권,송파구,잠실본동,420862911,266754326,154108585,0.5777172850797554,47233875,216429736,90464322,38884065,21966928,5883985,11,9,38260264.63636363,True,4074,1922,2152,0.47177221404025527,2446637,600.5490918016691,False,False,False
20223,8091,3120225,잠실새내역(신천),발달상권,송파구,잠실본동,604923272,377450801,227472471,0.6026546251785541,73491667,302825832,118884944,63374004,34760185,9964224,9,22,67213696.8888889,True,4074,1922,2152,0.47177221404025527,2556821,627.5947471772214,False,False,False
20224,8092,3120225,잠실새내역(신천),발달상권,송파구,잠실본동,626120022,399505774,226614248,0.5672364775383697,97748434,280832464,113051213,78721788,48906246,4889057,10,0,62612002.2,True,3794,1800,1994,0.47443331576172904,2736629,721.3044280442805,False,False,False
20231,8093,3120225,잠실새내역(신천),발달상권,송파구,잠실본동,717305432,459705415,257600017,0.5603588920091359,65975419,344530131,154154890,85911218,57692877,9040897,10,0,71730543.2,True,3794,1800,1994,0.47443331576172904,2699832,711.6056931997891,False,False,False
20232,8094,3120225,잠실새내역(신천),발달상권,송파구,잠실본동,639012079,408034011,230978068,0.5660755274638123,67784133,265917571,164733906,80576192,54597180,5403097,9,22,71001342.1111111,True,3794,1800,1994,0.47443331576172904,2712583,714.9665260938324,False,False,False
20233,8095,3120225,잠실새내역(신천),발달상권,송파구,잠실본동,756976441,478077456,278898985,0.5833761485712056,65259763,302386784,199469799,113148946,69605276,7105873,9,0,84108493.44444445,True,3794,1800,1994,0.47443331576172904,2642232,696.4238270954138,False,False,False
20234,8096,3120225,잠실새내역(신천),발달상권,송파구,잠실본동,696798087,452287357,244510730,0.5406092525376517,82622948,257122893,181612892,104739017,64943808,5756529,8,13,87099760.875,True,4173,1994,2179,0.4778336927869638,2779057,665.9614186436617,False,False,False
20241,8097,3120225,잠실새내역(신천),발달상권,송파구,잠실본동,673724960,439940386,233784574,0.5314005748042417,47940288,286949519,171499557,82387622,72749598,12198376,9,0,74858328.8888889,True,4173,1994,2179,0.4778336927869638,2753523,659.842559309849,False,False,False
20242,8098,3120225,잠실새내역(신천),발달상권,송파구,잠실본동,583440777,366067709,217373068,0.5938056339189426,46369917,247505643,168893935,61679274,46768503,12223505,8,13,72930097.125,True,4173,1994,2179,0.4778336927869638,2795018,669.7862449077402,False,False,False
20243,8099,3120225,잠실새내역(신천),발달상권,송파구,잠실본동,722378541,458611189,263767352,0.5751437346636564,59528993,326114192,167533600,91517612,66620010,11064134,11,0,65670776.45454545,True,4173,1994,2179,0.4778336927869638,2847331,682.3223100886652,False,False,False
20244,8100,3120225,잠실새내역(신천),발달상권,송파구,잠실본동,627399238,398831647,228567591,0.573092914565027,67477125,236801490,139873698,107288972,65599176,9396767,12,0,52283269.833333336,True,4173,1994,2179,0.4778336927869638,2830743,678.3472322070453,False,False,True
20251,8101,3120225,잠실새내역(신천),발달상권,송파구,잠실본동,633580490,390621615,242958875,0.6219801098308397,42387089,250727434,184352842,91158186,56876036,8078903,12,0,52798374.166666664,True,4173,1994,2179,0.4778336927869638,2593991,621.6129882578481,False,False,True
20252,8102,3120225,잠실새내역(신천),발달상권,송파구,잠실본동,525626494,333190010,192436484,0.5775577845206104,41578850,214998067,144577020,66981793,50401256,6091097,12,0,43802207.833333336,True,4173,1994,2179,0.4778336927869638,2557181,612.791996165828,False,False,True
20253,8103,3120225,잠실새내역(신천),발달상권,송파구,잠실본동,921862443,548133211,373729232,0.6818219084338606,65539974,369733524,265087537,124160162,77730474,16944701,11,9,83805676.63636364,True,4173,1994,2179,0.4778336927869638,2823597,676.6347951114307,False,False,True
20254,8104,3120225,잠실새내역(신천),발달상권,송파구,잠실본동,735092399,455574373,279518026,0.6135508109451977,62828118,248642386,226155071,108010377,79934813,8833017,10,10,73509239.9,True,4173,1994,2179,0.4778336927869638,2827717,677.6220944164869,False,False,True
20211,8085,3120226,석촌고분역,발달상권,송파구,석촌동,177813938,117916871,59897067,0.5079601120012759,1510670,117268290,42989645,9386298,2284134,4374901,2,0,88906969.0,True,1955,922,1033,0.4716112531969309,825838,422.4235294117647,False,False,False
20212,8086,3120226,석촌고분역,발달상권,송파구,석촌동,211288376,141259748,70028628,0.49574368488891823,4793860,145709174,51638736,4824074,2952857,1369675,2,0,105644188.0,True,1955,922,1033,0.4716112531969309,818567,418.704347826087,False,False,False
20213,8087,3120226,석촌고분역,발달상권,송파구,석촌동,110655584,69784906,40870678,0.5856664476985898,3803295,69323395,29805812,4377698,1263174,2082210,2,0,55327792.0,True,1955,922,1033,0.4716112531969309,832884,426.027621483376,False,False,False
20211,8085,3120228,석촌역(석촌호수),발달상권,송파구,송파1동,76166724,48724741,27441983,0.5632042867092921,2937428,52653914,14650901,4715323,1155593,53565,4,0,19041681.0,True,4223,1985,2238,0.47004499171205305,2301988,545.1072697134738,False,False,False
20212,8086,3120228,석촌역(석촌호수),발달상권,송파구,송파1동,61923864,40415027,21508837,0.5321990011289612,2177927,41494518,11126440,5140140,1813701,171138,4,0,15480966.0,True,4223,1985,2238,0.47004499171205305,2259491,535.0440445181151,False,False,False
20213,8087,3120228,석촌역(석촌호수),발달상권,송파구,송파1동,58821803,37283820,21537983,0.5776764022570648,3510350,35276884,15710757,2712693,1488815,122304,3,33,19607267.666666668,True,4223,1985,2238,0.47004499171205305,2258892,534.9022022259057,False,False,False
20214,8088,3120228,석촌역(석촌호수),발달상권,송파구,송파1동,58868279,38113294,20754985,0.544560252388576,2572710,38553634,13490582,1965374,1369066,916913,3,0,19622759.666666668,True,4223,1985,2238,0.47004499171205305,2250135,532.8285578972294,False,False,False
20221,8089,3120228,석촌역(석촌호수),발달상권,송파구,송파1동,16145216,9425132,6720084,0.7129962742166369,634906,10702036,2641242,604973,1546305,15754,3,0,5381738.666666667,True,4223,1985,2238,0.47004499171205305,2180624,516.368458441866,False,False,False
20211,8085,3120229,방이동먹자골목,발달상권,송파구,방이2동,188347963,118866266,69481697,0.5845367179280284,4825985,141455347,28618134,7767855,3578778,2101864,4,0,47086990.75,True,2889,1401,1488,0.48494288681204567,1500543,519.398753894081,False,False,False
20212,8086,3120229,방이동먹자골목,발달상권,송파구,방이2동,174199140,112945616,61253524,0.5423275924228879,4387263,122579442,29408581,6530854,7197841,3229129,5,0,34839828.0,True,2889,1401,1488,0.48494288681204567,1539757,532.9723087573554,False,False,False
20213,8087,3120229,방이동먹자골목,발달상권,송파구,방이2동,119423403,75507456,43915947,0.5816107352365308,2594095,80887821,21454388,7552198,6033469,901432,4,17,29855850.75,True,2889,1401,1488,0.48494288681204567,1445587,500.37625475943236,False,False,False
20214,8088,3120229,방이동먹자골목,발달상권,송파구,방이2동,127957914,81767082,46190832,0.5649074281506096,6567777,88642760,19918908,8056003,4373805,398661,3,20,42652638.0,True,2889,1401,1488,0.48494288681204567,1630870,564.5102111457252,False,False,False
20221,8089,3120229,방이동먹자골목,발달상권,송파구,방이2동,104233430,64986785,39246645,0.6039173194981102,5528342,65510271,19571428,9785673,3600490,237226,3,0,34744476.666666664,True,2889,1401,1488,0.48494288681204567,1514142,524.1059190031152,False,False,False
20222,8090,3120229,방이동먹자골목,발달상권,송파구,방이2동,146033601,91013319,55020282,0.6045300029108926,8605967,78869692,40777737,12755446,4071576,953183,3,0,48677867.0,True,2889,1401,1488,0.48494288681204567,1701214,588.859120803046,False,False,False
20223,8091,3120229,방이동먹자골목,발달상권,송파구,방이2동,163940864,101433868,62506996,0.6162339781817252,8931523,95180742,44460108,6688044,5558465,3121982,3,0,54646954.666666664,True,2889,1401,1488,0.48494288681204567,1614428,558.8189685012115,False,False,False
20224,8092,3120229,방이동먹자골목,발달상권,송파구,방이2동,140462418,86090996,54371422,0.6315575905289793,12897794,87767122,30499406,5400380,3576381,321335,2,25,70231209.0,True,2635,1334,1301,0.5062618595825427,1656871,628.7935483870967,False,False,False
20231,8093,3120229,방이동먹자골목,발달상권,송파구,방이2동,168585326,106993408,61591918,0.5756608668825653,2731129,105066862,45037148,8787449,4369382,2593356,2,25,84292663.0,True,2635,1334,1301,0.5062618595825427,1677399,636.5840607210627,False,False,False
20232,8094,3120229,방이동먹자골목,발달상권,송파구,방이2동,133971501,82504419,51467082,0.6238100046495691,2926639,86659929,30720621,8924043,3541169,1199100,2,0,66985750.5,True,2635,1334,1301,0.5062618595825427,1636290,620.9829222011385,False,False,False
20233,8095,3120229,방이동먹자골목,발달상권,송파구,방이2동,128793825,71666303,57127522,0.7971322589362535,2564785,83072882,27418177,8139429,3968587,3629965,2,0,64396912.5,True,2635,1334,1301,0.5062618595825427,1593453,604.7259962049336,False,False,False
20234,8096,3120229,방이동먹자골목,발달상권,송파구,방이2동,129814458,78882143,50932315,0.645676106948565,4860673,85787701,23899688,8648916,6191836,425644,3,0,43271486.0,True,2811,1380,1431,0.49092849519743864,1660793,590.8192813945216,False,False,False
20241,8097,3120229,방이동먹자골목,발달상권,송파구,방이2동,114925632,74096422,40829210,0.5510280914778855,2458770,64271905,37785382,6112861,3601834,694880,2,25,57462816.0,True,2811,1380,1431,0.49092849519743864,1678556,597.1383849163999,False,False,False
20242,8098,3120229,방이동먹자골목,발달상권,송파구,방이2동,98451136,57784918,40666218,0.7037514183199153,1746163,52542820,32697606,4710934,5787715,965898,3,25,32817045.333333332,True,2811,1380,1431,0.49092849519743864,1715191,610.1711134827464,False,False,False
20243,8099,3120229,방이동먹자골목,발달상권,송파구,방이2동,101117977,59849469,41268508,0.689538415119439,5465565,58461348,24801865,4294224,5660165,2434810,5,0,20223595.4,True,2811,1380,1431,0.49092849519743864,1713462,609.5560298826041,False,False,False
20244,8100,3120229,방이동먹자골목,발달상권,송파구,방이2동,68580345,39369277,29211068,0.7419762369524846,3769093,46148045,11162433,2578136,4623793,298845,5,17,13716069.0,True,2811,1380,1431,0.49092849519743864,1773563,630.9366773390252,False,False,True
20251,8101,3120229,방이동먹자골목,발달상권,송파구,방이2동,133831795,80239623,53592172,0.6679015927081312,3520525,74136690,38065844,6043078,11230715,834943,5,0,26766359.0,True,2811,1380,1431,0.49092849519743864,1745362,620.9043045179651,False,False,True
20252,8102,3120229,방이동먹자골목,발달상권,송파구,방이2동,133415780,79095583,54320197,0.6867665037629219,4321105,73991879,32557564,10485507,10634413,1425312,5,20,26683156.0,True,2811,1380,1431,0.49092849519743864,1682750,598.6303806474564,False,False,True
20253,8103,3120229,방이동먹자골목,발달상권,송파구,방이2동,510108127,257272787,252835340,0.9827519767957424,32962660,283453206,104588006,37563726,45068179,6472350,5,0,102021625.4,True,2811,1380,1431,0.49092849519743864,1640404,583.5659907506225,False,False,True
20254,8104,3120229,방이동먹자골목,발달상권,송파구,방이2동,491800070,266465154,225334916,0.8456449656453016,39598004,262378045,104349658,34710997,43866443,6896923,5,0,98360014.0,True,2811,1380,1431,0.49092849519743864,1757139,625.093916755603,False,False,True
20211,8085,3120234,가락시장역,발달상권,송파구,가락본동,1227150194,724310176,502840018,0.6942329883820382,37121431,801525852,290502858,57540831,38156290,2302932,9,0,136350021.55555555,True,2694,1460,1234,0.5419450631031922,1596324,592.5478841870824,False,False,False
20212,8086,3120234,가락시장역,발달상권,송파구,가락본동,1259986058,738245162,521740896,0.7067312091643616,54354355,860596138,210500005,78236217,45496463,10802880,10,9,125998605.8,True,2694,1460,1234,0.5419450631031922,1675212,621.8307349665924,False,False,False
20213,8087,3120234,가락시장역,발달상권,송파구,가락본동,1172906812,690695925,482210887,0.6981522107575776,65370013,750789534,218728627,78784907,43780553,15453178,11,8,106627892.0,True,2694,1460,1234,0.5419450631031922,1571968,583.5070527097254,False,False,False
20214,8088,3120234,가락시장역,발달상권,송파구,가락본동,1146442554,717545714,428896840,0.5977275477113365,101358298,711924457,200615273,84537868,37289229,10717429,13,0,88187888.76923077,True,2694,1460,1234,0.5419450631031922,1649915,612.4406087602079,False,False,False
20221,8089,3120234,가락시장역,발달상권,송파구,가락본동,983314226,611210040,372104186,0.6087992042800867,47889670,628810500,187067388,42185919,62340128,15020621,13,0,75639555.84615384,True,2694,1460,1234,0.5419450631031922,1602206,594.7312546399406,False,False,False
20222,8090,3120234,가락시장역,발달상권,송파구,가락본동,1130136944,704034159,426102785,0.6052302712204054,46030696,614195555,319933845,92526922,52050138,5399788,13,7,86933611.07692307,True,2694,1460,1234,0.5419450631031922,1676193,622.1948775055679,False,False,False
20223,8091,3120234,가락시장역,발달상권,송파구,가락본동,1154289787,727390771,426899016,0.5868908886664992,66855424,592823030,362134499,77420799,50524339,4531696,11,25,104935435.18181819,True,2694,1460,1234,0.5419450631031922,1721160,638.8864142538976,False,False,False
20224,8092,3120234,가락시장역,발달상권,송파구,가락본동,1062490761,651296260,411194501,0.6313478615707082,53697100,525478271,330130025,75577252,71550257,6057856,10,9,106249076.1,True,1751,930,821,0.5311250713877784,1837614,1049.4654483152485,False,False,False
20231,8093,3120234,가락시장역,발달상권,송파구,가락본동,1099776261,737406781,362369480,0.491410561086229,51088819,503148823,309891696,112456845,93461180,29728898,9,10,122197362.33333333,True,1751,930,821,0.5311250713877784,1768277,1009.8669331810394,False,False,False
20232,8094,3120234,가락시장역,발달상권,송파구,가락본동,905220178,563497337,341722841,0.6064320424641155,34812556,329141511,311461695,106350824,88022435,35431157,8,22,113152522.25,True,1751,930,821,0.5311250713877784,1741521,994.5865219874357,False,False,False
20233,8095,3120234,가락시장역,발달상권,송파구,가락본동,1027538238,639972796,387565442,0.6055967447716325,33063755,422931734,349563498,122321165,74517050,25141036,8,11,128442279.75,True,1751,930,821,0.5311250713877784,1693139,966.9554540262707,False,False,False
20234,8096,3120234,가락시장역,발달상권,송파구,가락본동,905305840,557176242,348129598,0.624810556800446,53183448,360329354,312677461,88188620,76378516,14548441,7,25,129329405.71428572,True,2495,1354,1141,0.5426853707414829,1829788,733.3819639278557,False,False,False
20241,8097,3120234,가락시장역,발달상권,송파구,가락본동,818436490,502532584,315903906,0.6286237272128806,22086022,294611892,339330251,74733566,74218573,13456186,5,33,163687298.0,True,2495,1354,1141,0.5426853707414829,1891722,758.2052104208417,False,False,False
20242,8098,3120234,가락시장역,발달상권,송파구,가락본동,689133784,449287110,239846674,0.5338383155483807,7732975,233203878,273443736,82344434,87612240,4796521,5,0,137826756.8,True,2495,1354,1141,0.5426853707414829,1830493,733.6645290581163,False,False,False
20243,8099,3120234,가락시장역,발달상권,송파구,가락본동,759011816,481631175,277380641,0.5759191999977992,27124188,253129523,276708139,111920686,80780608,9348672,5,0,151802363.2,True,2495,1354,1141,0.5426853707414829,1846916,740.2468937875751,False,False,False
20244,8100,3120234,가락시장역,발달상권,송파구,가락본동,790231168,530324251,259906917,0.49009057479440066,17979791,280764807,335208653,99600346,44540848,12136723,5,17,158046233.6,True,2495,1354,1141,0.5426853707414829,1917666,768.6036072144288,False,False,True
20251,8101,3120234,가락시장역,발달상권,송파구,가락본동,714406732,474819548,239587184,0.5045857631792362,12677979,184596573,335257788,127953989,44860099,9060304,5,0,142881346.4,True,2495,1354,1141,0.5426853707414829,1901966,762.3110220440882,False,False,True
20252,8102,3120234,가락시장역,발달상권,송파구,가락본동,614674478,402956774,211717704,0.5254104600311298,12723756,211327769,247196985,85965065,49292639,8168264,5,0,122934895.6,True,2495,1354,1141,0.5426853707414829,1977104,792.4264529058116,False,False,True
20253,8103,3120234,가락시장역,발달상권,송파구,가락본동,707789989,447705760,260084229,0.5809266983743966,22258760,222709842,280265270,117546506,56804776,8204835,4,20,176947497.25,True,2495,1354,1141,0.5426853707414829,2055049,823.6669338677355,False,False,True
20254,8104,3120234,가락시장역,발달상권,송파구,가락본동,790932305,527059294,263873011,0.5006514712934746,28824454,199996874,310545730,145099429,88085444,18380374,4,0,197733076.25,True,2495,1354,1141,0.5426853707414829,2080042,833.6841683366733,False,False,True
20211,8085,3120236,장지역(가든파이브),발달상권,송파구,문정2동,60916688,39532700,21383988,0.5409189860545827,6572504,33643552,15666582,2176135,2536144,321771,4,0,15229172.0,True,167,92,75,0.5508982035928144,189386,1134.0479041916167,False,False,False
20212,8086,3120236,장지역(가든파이브),발달상권,송파구,문정2동,73846883,51960670,21886213,0.42120729005226454,6006145,45013618,17547873,3630286,1529457,119504,4,0,18461720.75,True,167,92,75,0.5508982035928144,188134,1126.5508982035929,False,False,False
20213,8087,3120236,장지역(가든파이브),발달상권,송파구,문정2동,60152126,39564771,20587355,0.5203456125147293,7440963,36029269,9063946,3290167,4105816,221965,4,0,15038031.5,True,167,92,75,0.5508982035928144,195841,1172.7005988023952,False,False,False
20214,8088,3120236,장지역(가든파이브),발달상권,송파구,문정2동,66692590,44152780,22539810,0.5104958283487472,8629358,34195785,11456232,5844066,6378850,188299,4,0,16673147.5,True,167,92,75,0.5508982035928144,203096,1216.1437125748503,False,False,False
20221,8089,3120236,장지역(가든파이브),발달상권,송파구,문정2동,48349530,32248842,16100688,0.4992640665981123,2109972,22573677,13896145,3837871,5692541,239324,4,0,12087382.5,True,167,92,75,0.5508982035928144,204587,1225.0718562874251,False,False,False
20222,8090,3120236,장지역(가든파이브),발달상권,송파구,문정2동,74152195,49430949,24721246,0.5001167588346321,3822810,36834207,21367625,7752378,4185545,189630,4,0,18538048.75,True,167,92,75,0.5508982035928144,210135,1258.2934131736527,False,False,False
20223,8091,3120236,장지역(가든파이브),발달상권,송파구,문정2동,95841493,61693434,34148059,0.5535120479758024,8002837,44402746,23860567,10969826,8316664,288853,4,0,23960373.25,True,167,92,75,0.5508982035928144,201947,1209.2634730538923,False,False,False
20224,8092,3120236,장지역(가든파이브),발달상권,송파구,문정2동,29842910,17503454,12339456,0.7049726299734898,2831010,14285616,8860201,2095288,1676737,94058,6,0,4973818.333333333,True,188,109,79,0.5797872340425532,203050,1080.0531914893618,False,False,False
20231,8093,3120236,장지역(가든파이브),발달상권,송파구,문정2동,34856176,20577094,14279082,0.6939309311606391,1860091,20089622,9344711,2198114,1127599,236039,4,50,8714044.0,True,188,109,79,0.5797872340425532,204788,1089.2978723404256,False,False,False
20232,8094,3120236,장지역(가든파이브),발달상권,송파구,문정2동,41583930,25546742,16037188,0.62775863943825,2565001,22654620,9204883,2135256,4346840,677330,4,0,10395982.5,True,188,109,79,0.5797872340425532,205349,1092.281914893617,False,False,False
20233,8095,3120236,장지역(가든파이브),발달상권,송파구,문정2동,38224222,25172802,13051420,0.5184730726440386,1803646,21495593,8556418,1968489,4292319,107757,4,0,9556055.5,True,188,109,79,0.5797872340425532,203537,1082.6436170212767,False,False,False
20234,8096,3120236,장지역(가든파이브),발달상권,송파구,문정2동,29877546,18675952,11201594,0.5997870416458556,2047383,11626208,9446054,2801681,3943392,12828,4,0,7469386.5,True,157,84,73,0.535031847133758,197252,1256.3821656050955,False,False,False
20241,8097,3120236,장지역(가든파이브),발달상권,송파구,문정2동,37469923,24218381,13251542,0.5471687806051114,1302063,19235261,11701895,2845298,2385406,0,4,0,9367480.75,True,157,84,73,0.535031847133758,200979,1280.1210191082803,False,False,False
20242,8098,3120236,장지역(가든파이브),발달상권,송파구,문정2동,32398932,21654022,10744910,0.4962085103635713,2494330,14801839,9986620,3381652,1669493,64998,4,0,8099733.0,True,157,84,73,0.535031847133758,202178,1287.7579617834394,False,False,False
20243,8099,3120236,장지역(가든파이브),발달상권,송파구,문정2동,46846063,32447037,14399026,0.4437701353131258,3418373,29105624,10329589,2543740,1037595,411142,4,0,11711515.75,True,157,84,73,0.535031847133758,199313,1269.5095541401274,False,False,False
20244,8100,3120236,장지역(가든파이브),발달상권,송파구,문정2동,36087042,25199098,10887944,0.4320767354450544,1469472,19144182,9780229,2990256,2549607,153296,4,0,9021760.5,True,157,84,73,0.535031847133758,200052,1274.216560509554,False,False,True
20251,8101,3120236,장지역(가든파이브),발달상권,송파구,문정2동,44796115,29066162,15729953,0.5411775039305154,1409820,17844044,12705702,2527799,9777662,531088,4,0,11199028.75,True,157,84,73,0.535031847133758,202809,1291.7770700636943,False,False,True
20211,8085,3120237,경찰병원역,발달상권,송파구,가락본동,291000000,184363807,106636193,0.5784009059869327,15223813,152652133,80635981,6121734,28274805,8091534,3,0,97000000.0,True,3823,1982,1841,0.5184410149097567,1895995,495.9442845932514,False,False,False
20212,8086,3120237,경찰병원역,발달상권,송파구,가락본동,291000000,182042596,108957404,0.5985269733244191,11691955,145794182,109572117,3192535,14500559,6248652,3,0,97000000.0,True,3823,1982,1841,0.5184410149097567,2195260,574.224431075072,False,False,False
20213,8087,3120237,경찰병원역,발달상권,송파구,가락본동,291000000,195574540,95425460,0.48792373485833074,20534913,129219045,101523562,15912162,20438547,3371771,3,0,97000000.0,True,3823,1982,1841,0.5184410149097567,2466046,645.0551922573895,False,False,False
20214,8088,3120237,경찰병원역,발달상권,송파구,가락본동,291000000,186651602,104348398,0.5590543926861126,41939370,149101438,68159727,14685283,15075878,2038304,3,0,97000000.0,True,3823,1982,1841,0.5184410149097567,2568255,671.7904786816637,False,False,False
20221,8089,3120237,경찰병원역,발달상권,송파구,가락본동,291000000,194534386,96465614,0.49587949967878686,24095397,103146332,133650018,6410147,20979654,2718452,3,0,97000000.0,True,3823,1982,1841,0.5184410149097567,2321779,607.3185979597175,False,False,False
20222,8090,3120237,경찰병원역,발달상권,송파구,가락본동,291000000,168251895,122748105,0.7295496136908295,25455335,101182037,130160492,10126153,21966018,2109965,3,0,97000000.0,True,3823,1982,1841,0.5184410149097567,2370363,620.0269421919958,False,False,False
20223,8091,3120237,경찰병원역,발달상권,송파구,가락본동,291000000,184739794,106260206,0.5751885054066911,27480262,118038502,123738825,7952552,12207900,1581959,3,0,97000000.0,True,3823,1982,1841,0.5184410149097567,2285893,597.9317290086319,False,False,False
20224,8092,3120237,경찰병원역,발달상권,송파구,가락본동,291000000,187119159,103880841,0.5551587638334778,32689781,116719450,104913532,13563010,20253586,2860641,3,0,97000000.0,True,3652,1938,1714,0.5306681270536692,2261246,619.1801752464403,False,False,False
20231,8093,3120237,경찰병원역,발달상권,송파구,가락본동,291000000,197858116,93141884,0.4707508889855193,36560620,114525813,109150419,12569521,16531312,1662315,3,0,97000000.0,True,3652,1938,1714,0.5306681270536692,2119090,580.2546549835706,False,False,False
20232,8094,3120237,경찰병원역,발달상권,송파구,가락본동,291000000,185717023,105282977,0.5668999820226496,25092160,123107632,108330368,13246853,20494047,728940,3,0,97000000.0,True,3652,1938,1714,0.5306681270536692,2076086,568.4791894852136,False,False,False
20233,8095,3120237,경찰병원역,발달상권,송파구,가락본동,291000000,178343082,112656918,0.6316865041056092,25584383,116925113,85653101,18664904,42818820,1353679,3,0,97000000.0,True,3652,1938,1714,0.5306681270536692,2147161,587.9411281489595,False,False,False
20234,8096,3120237,경찰병원역,발달상권,송파구,가락본동,291000000,179634240,111365760,0.6199584221805375,24603971,118722402,76003297,29456754,40320331,1893245,3,0,97000000.0,True,3475,1866,1609,0.536978417266187,2346207,675.1674820143885,False,False,False
20241,8097,3120237,경찰병원역,발달상권,송파구,가락본동,291000000,180801091,110198909,0.6095035621217574,33798367,126644895,76562905,24404582,28303321,1285930,3,0,97000000.0,True,3475,1866,1609,0.536978417266187,2640052,759.7271942446043,False,False,False
20242,8098,3120237,경찰병원역,발달상권,송파구,가락본동,291000000,171488311,119511689,0.6969086598561228,39048480,108089149,85577946,21288767,34385089,2610569,3,33,97000000.0,True,3475,1866,1609,0.536978417266187,2379538,684.7591366906474,False,False,False
20211,8085,3120240,개롱역,발달상권,송파구,가락2동,780007384,483997303,296010081,0.6115944844428193,56432525,496553955,100269730,72829396,39069224,14852554,4,17,195001846.0,True,3595,1737,1858,0.4831710709318498,1563097,434.79749652294856,False,False,False
20212,8086,3120240,개롱역,발달상권,송파구,가락2동,856718306,541294988,315423318,0.5827198200475486,63528264,563073572,103345052,72511682,40338194,13921542,4,17,214179576.5,True,3595,1737,1858,0.4831710709318498,1540019,428.37802503477053,False,False,False
20213,8087,3120240,개롱역,발달상권,송파구,가락2동,697080375,438331988,258748387,0.5903023144183581,60412821,418845738,130578787,26008556,25199519,36034954,4,0,174270093.75,True,3595,1737,1858,0.4831710709318498,1732940,482.0417246175243,False,False,False
20214,8088,3120240,개롱역,발달상권,송파구,가락2동,628695787,423035499,205660288,0.48615373529208245,60560518,341516918,133162830,44709971,40661415,8084135,2,100,314347893.5,True,3595,1737,1858,0.4831710709318498,1700151,472.9210013908206,False,False,False
20221,8089,3120240,개롱역,발달상권,송파구,가락2동,439114618,303943331,135171287,0.4447252932159252,28542288,216497417,119263345,7366996,62895201,4549371,2,0,219557309.0,True,3595,1737,1858,0.4831710709318498,1641115,456.49930458970795,False,False,False
20222,8090,3120240,개롱역,발달상권,송파구,가락2동,130753533,94764401,35989132,0.3797748059421597,9275482,78563400,29744383,1269896,8450704,3449668,2,0,65376766.5,True,3595,1737,1858,0.4831710709318498,1626052,452.30931849791375,False,False,False
20232,8094,3120240,개롱역,발달상권,송파구,가락2동,439187863,301862287,137325576,0.4549278989594351,44570755,200120001,114755454,22511208,48328077,8902368,2,0,219593931.5,True,3745,1797,1948,0.47983978638184244,1689726,451.1951935914553,False,False,False
20233,8095,3120240,개롱역,발달상권,송파구,가락2동,433563731,242645181,190918550,0.7868219315676416,73615338,197963048,82086850,12997171,44447958,22453366,2,0,216781865.5,True,3745,1797,1948,0.47983978638184244,1698583,453.56021361815755,False,False,False
20234,8096,3120240,개롱역,발달상권,송파구,가락2동,382016332,247093084,134923248,0.5460421870812054,49146309,184933611,79663104,15317310,39425708,13530290,2,0,191008166.0,True,3496,1665,1831,0.4762585812356979,1682113,481.15360411899314,False,False,False
20242,8098,3120240,개롱역,발달상권,송파구,가락2동,133339148,84441581,48897567,0.5790697713251011,4595920,62446310,40512207,6078754,16825779,2880178,2,0,66669574.0,True,3496,1665,1831,0.4762585812356979,1603168,458.5720823798627,False,False,False
20252,8102,3120240,개롱역,발달상권,송파구,가락2동,252772411,161968794,90803617,0.5606241471428132,40657368,88905445,68006757,24140214,28684770,2377857,3,0,84257470.33333333,True,3496,1665,1831,0.4762585812356979,1512360,432.59725400457666,False,False,True
20253,8103,3120240,개롱역,발달상권,송파구,가락2동,379374631,246194759,133179872,0.5409533189940896,34878057,147960214,124251340,29268237,41410897,1605886,3,0,126458210.33333333,True,3496,1665,1831,0.4762585812356979,1524293,436.0105835240275,False,False,True
20254,8104,3120240,개롱역,발달상권,송파구,가락2동,378000000,254217936,123782064,0.48691318145231105,38580798,119590730,125930857,37345717,56202232,349666,3,0,126000000.0,True,3496,1665,1831,0.4762585812356979,1475141,421.95108695652175,False,False,True
20211,8085,3120241,거여역,발달상권,송파구,거여2동,45844308,29745523,16098785,0.5412170766000651,2569599,24134653,7269742,10026588,1387552,456174,2,0,22922154.0,True,1814,931,883,0.5132304299889746,662199,365.04906284454245,False,False,False
20212,8086,3120241,거여역,발달상권,송파구,거여2동,43512048,26732738,16779310,0.6276689652964093,5767167,21856491,8128430,5580099,2117440,62421,2,0,21756024.0,True,1814,931,883,0.5132304299889746,664800,366.4829106945976,False,False,False
20213,8087,3120241,거여역,발달상권,송파구,거여2동,40754716,26630336,14124380,0.5303868490431364,2660173,26458893,7170753,3339606,1125291,0,2,33,20377358.0,True,1814,931,883,0.5132304299889746,684150,377.14994487320837,False,False,False
20214,8088,3120241,거여역,발달상권,송파구,거여2동,45234207,30426741,14807466,0.4866596130029174,2053905,23730833,10462428,6135054,1922620,929367,2,0,22617103.5,True,1814,931,883,0.5132304299889746,655829,361.5374862183021,False,False,False
20221,8089,3120241,거여역,발달상권,송파구,거여2동,46804577,31073726,15730851,0.5062428303577112,1325272,28890933,10485440,1795678,3498931,808323,2,0,23402288.5,True,1814,931,883,0.5132304299889746,648852,357.69128996692393,False,False,False
20222,8090,3120241,거여역,발달상권,송파구,거여2동,24295784,15218354,9077430,0.5964790935997415,558877,12930993,5883573,3257235,1032289,632817,2,0,12147892.0,True,1814,931,883,0.5132304299889746,645663,355.9332965821389,False,False,False
20211,8085,3120243,천호역,발달상권,강동구,천호2동,487830620,318223781,169606839,0.5329797743808468,19714757,322127320,89871177,16773513,19954416,19389437,8,0,60978827.5,True,4206,2016,2190,0.4793152639087018,1555708,369.8782691393248,False,False,False
20212,8086,3120243,천호역,발달상권,강동구,천호2동,580138844,375488371,204650473,0.5450247965202629,29370407,364461352,131412796,20236904,20944200,13713185,8,0,72517355.5,True,4206,2016,2190,0.4793152639087018,1494482,355.32144555397053,False,False,False
20213,8087,3120243,천호역,발달상권,강동구,천호2동,386565628,263617219,122948409,0.4663899022468635,19020786,237391133,97457946,13509839,10314482,8871442,7,13,55223661.14285714,True,4206,2016,2190,0.4793152639087018,1368439,325.3540180694246,False,False,False
20214,8088,3120243,천호역,발달상권,강동구,천호2동,366104405,237191191,128913214,0.5434991639297431,17831961,212158375,106341636,17791324,9286127,2694982,7,29,52300629.28571428,True,4206,2016,2190,0.4793152639087018,1369946,325.71231573941986,False,False,False
20221,8089,3120243,천호역,발달상권,강동구,천호2동,321807297,208267516,113539781,0.5451631784958726,7684173,181412835,92167421,28016746,8801036,3725086,7,0,45972471.0,True,4206,2016,2190,0.4793152639087018,1332776,316.8749405611032,False,False,False
20222,8090,3120243,천호역,발달상권,강동구,천호2동,423171797,262257934,160913863,0.6135710006775238,9017452,235142660,126462113,31257018,13891272,7401282,7,0,60453113.85714286,True,4206,2016,2190,0.4793152639087018,1362801,324.0135520684736,False,False,False
20223,8091,3120243,천호역,발달상권,강동구,천호2동,537989772,346171275,191818497,0.5541144250053677,17280688,265250031,154602241,79146788,14698682,7011342,7,0,76855681.71428572,True,4206,2016,2190,0.4793152639087018,1303716,309.9657631954351,False,False,False
20224,8092,3120243,천호역,발달상권,강동구,천호2동,605694754,384120801,221573953,0.5768340387273118,27348601,286815126,166051888,83853104,35868209,5757826,7,0,86527822.0,True,2895,1384,1511,0.4780656303972366,1284575,443.72193436960276,False,False,False
20231,8093,3120243,천호역,발달상권,강동구,천호2동,480748823,309145716,171603107,0.5550880963849423,30083623,221125570,166000034,30186736,24580621,8772239,7,0,68678403.28571428,True,2895,1384,1511,0.4780656303972366,1269250,438.42832469775476,False,False,False
20232,8094,3120243,천호역,발달상권,강동구,천호2동,403008831,252498261,150510570,0.5960855706645837,21291393,192036920,147930786,19554026,18865077,3330629,6,13,67168138.5,True,2895,1384,1511,0.4780656303972366,1290758,445.85768566493954,False,False,False
20233,8095,3120243,천호역,발달상권,강동구,천호2동,459996151,280751283,179244868,0.6384471909964522,36010453,198208634,165365499,33109068,21181896,6120601,6,0,76666025.16666667,True,2895,1384,1511,0.4780656303972366,1320542,456.1457685664939,False,False,False
20234,8096,3120243,천호역,발달상권,강동구,천호2동,386395233,242294718,144100515,0.5947323828990775,25067018,165661808,143747674,31036303,15973160,4909270,6,0,64399205.5,True,3806,1755,2051,0.4611140304781923,1355682,356.1960063058329,False,False,False
20241,8097,3120243,천호역,발달상권,강동구,천호2동,355940981,233980233,121960748,0.5212438095144558,7331598,137616434,144660692,40248218,13930100,12153939,6,0,59323496.833333336,True,3806,1755,2051,0.4611140304781923,1354792,355.96216500262744,False,False,False
20242,8098,3120243,천호역,발달상권,강동구,천호2동,345111816,229700192,115411624,0.50244461267146,5597647,123569876,163625084,26174186,22941189,3203834,6,0,57518636.0,True,3806,1755,2051,0.4611140304781923,1316392,345.8728323699422,False,False,False
20243,8099,3120243,천호역,발달상권,강동구,천호2동,305220676,198149421,107071255,0.5403561335664968,7853011,130739504,123806487,30207954,11021383,1592337,6,0,50870112.666666664,True,3806,1755,2051,0.4611140304781923,1326736,348.59064634787177,False,False,False
20244,8100,3120243,천호역,발달상권,강동구,천호2동,284377200,188755853,95621347,0.5065874540059958,11237556,111154865,119214801,25774186,14485667,2510125,6,0,47396200.0,True,3806,1755,2051,0.4611140304781923,1534890,403.2816605359958,False,False,True
20251,8101,3120243,천호역,발달상권,강동구,천호2동,300724441,202886241,97838200,0.4822318138369965,7028976,104954413,132396427,38457846,15832555,2054224,6,0,50120740.166666664,True,3806,1755,2051,0.4611140304781923,1520273,399.4411455596427,False,False,True
20252,8102,3120243,천호역,발달상권,강동구,천호2동,260598937,179383069,81215868,0.4527510230076396,7866085,104349579,99537093,33935413,14438620,472147,6,0,43433156.166666664,True,3806,1755,2051,0.4611140304781923,1460712,383.7919075144509,False,False,True
20253,8103,3120243,천호역,발달상권,강동구,천호2동,289860745,206860101,83000644,0.4012404692773499,21992548,113082407,106985043,28688639,18129226,982882,5,14,57972149.0,True,3806,1755,2051,0.4611140304781923,1592396,418.39096163951655,False,False,True
20254,8104,3120243,천호역,발달상권,강동구,천호2동,277582373,190104470,87477903,0.46015700209469035,17379150,92523484,117660747,34442506,13303455,2273031,5,0,55516474.6,True,3806,1755,2051,0.4611140304781923,1638805,430.58460325801366,False,False,True
20211,8085,3120244,암사역,발달상권,강동구,암사2동,964187399,626122093,338065306,0.5399351177342979,39342634,667254348,158357837,56235774,39426678,3570128,4,0,241046849.75,True,2164,1092,1072,0.5046210720887245,765274,353.63863216266174,False,False,False
20212,8086,3120244,암사역,발달상권,강동구,암사2동,961591405,587420692,374170713,0.6369723063824249,52518865,636668131,174630895,61392616,29537187,6843711,5,0,192318281.0,True,2164,1092,1072,0.5046210720887245,719694,332.5757855822551,False,False,False
20213,8087,3120244,암사역,발달상권,강동구,암사2동,675710488,412400344,263310144,0.6384818728473224,46614090,454839271,115657934,37543904,18744304,2310985,5,0,135142097.6,True,2164,1092,1072,0.5046210720887245,685678,316.8567467652495,False,False,False
20214,8088,3120244,암사역,발달상권,강동구,암사2동,704654092,466931610,237722482,0.5091162750793419,78352011,430730393,101217962,71128698,22409580,815448,5,0,140930818.4,True,2164,1092,1072,0.5046210720887245,685955,316.98475046210723,False,False,False
20221,8089,3120244,암사역,발달상권,강동구,암사2동,597587107,370845202,226741905,0.6114192762294387,63026288,396187792,90702184,27163138,15471181,5036524,5,0,119517421.4,True,2164,1092,1072,0.5046210720887245,810963,374.7518484288355,False,False,False
20222,8090,3120244,암사역,발달상권,강동구,암사2동,649598747,415401044,234197703,0.5637869870158535,45053266,405402433,125015919,41344901,29831564,2950664,4,25,162399686.75,True,2164,1092,1072,0.5046210720887245,853868,394.57855822550835,False,False,False
20223,8091,3120244,암사역,발달상권,강동구,암사2동,832884761,542680402,290204359,0.5347610820852897,83106787,517691152,141992402,52699490,20595316,16799614,4,0,208221190.25,True,2164,1092,1072,0.5046210720887245,820867,379.32855822550835,False,False,False
20224,8092,3120244,암사역,발달상권,강동구,암사2동,755670986,452898800,302772186,0.6685206187342515,101801667,449444733,120168661,58605021,22418664,3232240,4,0,188917746.5,True,2226,1140,1086,0.5121293800539084,786706,353.4168912848158,False,False,False
20231,8093,3120244,암사역,발달상권,강동구,암사2동,864507280,569490687,295016593,0.5180358515678414,35025217,559548855,179034950,62635802,26102049,2160407,4,0,216126820.0,True,2226,1140,1086,0.5121293800539084,786444,353.29919137466305,False,False,False
20232,8094,3120244,암사역,발달상권,강동구,암사2동,713041754,440598385,272443369,0.6183485420628585,19343373,424657190,166193604,67410502,24119938,11317147,4,0,178260438.5,True,2226,1140,1086,0.5121293800539084,757446,340.2722371967655,False,False,False
20233,8095,3120244,암사역,발달상권,강동구,암사2동,728859459,460004301,268855158,0.5844622700603836,26380185,394781222,182707756,77020192,40008645,7961459,4,0,182214864.75,True,2226,1140,1086,0.5121293800539084,740560,332.6864330637916,False,False,False
20234,8096,3120244,암사역,발달상권,강동구,암사2동,650728144,403516926,247211218,0.6126415078806384,26437081,365926266,131052420,99638129,26304757,1369491,4,0,162682036.0,True,2086,1055,1031,0.5057526366251198,737658,353.6232023010547,False,False,False
20241,8097,3120244,암사역,발달상권,강동구,암사2동,659956027,422794656,237161371,0.5609374849808887,12966305,334876322,161541042,105293116,43222599,2056643,3,33,219985342.33333334,True,2086,1055,1031,0.5057526366251198,768306,368.3154362416107,False,False,False
20242,8098,3120244,암사역,발달상권,강동구,암사2동,581294848,359149115,222145733,0.6185334272646057,6798007,299603578,160202432,84820340,21843355,8027136,3,0,193764949.33333334,True,2086,1055,1031,0.5057526366251198,707984,339.3978906999041,False,False,False
20243,8099,3120244,암사역,발달상권,강동구,암사2동,475148592,306879522,168269070,0.5483229017803279,22595381,267641379,106959695,54722072,16442897,6787168,3,0,158382864.0,True,2086,1055,1031,0.5057526366251198,688201,329.9141898370086,False,False,False
20244,8100,3120244,암사역,발달상권,강동구,암사2동,550672233,341720476,208951757,0.6114698172198496,33158586,289948614,169228441,33815987,22824742,1695863,3,0,183557411.0,True,2086,1055,1031,0.5057526366251198,715128,342.8226270373921,False,False,True
20211,8085,3120245,둔촌역,발달상권,강동구,성내3동,183206073,119778464,63427609,0.5295410116463006,17612036,91718983,41542944,17356211,12864520,1381796,10,0,18320607.3,True,2797,1426,1371,0.5098319628173043,1115850,398.9452985341437,False,False,False
20212,8086,3120245,둔촌역,발달상권,강동구,성내3동,222860629,135924179,86936450,0.6395951819580238,17124581,123135019,54087103,12252164,14925248,1336514,10,0,22286062.9,True,2797,1426,1371,0.5098319628173043,1153403,412.3714694315338,False,False,False
20213,8087,3120245,둔촌역,발달상권,강동구,성내3동,209397060,130629130,78767930,0.6029890117158401,16953925,113195153,44259622,13257431,18246391,3484538,10,0,20939706.0,True,2797,1426,1371,0.5098319628173043,1194527,427.07436539149086,False,False,False
20214,8088,3120245,둔촌역,발달상권,강동구,성내3동,191741872,120537115,71204757,0.5907288970704169,13690863,84395898,57292260,17039485,12579692,6743674,13,7,14749374.76923077,True,2797,1426,1371,0.5098319628173043,1249221,446.62888809438687,False,False,False
20221,8089,3120245,둔촌역,발달상권,강동구,성내3동,154997817,93163330,61834487,0.6637213053676806,10682400,83155273,33909555,13724649,11585181,1940759,12,8,12916484.75,True,2797,1426,1371,0.5098319628173043,1208954,432.232391848409,False,False,False
20222,8090,3120245,둔촌역,발달상권,강동구,성내3동,194661450,112412377,82249073,0.731672749878779,23565537,100572719,39574203,11121085,18077803,1750103,12,0,16221787.5,True,2797,1426,1371,0.5098319628173043,1190932,425.78905970682877,False,False,False
20223,8091,3120245,둔촌역,발달상권,강동구,성내3동,225403660,137695633,87708027,0.6369702879393423,22417610,119092470,56149147,9539513,15758589,2446331,11,8,20491241.818181816,True,2797,1426,1371,0.5098319628173043,1138403,407.0085806220951,False,False,False
20224,8092,3120245,둔촌역,발달상권,강동구,성내3동,191211900,111866812,79345088,0.7092817483705534,19762501,89253235,49471303,18444594,12030738,2249529,11,0,17382900.0,True,2701,1415,1286,0.5238800444279896,1205359,446.2639763050722,False,False,False
20231,8093,3120245,둔촌역,발달상권,강동구,성내3동,211474215,128341936,83132279,0.6477405717177276,9736695,94019375,60179037,27639567,17261182,2638359,11,0,19224928.636363637,True,2701,1415,1286,0.5238800444279896,1230950,455.7386153276564,False,False,False
20232,8094,3120245,둔촌역,발달상권,강동구,성내3동,182011778,109931279,72080499,0.6556868950828817,5056626,71334550,57229337,25600627,15531630,5132411,10,9,18201177.8,True,2701,1415,1286,0.5238800444279896,1249722,462.68863383931875,False,False,False
20233,8095,3120245,둔촌역,발달상권,강동구,성내3동,232355773,137560818,94794955,0.6891130510724355,9689553,93614758,74781576,24898900,21683407,7687579,10,0,23235577.3,True,2701,1415,1286,0.5238800444279896,1215527,450.0285079600148,False,False,False
20234,8096,3120245,둔촌역,발달상권,강동구,성내3동,207957261,128155476,79801785,0.6226950848358599,16666962,72058111,74313815,23169574,18056648,3692151,10,0,20795726.1,True,2398,1217,1181,0.5075062552126772,1208408,503.9232693911593,False,False,False
20241,8097,3120245,둔촌역,발달상권,강동구,성내3동,202298391,124958229,77340162,0.6189281219726633,7217184,78636049,63593957,30374771,19029457,3446973,10,0,20229839.1,True,2398,1217,1181,0.5075062552126772,1226026,511.27022518765637,False,False,False
20242,8098,3120245,둔촌역,발달상권,강동구,성내3동,153554140,87886662,65667478,0.7471836625220787,5872459,62371492,51494605,22737601,9126486,1951497,10,0,15355414.0,True,2398,1217,1181,0.5075062552126772,1283556,535.2610508757298,False,False,False
20243,8099,3120245,둔촌역,발달상권,강동구,성내3동,251413145,158210839,93202306,0.5891019009133754,14478289,104142895,76732481,37479495,15940076,2639909,11,0,22855740.454545453,True,2398,1217,1181,0.5075062552126772,1251389,521.8469557964971,False,False,False
20244,8100,3120245,둔촌역,발달상권,강동구,성내3동,104348477,71520868,32827609,0.4589934367127647,13072001,33857808,30051663,18413772,6779084,2174149,11,0,9486225.181818182,True,2398,1217,1181,0.5075062552126772,1272499,530.6501251042536,False,False,True
20251,8101,3120245,둔촌역,발달상권,강동구,성내3동,104886324,65949221,38937103,0.5904103552640902,5193477,32536855,35615286,18605853,11598780,1336073,10,18,10488632.4,True,2398,1217,1181,0.5075062552126772,1394136,581.3744787322769,False,False,True
20252,8102,3120245,둔촌역,발달상권,강동구,성내3동,66488387,39410508,27077879,0.6870725695796664,2978953,22400039,25030265,11229301,4333098,516731,9,10,7387598.555555556,True,2398,1217,1181,0.5075062552126772,1391111,580.1130108423687,False,False,True
20253,8103,3120245,둔촌역,발달상권,강동구,성내3동,260553559,150344509,110209050,0.7330433996761399,8901235,109851257,75004579,37576429,15365934,13854125,9,0,28950395.444444444,True,2398,1217,1181,0.5075062552126772,1446627,603.2639699749792,False,False,True
20254,8104,3120245,둔촌역,발달상권,강동구,성내3동,250758295,154544241,96214054,0.6225664144935689,15399601,107457708,67009126,43642634,10263693,6985533,9,0,27862032.777777776,True,2398,1217,1181,0.5075062552126772,1457195,607.6709758131776,False,False,True
20211,8085,3120246,길동역,발달상권,강동구,길동,89000000,54216972,34783028,0.6415523906425464,5535231,50875305,23186572,2644871,6250524,507497,8,0,11125000.0,True,6298,3044,3254,0.4833280406478247,3435695,545.5215941568752,False,False,False
20212,8086,3120246,길동역,발달상권,강동구,길동,69000000,43243758,25756242,0.5956060063050025,5590944,38844891,21581268,1661296,1116994,204607,7,14,9857142.857142856,True,6298,3044,3254,0.4833280406478247,3378764,536.4820577961258,False,False,False
20213,8087,3120246,길동역,발달상권,강동구,길동,69000000,43885436,25114564,0.5722755950288383,4544095,40252902,22508491,852773,829531,12208,7,0,9857142.857142856,True,6298,3044,3254,0.4833280406478247,3607300,572.7691330581137,False,False,False
20214,8088,3120246,길동역,발달상권,강동구,길동,69000000,43187410,25812590,0.5976878446751033,5553203,39918208,20912124,1656611,770978,188876,7,14,9857142.857142856,True,6298,3044,3254,0.4833280406478247,3943442,626.1419498253414,False,False,False
20221,8089,3120246,길동역,발달상권,강동구,길동,69000000,41407057,27592943,0.6663826168568319,1218108,28385761,34287464,2389584,2342507,376576,7,0,9857142.857142856,True,6298,3044,3254,0.4833280406478247,3923980,623.0517624642744,False,False,False
20222,8090,3120246,길동역,발달상권,강동구,길동,69000000,43804306,25195694,0.5751876082684657,1689399,33873909,28713634,2588805,2034478,99775,7,0,9857142.857142856,True,6298,3044,3254,0.4833280406478247,4064007,645.2853286757701,False,False,False
20223,8091,3120246,길동역,발달상권,강동구,길동,69000000,44056850,24943150,0.5661582705073105,1515298,34848694,28100755,2785351,1331452,418450,8,0,8625000.0,True,6298,3044,3254,0.4833280406478247,4076616,647.2873928231185,False,False,False
20224,8092,3120246,길동역,발달상권,강동구,길동,69000000,44750252,24249748,0.5418907585146112,2851578,28555802,27314599,6887804,2361652,1028565,8,0,8625000.0,True,5185,2536,2649,0.4891031822565092,4210963,812.1432979749277,False,False,False
20231,8093,3120246,길동역,발달상권,강동구,길동,69000000,43927934,25072066,0.5707544998587915,1492058,33084556,26849840,4222078,3117448,234020,8,13,8625000.0,True,5185,2536,2649,0.4891031822565092,4279825,825.4243008678882,False,False,False
20232,8094,3120246,길동역,발달상권,강동구,길동,69000000,39845590,29154410,0.7316847360021523,2548084,26179827,28469040,5790430,4791509,1221110,9,0,7666666.666666667,True,5185,2536,2649,0.4891031822565092,4289607,827.3108968177435,False,False,False
20233,8095,3120246,길동역,발달상권,강동구,길동,69000000,40376201,28623799,0.7089274941939189,2320785,23743087,31594021,5144760,5095734,1101613,10,0,6900000.0,True,5185,2536,2649,0.4891031822565092,4181451,806.4514946962391,False,False,False
20234,8096,3120246,길동역,발달상권,강동구,길동,69000000,41801686,27198314,0.6506511244546452,2231549,26263341,30192833,4510349,4700007,1101921,8,25,8625000.0,True,6440,2982,3458,0.46304347826086956,4412632,685.1913043478261,False,False,False
20241,8097,3120246,길동역,발달상권,강동구,길동,69000000,44515048,24484952,0.5500376412039363,1391590,27477515,28701767,7648885,3131515,648728,8,13,8625000.0,True,6440,2982,3458,0.46304347826086956,4442311,689.7998447204969,False,False,False
20242,8098,3120246,길동역,발달상권,강동구,길동,69000000,44250226,24749774,0.5593140699439592,964519,26512530,24722364,12613348,3495187,692052,7,14,9857142.857142856,True,6440,2982,3458,0.46304347826086956,4281735,664.8656832298136,False,False,False
20243,8099,3120246,길동역,발달상권,강동구,길동,69000000,45088276,23911724,0.5303312994269286,2505372,27301207,22080462,14389369,2164454,559136,7,0,9857142.857142856,True,6440,2982,3458,0.46304347826086956,4219058,655.1332298136646,False,False,False
20244,8100,3120246,길동역,발달상권,강동구,길동,69000000,41591513,27408487,0.6589923045117402,1618262,22513845,25447581,15961388,2801525,657399,7,14,9857142.857142856,True,6440,2982,3458,0.46304347826086956,4239011,658.2315217391305,False,False,True
20251,8101,3120246,길동역,발달상권,강동구,길동,69000000,45850349,23149651,0.5048958515015883,2211651,14649551,32568711,14657620,3447801,1464666,7,0,9857142.857142856,True,6440,2982,3458,0.46304347826086956,4448173,690.7100931677019,False,False,True
20252,8102,3120246,길동역,발달상권,강동구,길동,69000000,44614604,24385396,0.5465787839336196,1187344,15993606,33827103,10619632,4822000,2550315,7,0,9857142.857142856,True,6440,2982,3458,0.46304347826086956,4381699,680.3880434782609,False,False,True
20253,8103,3120246,길동역,발달상권,강동구,길동,69000000,40209271,28790729,0.7160221581734223,2566980,15820806,27681262,16348540,4820335,1762077,7,0,9857142.857142856,True,6440,2982,3458,0.46304347826086956,4400591,683.3215838509317,False,False,True
20254,8104,3120246,길동역,발달상권,강동구,길동,69000000,43427490,25572510,0.5888553540625995,2075485,21654153,26323527,10926883,3428445,4591507,7,0,9857142.857142856,True,6440,2982,3458,0.46304347826086956,4447262,690.5686335403726,False,False,True
20211,8085,3120247,굽은다리역,발달상권,강동구,천호1동,487160069,316286020,170874049,0.5402516652490679,35213677,287559125,74609193,44239268,34873617,10665189,5,0,97432013.8,True,1819,832,987,0.45739417262231996,662299,364.10060472787245,False,False,False
20212,8086,3120247,굽은다리역,발달상권,강동구,천호1동,540757626,346756304,194001322,0.5594745351767274,32742751,349169362,88481465,41635973,22099968,6628107,5,0,108151525.2,True,1819,832,987,0.45739417262231996,670110,368.3947223749313,False,False,False
20213,8087,3120247,굽은다리역,발달상권,강동구,천호1동,474873599,304209429,170664170,0.561008810808425,44368490,299616817,71798759,32963053,23177417,2949063,5,0,94974719.8,True,1819,832,987,0.45739417262231996,666107,366.19406267179767,False,False,False
20214,8088,3120247,굽은다리역,발달상권,강동구,천호1동,479539422,303562319,175977103,0.5797066763085309,49682103,301229633,61144536,40655331,26431313,396506,5,0,95907884.4,True,1819,832,987,0.45739417262231996,659965,362.81748213304013,False,False,False
20221,8089,3120247,굽은다리역,발달상권,강동구,천호1동,404090541,255476708,148613833,0.5817118678388481,42082431,215287537,76472430,28056233,39338913,2852997,5,0,80818108.2,True,1819,832,987,0.45739417262231996,663223,364.60857614073666,False,False,False
20222,8090,3120247,굽은다리역,발달상권,강동구,천호1동,441056220,283913474,157142746,0.5534881588606816,33662310,237653328,95417610,28858863,43549767,1914342,5,0,88211244.0,True,1819,832,987,0.45739417262231996,662971,364.4700384826828,False,False,False
20223,8091,3120247,굽은다리역,발달상권,강동구,천호1동,490674974,307972088,182702886,0.5932449501722377,48761635,284207304,90076823,26490371,34671776,6467065,5,0,98134994.8,True,1819,832,987,0.45739417262231996,638436,350.9818581638263,False,False,False
20224,8092,3120247,굽은다리역,발달상권,강동구,천호1동,465921898,273109298,192812600,0.7059906103965746,51086045,269139617,81341934,27005972,33864857,3483473,5,0,93184379.6,True,1781,840,941,0.4716451431779899,650495,365.2414373947221,False,False,False
20231,8093,3120247,굽은다리역,발달상권,강동구,천호1동,517024146,327878687,189145459,0.5768763463420847,50928794,239231267,134788144,51247029,33505205,7323707,6,0,86170691.0,True,1781,840,941,0.4716451431779899,660854,371.05783267827064,False,False,False
20232,8094,3120247,굽은다리역,발달상권,강동구,천호1동,509837318,330854235,178983083,0.5409726219765632,54505075,234176055,129711401,54096470,32711670,4636647,6,0,84972886.33333333,True,1781,840,941,0.4716451431779899,673667,378.2521055586749,False,False,False
20233,8095,3120247,굽은다리역,발달상권,강동구,천호1동,406906818,255549823,151356995,0.5922797880396106,49139162,191601557,92525141,44258846,24717314,4664798,6,17,67817803.0,True,1781,840,941,0.4716451431779899,717393,402.8034811903425,False,False,False
20234,8096,3120247,굽은다리역,발달상권,강동구,천호1동,274364599,172504877,101859722,0.5904744478615523,33666799,131798954,54506878,32121038,18669590,3601340,6,0,45727433.166666664,True,1800,836,964,0.46444444444444444,710160,394.53333333333336,False,False,False
20241,8097,3120247,굽은다리역,발달상권,강동구,천호1동,150253774,97057187,53196587,0.5480952894297256,13830416,67612814,38859417,12445957,17175859,329311,7,14,21464824.85714286,True,1800,836,964,0.46444444444444444,712135,395.63055555555553,False,False,False
20242,8098,3120247,굽은다리역,발달상권,강동구,천호1동,138972921,84553251,54419670,0.6436141645221897,7156177,47908372,42214056,19640190,20861714,1192412,7,0,19853274.42857143,True,1800,836,964,0.46444444444444444,670474,372.48555555555555,False,False,False
20243,8099,3120247,굽은다리역,발달상권,강동구,천호1동,125668678,76823783,48844895,0.6358043445999008,10099309,38201480,40948949,16299254,19876943,242743,7,0,17952668.285714287,True,1800,836,964,0.46444444444444444,675057,375.0316666666667,False,False,False
20244,8100,3120247,굽은다리역,발달상권,강동구,천호1동,123405569,76266474,47139095,0.6180841007544153,9069121,44986721,44275370,13585587,11168614,320156,5,40,24681113.8,True,1800,836,964,0.46444444444444444,665403,369.66833333333335,False,False,True
20251,8101,3120247,굽은다리역,발달상권,강동구,천호1동,124787828,78646467,46141361,0.5866933730157262,8210550,43358210,49630886,15304791,6350600,1932791,5,0,24957565.6,True,1800,836,964,0.46444444444444444,655535,364.18611111111113,False,False,True
20252,8102,3120247,굽은다리역,발달상권,강동구,천호1동,78331393,48357040,29974353,0.6198549993961583,4756211,17493154,36260611,10341686,7073122,2406609,5,0,15666278.6,True,1800,836,964,0.46444444444444444,624819,347.12166666666667,False,False,True
20232,8094,3120248,명일역,발달상권,강동구,명일1동,30716601,18109945,12606656,0.6961178512690127,2287011,18636917,7156607,755347,1266055,614664,4,0,7679150.25,True,2297,1156,1141,0.5032651284283849,1443805,628.5611667392251,False,False,False
20233,8095,3120248,명일역,발달상권,강동구,명일1동,39990195,25545964,14444231,0.5654212540188345,2947173,26675369,6236611,1673697,1269790,1187555,3,33,13330065.0,True,2297,1156,1141,0.5032651284283849,1446292,629.6438833260775,False,False,False
20241,8097,3120248,명일역,발달상권,강동구,명일1동,22545554,14777974,7767580,0.5256187350173982,537472,12293978,6862953,756820,958373,1135958,3,0,7515184.666666667,True,2149,1095,1054,0.5095393206142392,1561276,726.5127966496044,False,False,False
20242,8098,3120248,명일역,발달상권,강동구,명일1동,19130782,12514049,6616733,0.5287443736235969,289984,10758414,4598556,641116,1387676,1455036,3,0,6376927.333333333,True,2149,1095,1054,0.5095393206142392,1609975,749.1740344346208,False,False,False
20243,8099,3120248,명일역,발달상권,강동구,명일1동,17385809,10321303,7064506,0.6844587354910519,449952,9288121,4737754,1052794,1644741,212447,3,0,5795269.666666667,True,2149,1095,1054,0.5095393206142392,1488014,692.4215914378781,False,False,False
20244,8100,3120248,명일역,발달상권,강동구,명일1동,14005901,8619547,5386354,0.624899893231048,1163935,5933309,5010321,911669,843019,143648,3,0,4668633.666666667,True,2149,1095,1054,0.5095393206142392,1504304,700.0018613308515,False,False,True
20251,8101,3120248,명일역,발달상권,강동구,명일1동,18445503,11351581,7093922,0.6249281047283194,280796,7236719,5664537,2429482,1716345,1117624,3,0,6148501.0,True,2149,1095,1054,0.5095393206142392,1496656,696.442996742671,False,False,True
20211,8085,3120249,고덕역,발달상권,강동구,명일2동,1035438298,662446012,372992286,0.5630531080923769,102969025,638327472,162682162,52725580,74388659,4345400,5,0,207087659.6,True,1201,545,656,0.4537885095753539,509479,424.21232306411326,False,False,False
20212,8086,3120249,고덕역,발달상권,강동구,명일2동,1134343256,735883739,398459517,0.5414707458293219,170881850,659714525,187014919,51168397,60439454,5124111,5,0,226868651.2,True,1201,545,656,0.4537885095753539,528460,440.01665278934223,False,False,False
20213,8087,3120249,고덕역,발달상권,강동구,명일2동,1029456434,674389162,355067272,0.5265020436375281,201109356,531413452,191724032,58541861,40563781,6103952,5,0,205891286.8,True,1201,545,656,0.4537885095753539,490238,408.19150707743546,False,False,False
20214,8088,3120249,고덕역,발달상권,강동구,명일2동,1037840926,702035134,335805792,0.47833188929829257,228359322,486002871,182010200,69712840,67631582,4124111,5,0,207568185.2,True,1201,545,656,0.4537885095753539,477620,397.68526228143213,False,False,False
20221,8089,3120249,고덕역,발달상권,강동구,명일2동,864436404,548382965,316053439,0.576337084066789,149546549,401192249,225855151,32900796,44410365,10531294,5,0,172887280.8,True,1201,545,656,0.4537885095753539,484726,403.6019983347211,False,False,False
20222,8090,3120249,고덕역,발달상권,강동구,명일2동,939853744,599527867,340325877,0.5676564772592965,138250955,428782007,268640702,54650757,45941593,3587730,5,17,187970748.8,True,1201,545,656,0.4537885095753539,497462,414.20649458784345,False,False,False
20223,8091,3120249,고덕역,발달상권,강동구,명일2동,1313213704,855551697,457662007,0.5349320311148889,240669880,582752182,318011121,104087040,63204745,4488736,4,20,328303426.0,True,1201,545,656,0.4537885095753539,496185,413.14321398834306,False,False,False
20224,8092,3120249,고덕역,발달상권,강동구,명일2동,1109105126,728074057,381031069,0.5233410878146425,211718170,422116126,292230382,117115052,62793309,3132087,3,25,369701708.6666667,True,899,436,463,0.4849833147942158,494785,550.3726362625139,False,False,False
20231,8093,3120249,고덕역,발달상권,강동구,명일2동,1129760773,733605590,396155183,0.5400111291409325,139829484,499084576,293035607,94497371,98932265,4381470,3,0,376586924.3333333,True,899,436,463,0.4849833147942158,499193,555.2758620689655,False,False,False
20232,8094,3120249,고덕역,발달상권,강동구,명일2동,928084730,590176449,337908281,0.5725546683073421,111724024,383153695,255686347,104537954,68098712,4883998,3,0,309361576.6666667,True,899,436,463,0.4849833147942158,494768,550.3537263626251,False,False,False
20233,8095,3120249,고덕역,발달상권,강동구,명일2동,1096510855,699332603,397178252,0.5679389896827104,152561824,437615461,260633486,141470357,88564041,15665686,3,0,365503618.3333333,True,899,436,463,0.4849833147942158,519668,578.0511679644048,False,False,False
20234,8096,3120249,고덕역,발달상권,강동구,명일2동,958699770,610343433,348356337,0.5707546246344228,179911929,379541582,198284279,126367495,67266567,7327918,3,0,319566590.0,True,1750,711,1039,0.4062857142857143,513153,293.23028571428574,False,False,False
20241,8097,3120249,고덕역,발달상권,강동구,명일2동,803648956,534154779,269494177,0.5045245078674098,131262117,332245102,207896763,70858134,48230010,13156830,3,0,267882985.33333334,True,1750,711,1039,0.4062857142857143,489914,279.95085714285716,False,False,False
20242,8098,3120249,고덕역,발달상권,강동구,명일2동,749748367,468331928,281416439,0.6008909966949766,130049845,269988573,205975882,90309172,44763849,8661046,3,0,249916122.33333334,True,1750,711,1039,0.4062857142857143,474255,271.0028571428571,False,False,False
20243,8099,3120249,고덕역,발달상권,강동구,명일2동,899335597,590202067,309133530,0.5237757495010603,178042189,310169639,213051261,118373841,67033390,12665277,3,25,299778532.3333333,True,1750,711,1039,0.4062857142857143,526302,300.744,False,False,False
20244,8100,3120249,고덕역,발달상권,강동구,명일2동,528408856,346410831,181998025,0.5253820282541917,86260458,124758655,139552965,95147920,69808963,12879895,3,0,176136285.33333334,True,1750,711,1039,0.4062857142857143,525785,300.4485714285714,False,False,True
20251,8101,3120249,고덕역,발달상권,강동구,명일2동,389177546,242100581,147076965,0.6075035606791873,55934066,124545256,107876496,50781377,45116862,4923489,3,33,129725848.66666667,True,1750,711,1039,0.4062857142857143,555802,317.60114285714286,False,False,True
20252,8102,3120249,고덕역,발달상권,강동구,명일2동,332970449,208957341,124013108,0.593485289420868,52814521,107879593,90917036,39756242,38755148,2847909,3,0,110990149.66666667,True,1750,711,1039,0.4062857142857143,531543,303.73885714285717,False,False,True
20211,8085,3130051,동화동 골목형상점가,전통시장,중구,동화동,499742136,315456145,184285991,0.5841889401140054,13216090,223137418,136563242,93854845,30083119,2887422,3,0,166580712.0,True,1456,710,746,0.4876373626373626,1011831,694.9388736263736,False,False,False
20212,8086,3130051,동화동 골목형상점가,전통시장,중구,동화동,526925714,330735545,196190169,0.5931934803076578,11686937,280243709,152810663,67776735,11905376,2502294,3,0,175641904.66666666,True,1456,710,746,0.4876373626373626,996005,684.0693681318681,False,False,False
20213,8087,3130051,동화동 골목형상점가,전통시장,중구,동화동,479972536,320988604,158983932,0.49529463045984023,12513173,231178570,157205428,60211684,12967645,5896036,3,0,159990845.33333334,True,1456,710,746,0.4876373626373626,896719,615.878434065934,False,False,False
20214,8088,3130051,동화동 골목형상점가,전통시장,중구,동화동,463211552,308863248,154348304,0.4997302365997265,17566918,192824034,166616060,66465240,15745993,3993307,3,0,154403850.66666666,True,1456,710,746,0.4876373626373626,896287,615.5817307692307,False,False,False
20221,8089,3130051,동화동 골목형상점가,전통시장,중구,동화동,303355029,192796765,110558264,0.5734446011062478,9056142,112154981,101087036,65377533,8513804,7165533,3,0,101118343.0,True,1456,710,746,0.4876373626373626,895422,614.9876373626373,False,False,False
20222,8090,3130051,동화동 골목형상점가,전통시장,중구,동화동,325854499,213042046,112812453,0.5295314005762036,14542972,115723317,108498455,69095869,6340659,11653227,3,0,108618166.33333333,True,1456,710,746,0.4876373626373626,1003419,689.1614010989011,False,False,False
20223,8091,3130051,동화동 골목형상점가,전통시장,중구,동화동,403121061,251869236,151251825,0.6005172660308542,17584344,118095703,160488435,74945159,9447511,22559909,3,0,134373687.0,True,1456,710,746,0.4876373626373626,1121753,770.4347527472528,False,False,False
20224,8092,3130051,동화동 골목형상점가,전통시장,중구,동화동,477775915,297665021,180110894,0.6050791369268745,11576956,156478270,208179180,76496987,19115157,5929365,3,0,159258638.33333334,True,1605,799,806,0.49781931464174456,1326137,826.2535825545172,False,False,False
20231,8093,3130051,동화동 골목형상점가,전통시장,중구,동화동,207379307,141541241,65838066,0.4651511145080323,3608520,49322499,73194478,49689108,26004976,5559726,3,33,69126435.66666667,True,1605,799,806,0.49781931464174456,1463562,911.8766355140187,False,False,False
20232,8094,3130051,동화동 골목형상점가,전통시장,중구,동화동,380212565,245276341,134936224,0.5501395831732503,5765754,98520773,164783020,63447535,35451966,12243517,3,0,126737521.66666667,True,1605,799,806,0.49781931464174456,1417590,883.2336448598131,False,False,False
20211,8085,3130066,행당시장상점가,전통시장,성동구,행당1동,810393360,532221550,278171810,0.5226616810236263,61153189,406151899,219972278,77524708,42560827,3030459,3,0,270131120.0,True,1912,932,980,0.4874476987447699,515549,269.63859832635984,False,False,False
20212,8086,3130066,행당시장상점가,전통시장,성동구,행당1동,919829089,593921950,325907139,0.5487373197774557,65668072,478191199,213306408,117179846,42625082,2858482,3,0,306609696.3333333,True,1912,932,980,0.4874476987447699,613363,320.7965481171548,False,False,False
20213,8087,3130066,행당시장상점가,전통시장,성동구,행당1동,848778106,563978968,284799138,0.5049818418051363,73516224,520275348,152110362,65986306,35166365,1723501,3,0,282926035.3333333,True,1912,932,980,0.4874476987447699,647470,338.6349372384937,False,False,False
20214,8088,3130066,행당시장상점가,전통시장,성동구,행당1동,824425634,553037956,271387678,0.49072161332810943,92774451,488934898,143373559,56995540,40372728,1974458,3,0,274808544.6666667,True,1912,932,980,0.4874476987447699,653096,341.5774058577406,False,False,False
20242,8098,3130066,행당시장상점가,전통시장,성동구,행당1동,928043648,589729868,338313780,0.5736758444122081,59657052,404681007,298045090,69793723,73527527,22339249,4,0,232010912.0,True,1923,921,1002,0.4789391575663027,885728,460.59698387935515,False,False,False
20243,8099,3130066,행당시장상점가,전통시장,성동구,행당1동,1154746681,760319810,394426871,0.5187644275637117,90440948,500020035,321731548,94631178,107299394,40623578,4,0,288686670.25,True,1923,921,1002,0.4789391575663027,819918,426.37441497659904,False,False,False
20244,8100,3130066,행당시장상점가,전통시장,성동구,행당1동,828870519,539133686,289736833,0.5374118526142326,67024790,337081924,234100983,94592840,66107638,29962344,4,0,207217629.75,True,1923,921,1002,0.4789391575663027,836617,435.0582423296932,False,False,True
20254,8104,3130066,행당시장상점가,전통시장,성동구,행당1동,668758606,426213089,242545517,0.5690710193088415,51013390,220283669,197651770,57127949,134982526,7699302,3,0,222919535.33333334,True,1923,921,1002,0.4789391575663027,854766,444.49609984399376,False,False,True
20211,8085,3130069,"한양대앞상점가(한양시장, 왕십리맛골목)",전통시장,성동구,사근동,3120699098,2019004799,1101694299,0.545662050702238,209738974,2348141845,433505791,43145231,73223358,12943899,6,0,520116516.3333333,True,540,269,271,0.4981481481481482,660715,1223.5462962962963,False,False,False
20212,8086,3130069,"한양대앞상점가(한양시장, 왕십리맛골목)",전통시장,성동구,사근동,3623275476,2394966149,1228309327,0.5128712685617169,411549532,2649444161,374207426,77864557,93510219,16699581,5,20,724655095.2,True,540,269,271,0.4981481481481482,728001,1348.15,False,False,False
20213,8087,3130069,"한양대앞상점가(한양시장, 왕십리맛골목)",전통시장,성동구,사근동,2574875187,1634454401,940420786,0.5753729106328247,229076637,1881483673,317421363,66322547,74519985,6050982,5,0,514975037.4,True,540,269,271,0.4981481481481482,632879,1171.9981481481482,False,False,False
20214,8088,3130069,"한양대앞상점가(한양시장, 왕십리맛골목)",전통시장,성동구,사근동,2831713243,1786668640,1045044603,0.5849123780445377,346714014,1939701991,360429636,84487831,81547238,4022287,5,0,566342648.6,True,540,269,271,0.4981481481481482,711371,1317.3537037037038,False,False,False
20221,8089,3130069,"한양대앞상점가(한양시장, 왕십리맛골목)",전통시장,성동구,사근동,2674722994,1764819300,909903694,0.5155789570070998,182747217,1886336205,449269033,52556415,97996219,5817905,5,0,534944598.8,True,540,269,271,0.4981481481481482,661284,1224.6,False,False,False
20222,8090,3130069,"한양대앞상점가(한양시장, 왕십리맛골목)",전통시장,성동구,사근동,3159396335,2232426233,926970102,0.41522989127139504,390702214,2115451378,479113521,59550106,99065737,15513379,5,0,631879267.0,True,540,269,271,0.4981481481481482,797678,1477.1814814814816,False,False,False
20223,8091,3130069,"한양대앞상점가(한양시장, 왕십리맛골목)",전통시장,성동구,사근동,3367731080,2296878585,1070852495,0.4662207667367842,430875438,2277206476,411352823,113327016,124779171,10190156,5,0,673546216.0,True,540,269,271,0.4981481481481482,691028,1279.6814814814816,False,False,False
20224,8092,3130069,"한양대앞상점가(한양시장, 왕십리맛골목)",전통시장,성동구,사근동,3233069907,2166837360,1066232547,0.49206856346615696,502521900,2045040094,405864383,136107278,132296454,11239798,5,0,646613981.4,True,480,249,231,0.51875,665675,1386.8229166666667,False,False,False
20231,8093,3130069,"한양대앞상점가(한양시장, 왕십리맛골목)",전통시장,성동구,사근동,4102895917,2735907107,1366988810,0.4996473770993424,279923905,2930828272,555024243,120498527,203851540,12769430,5,0,820579183.4,True,480,249,231,0.51875,627457,1307.2020833333333,False,False,False
20232,8094,3130069,"한양대앞상점가(한양시장, 왕십리맛골목)",전통시장,성동구,사근동,4106864068,2799207741,1307656327,0.4671522973614126,446581956,2747595863,527846425,150635673,223869764,10334387,5,0,821372813.6,True,480,249,231,0.51875,665705,1386.8854166666667,False,False,False
20233,8095,3130069,"한양대앞상점가(한양시장, 왕십리맛골목)",전통시장,성동구,사근동,4139809462,2730506605,1409302857,0.5161323742705248,471646930,2616364678,564477519,211250910,266461307,9608118,5,0,827961892.4,True,480,249,231,0.51875,566742,1180.7125,False,False,False
20234,8096,3130069,"한양대앞상점가(한양시장, 왕십리맛골목)",전통시장,성동구,사근동,4049052270,2687202881,1361849389,0.506790685075929,547391216,2525477407,459168645,231728102,270012910,15273990,5,0,809810454.0,True,560,306,254,0.5464285714285714,629282,1123.7178571428572,False,False,False
20241,8097,3130069,"한양대앞상점가(한양시장, 왕십리맛골목)",전통시장,성동구,사근동,3930425567,2593506858,1336918709,0.5154868609181059,264318703,2340933765,894792398,138346996,270049389,21984316,5,0,786085113.4,True,560,306,254,0.5464285714285714,596325,1064.8660714285713,False,False,False
20242,8098,3130069,"한양대앞상점가(한양시장, 왕십리맛골목)",전통시장,성동구,사근동,3944380852,2817267219,1127113633,0.4000733850870112,503784314,2231857479,733632630,158749029,284408961,31948439,6,0,657396808.6666666,True,560,306,254,0.5464285714285714,659601,1177.8589285714286,False,False,False
20243,8099,3130069,"한양대앞상점가(한양시장, 왕십리맛골목)",전통시장,성동구,사근동,4059101023,2860679977,1198421046,0.4189287356975827,531974384,2254538628,831451565,199567948,209774339,31794159,5,20,811820204.6,True,560,306,254,0.5464285714285714,593282,1059.432142857143,False,False,False
20244,8100,3130069,"한양대앞상점가(한양시장, 왕십리맛골목)",전통시장,성동구,사근동,3378773394,2300429179,1078344215,0.46875784086026845,531984158,1848167880,643389743,124307306,213639825,17284482,4,20,844693348.5,True,560,306,254,0.5464285714285714,634767,1133.5125,False,False,True
20251,8101,3130069,"한양대앞상점가(한양시장, 왕십리맛골목)",전통시장,성동구,사근동,3588302283,2398966859,1189335424,0.4957698433965736,246063713,2064726780,839665927,140917459,276848252,20080152,4,0,897075570.75,True,560,306,254,0.5464285714285714,593529,1059.8732142857143,False,False,True
20252,8102,3130069,"한양대앞상점가(한양시장, 왕십리맛골목)",전통시장,성동구,사근동,2992529287,2110170630,882358657,0.41814564398519755,386319085,1790355776,509845536,92981461,186577704,26449725,4,0,748132321.75,True,560,306,254,0.5464285714285714,656099,1171.6053571428572,False,False,True
20253,8103,3130069,"한양대앞상점가(한양시장, 왕십리맛골목)",전통시장,성동구,사근동,2962782906,2057867665,904915241,0.4397344184908994,400611999,1613811927,504944481,106083324,289336350,47994825,4,0,740695726.5,True,560,306,254,0.5464285714285714,639116,1141.2785714285715,False,False,True
20254,8104,3130069,"한양대앞상점가(한양시장, 왕십리맛골목)",전통시장,성동구,사근동,2782275621,1956858969,825416652,0.4218069186773367,326609066,1543624754,450829493,125648579,295865918,39697811,4,0,695568905.25,True,560,306,254,0.5464285714285714,633699,1131.6053571428572,False,False,True
20211,8085,3130072,성동용답상가시장,전통시장,성동구,용답동,422259721,282201622,140058099,0.4963050814782347,9612610,331282953,52371445,13841374,13495352,1655987,3,0,140753240.33333334,True,4259,2142,2117,0.5029349612585113,1001390,235.12326837285747,False,False,False
20212,8086,3130072,성동용답상가시장,전통시장,성동구,용답동,480072329,316654945,163417384,0.5160739997286321,15446282,344166677,69954430,15313197,31854373,3337370,3,0,160024109.66666666,True,4259,2142,2117,0.5029349612585113,948014,222.59074900211317,False,False,False
20213,8087,3130072,성동용답상가시장,전통시장,성동구,용답동,341215176,220013894,121201282,0.5508801275977598,16182025,235180558,53974704,15370008,17937330,2570551,3,0,113738392.0,True,4259,2142,2117,0.5029349612585113,986819,231.7020427330359,False,False,False
20214,8088,3130072,성동용답상가시장,전통시장,성동구,용답동,324282789,216692436,107590353,0.4965118071772473,15826961,217738194,54236206,16922637,17041624,2517167,3,0,108094263.0,True,4259,2142,2117,0.5029349612585113,1070273,251.29678328246067,False,False,False
20221,8089,3130072,성동용답상가시장,전통시장,성동구,용답동,307743830,196272720,111471110,0.5679399052502049,6413874,186789745,65736398,25665672,9945443,13192698,3,0,102581276.66666667,True,4259,2142,2117,0.5029349612585113,1073190,251.9816858417469,False,False,False
20211,8085,3130106,중랑동부시장,전통시장,중랑구,면목2동,634625358,394689735,239935623,0.6079094582989345,29199987,374087521,124997058,36152464,41704951,28483377,3,0,211541786.0,True,1323,696,627,0.5260770975056689,753767,569.7407407407408,False,False,False
20212,8086,3130106,중랑동부시장,전통시장,중랑구,면목2동,729529291,456536637,272992654,0.597964395133528,46395949,440023456,195012045,24841462,14585684,8670695,2,25,364764645.5,True,1323,696,627,0.5260770975056689,743340,561.859410430839,False,False,False
20213,8087,3130106,중랑동부시장,전통시장,중랑구,면목2동,649103706,410654496,238449210,0.5806565186126685,37681132,402810704,123424454,31017645,30989301,23180470,2,0,324551853.0,True,1323,696,627,0.5260770975056689,779505,589.1950113378684,False,False,False
20214,8088,3130106,중랑동부시장,전통시장,중랑구,면목2동,634099870,384166789,249933081,0.6505848192931638,36723236,351276410,124972909,35547148,55788184,29791983,2,0,317049935.0,True,1323,696,627,0.5260770975056689,807130,610.0755857898715,False,False,False
20221,8089,3130106,중랑동부시장,전통시장,중랑구,면목2동,336057303,174957631,161099672,0.9207924860390914,23734057,219823732,52725042,7079879,29468443,3226150,2,0,168028651.5,True,1323,696,627,0.5260770975056689,802366,606.4746787603931,False,False,False
20222,8090,3130106,중랑동부시장,전통시장,중랑구,면목2동,549278298,297980955,251297343,0.8433335714357987,34880570,286953856,160545297,30458313,29133040,7307222,2,0,274639149.0,True,1323,696,627,0.5260770975056689,807888,610.6485260770975,False,False,False
20223,8091,3130106,중랑동부시장,전통시장,중랑구,면목2동,742539696,426174824,316364872,0.7423359010995919,78685646,394420080,161944313,49661419,52969572,4858666,2,0,371269848.0,True,1323,696,627,0.5260770975056689,808355,611.0015117157974,False,False,False
20224,8092,3130106,중랑동부시장,전통시장,중랑구,면목2동,583311361,287032616,296278745,1.0322128165392883,50792210,284157802,144169538,43075556,53594037,7522218,2,0,291655680.5,True,1326,678,648,0.5113122171945701,944655,712.4095022624434,False,False,False
20231,8093,3130106,중랑동부시장,전통시장,중랑구,면목2동,482926116,276652284,206273832,0.7456068282450905,44806745,239242891,151547380,15771456,26863357,4694287,3,0,160975372.0,True,1326,678,648,0.5113122171945701,1026665,774.2571644042232,False,False,False
20232,8094,3130106,중랑동부시장,전통시장,중랑구,면목2동,656492668,378636824,277855844,0.7338320691175034,57259993,312074007,209706643,30019208,37484231,9948586,2,25,328246334.0,True,1326,678,648,0.5113122171945701,1008976,760.9170437405731,False,False,False
20233,8095,3130106,중랑동부시장,전통시장,중랑구,면목2동,795565334,458280774,337284560,0.7359779836629149,55896320,418827539,220784987,44590352,37927136,17539000,2,0,397782667.0,True,1326,678,648,0.5113122171945701,989311,746.0867269984917,False,False,False
20234,8096,3130106,중랑동부시장,전통시장,중랑구,면목2동,694322253,409056949,285265304,0.6973730789743899,54820687,368355422,188009298,40032785,34218804,8885257,2,0,347161126.5,True,1335,715,620,0.5355805243445693,999508,748.6951310861423,False,False,False
20241,8097,3130106,중랑동부시장,전통시장,중랑구,면목2동,719553901,447429069,272124832,0.6081965854569901,24718933,327791147,249877908,69040505,42177962,5947446,2,0,359776950.5,True,1335,715,620,0.5355805243445693,1019401,763.5962546816479,False,False,False
20242,8098,3130106,중랑동부시장,전통시장,중랑구,면목2동,657351680,400101887,257249793,0.6429607091555657,13869190,328771880,206989186,68963381,26400621,12357422,2,25,328675840.0,True,1335,715,620,0.5355805243445693,1002754,751.1265917602997,False,False,False
20243,8099,3130106,중랑동부시장,전통시장,중랑구,면목2동,671604856,414422210,257182646,0.6205812328446393,19206860,334490055,203128865,65486418,35220533,14072125,2,0,335802428.0,True,1335,715,620,0.5355805243445693,916199,686.2913857677903,False,False,False
20244,8100,3130106,중랑동부시장,전통시장,중랑구,면목2동,661696579,405417091,256279488,0.6321378493636323,17352432,333051200,198296233,62667938,27418149,22910627,2,0,330848289.5,True,1335,715,620,0.5355805243445693,886682,664.1812734082397,False,False,True
20251,8101,3130106,중랑동부시장,전통시장,중랑구,면목2동,612024561,360655731,251368830,0.6969772234119856,14718322,257547658,216913790,89067745,22435256,11341790,2,0,306012280.5,True,1335,715,620,0.5355805243445693,881759,660.4936329588015,False,False,True
20252,8102,3130106,중랑동부시장,전통시장,중랑구,면목2동,549671784,323039771,226632013,0.7015607158785412,10802744,252841564,174766130,66641892,32766155,11853299,2,0,274835892.0,True,1335,715,620,0.5355805243445693,864629,647.6621722846442,False,False,True
20253,8103,3130106,중랑동부시장,전통시장,중랑구,면목2동,571146333,343253923,227892410,0.6639178600152518,11594134,274756141,164219766,78722445,28905653,12948194,2,0,285573166.5,True,1335,715,620,0.5355805243445693,801551,600.412734082397,False,False,True
20254,8104,3130106,중랑동부시장,전통시장,중랑구,면목2동,542313871,312418147,229895724,0.7358590600692603,9912477,208280860,216243422,71166707,30020321,6690084,2,0,271156935.5,True,1335,715,620,0.5355805243445693,774062,579.821722846442,False,False,True
20211,8085,3130111,"동원전통종합시장(동원시장, 동원전통시장 상점가)",전통시장,중랑구,면목본동,195054307,122638955,72415352,0.5904759380899813,9195362,112645436,58129863,8677313,2102313,4304020,3,33,65018102.333333336,True,1962,976,986,0.49745158002038736,1062038,541.3037716615698,False,False,False
20212,8086,3130111,"동원전통종합시장(동원시장, 동원전통시장 상점가)",전통시장,중랑구,면목본동,172172825,109576301,62596524,0.5712596923672392,20577369,87941748,55003501,3632364,1379455,3638388,3,0,57390941.666666664,True,1962,976,986,0.49745158002038736,1022921,521.3664627930683,False,False,False
20222,8090,3130111,"동원전통종합시장(동원시장, 동원전통시장 상점가)",전통시장,중랑구,면목본동,179973673,110470836,69502837,0.6291510005409935,16541410,76734432,50841042,13469262,20267143,2120384,3,0,59991224.333333336,True,1962,976,986,0.49745158002038736,1047735,534.0137614678899,False,False,False
20233,8095,3130111,"동원전통종합시장(동원시장, 동원전통시장 상점가)",전통시장,중랑구,면목본동,241528078,156360297,85167781,0.5446893017861177,38492210,87321297,77243445,15686027,10851912,11933187,3,0,80509359.33333333,True,2093,1061,1032,0.5069278547539418,1001210,478.3612040133779,False,False,False
20234,8096,3130111,"동원전통종합시장(동원시장, 동원전통시장 상점가)",전통시장,중랑구,면목본동,170049429,113353234,56696195,0.5001727167307816,11186234,63701897,56988349,16487196,4873271,16812482,3,0,56683143.0,True,2004,964,1040,0.4810379241516966,1000666,499.33433133732535,False,False,False
20241,8097,3130111,"동원전통종합시장(동원시장, 동원전통시장 상점가)",전통시장,중랑구,면목본동,168796474,116313941,52482533,0.4512144679200578,13276032,50399060,56989801,26529060,1597104,20005417,3,0,56265491.333333336,True,2004,964,1040,0.4810379241516966,1017187,507.57834331337324,False,False,False
20242,8098,3130111,"동원전통종합시장(동원시장, 동원전통시장 상점가)",전통시장,중랑구,면목본동,216673796,140903175,75770621,0.5377495645502666,23469625,94679720,61656368,14956293,7486210,14425580,3,0,72224598.66666667,True,2004,964,1040,0.4810379241516966,1046392,522.1516966067865,False,False,False
20243,8099,3130111,"동원전통종합시장(동원시장, 동원전통시장 상점가)",전통시장,중랑구,면목본동,268587078,184524668,84062410,0.45556190893674986,23899507,95302856,92495757,34528537,10080863,12279558,3,0,89529026.0,True,2004,964,1040,0.4810379241516966,1027950,512.9491017964071,False,False,False
20244,8100,3130111,"동원전통종합시장(동원시장, 동원전통시장 상점가)",전통시장,중랑구,면목본동,208960295,142824774,66135521,0.4630535666032281,10050744,80758345,79201186,28583026,4596174,5770820,3,0,69653431.66666667,True,2004,964,1040,0.4810379241516966,1028053,513.000499001996,False,False,True
20251,8101,3130111,"동원전통종합시장(동원시장, 동원전통시장 상점가)",전통시장,중랑구,면목본동,229823795,146053542,83770253,0.573558517327844,1906540,78249422,93305962,32679223,10894079,12788569,3,0,76607931.66666667,True,2004,964,1040,0.4810379241516966,1085881,541.8567864271457,False,False,True
20252,8102,3130111,"동원전통종합시장(동원시장, 동원전통시장 상점가)",전통시장,중랑구,면목본동,227661244,145080696,82580548,0.5692042447880178,725871,95260690,95682358,23146529,11098888,1746908,3,0,75887081.33333333,True,2004,964,1040,0.4810379241516966,1084337,541.0863273453094,False,False,True
20253,8103,3130111,"동원전통종합시장(동원시장, 동원전통시장 상점가)",전통시장,중랑구,면목본동,225143287,135349213,89794074,0.6634251652427414,981883,69328145,109205834,30128135,12580749,2918541,3,0,75047762.33333333,True,2004,964,1040,0.4810379241516966,1119215,558.4905189620758,False,False,True
20254,8104,3130111,"동원전통종합시장(동원시장, 동원전통시장 상점가)",전통시장,중랑구,면목본동,179910423,96613037,83297386,0.8621754225571028,1996897,62280276,79508401,16279374,17472090,2373385,3,0,59970141.0,True,2004,964,1040,0.4810379241516966,995813,496.9126746506986,False,False,True
20232,8094,3130115,우림골목시장,전통시장,중랑구,망우본동,110232026,70679009,39553017,0.5596147648306727,1282158,65872892,20122772,6210951,14873438,1869815,2,0,55116013.0,True,2050,1047,1003,0.5107317073170732,873931,426.3078048780488,False,False,False
20233,8095,3130115,우림골목시장,전통시장,중랑구,망우본동,19109707,12722656,6387051,0.5020218262601771,118764,12880547,3683824,2307720,118852,0,2,0,9554853.5,True,2050,1047,1003,0.5107317073170732,875005,426.83170731707315,False,False,False
20211,8085,3130117,정릉시장,전통시장,성북구,정릉3동,126050178,77256525,48793653,0.631579701520357,14434919,65771345,29550204,9916198,5603532,773980,3,0,42016726.0,True,945,458,487,0.4846560846560847,421142,445.65291005291004,False,False,False
20212,8086,3130117,정릉시장,전통시장,성북구,정릉3동,142914219,96216010,46698209,0.48534759443880493,8552909,80870342,34813875,10384568,5170476,3122049,3,0,47638073.0,True,945,458,487,0.4846560846560847,436925,462.35449735449737,False,False,False
20213,8087,3130117,정릉시장,전통시장,성북구,정릉3동,57581230,39761805,17819425,0.44815432800397265,7662673,31223857,8774110,5023261,4308519,588810,2,33,28790615.0,True,945,458,487,0.4846560846560847,486725,515.0529100529101,False,False,False
20214,8088,3130117,정릉시장,전통시장,성북구,정릉3동,46977421,31841982,15135439,0.4753296764001688,6719707,24556935,6545211,3927770,4771919,455879,2,0,23488710.5,True,945,458,487,0.4846560846560847,509741,539.4084656084656,False,False,False
20221,8089,3130117,정릉시장,전통시장,성북구,정릉3동,38930000,27209792,11720208,0.43073493542324764,2432736,24010728,5358277,2551208,4134054,442997,2,0,19465000.0,True,945,458,487,0.4846560846560847,488256,516.6730158730159,False,False,False
20222,8090,3130117,정릉시장,전통시장,성북구,정릉3동,65228031,46440410,18787621,0.4045532974407418,7820770,36325436,10865758,3109378,6161448,945241,2,0,32614015.5,True,945,458,487,0.4846560846560847,515285,545.2751322751323,False,False,False
20223,8091,3130117,정릉시장,전통시장,성북구,정릉3동,77789169,55933382,21855787,0.39074674583417823,7770547,48641248,7194903,4581326,8772450,828695,2,0,38894584.5,True,945,458,487,0.4846560846560847,491001,519.5777777777778,False,False,False
20224,8092,3130117,정릉시장,전통시장,성북구,정릉3동,81013160,55510985,25502175,0.4594077190307468,11264330,43645898,4316040,6103498,15329251,354143,2,0,40506580.0,True,847,423,424,0.49940968122786306,493755,582.9456906729635,False,False,False
20244,8100,3130117,정릉시장,전통시장,성북구,정릉3동,59661543,43510680,16150863,0.3711930725973485,5325666,31042452,5670696,9631672,7279545,711512,3,0,19887181.0,True,936,458,478,0.4893162393162393,433210,462.8311965811966,False,False,True
20251,8101,3130117,정릉시장,전통시장,성북구,정릉3동,63788921,45287836,18501085,0.40852216917584666,2392153,39525326,5661743,7547720,8160213,501766,3,0,21262973.666666668,True,936,458,478,0.4893162393162393,417276,445.8076923076923,False,False,True
20221,8089,3130118,정릉골 골목형상점가,전통시장,성북구,정릉4동,121527560,78390218,43137342,0.5502898588698911,12774048,73930581,11693469,10804158,12104611,220693,3,0,40509186.666666664,True,605,304,301,0.5024793388429752,197001,325.6214876033058,False,False,False
20211,8085,3130132,삼양골목시장(삼양시장),전통시장,강북구,삼양동,372266548,225897085,146369463,0.6479475509832276,16872362,223048862,85538949,27041357,16078612,3686406,3,0,124088849.33333333,True,633,315,318,0.4976303317535545,448204,708.0631911532386,False,False,False
20212,8086,3130132,삼양골목시장(삼양시장),전통시장,강북구,삼양동,400612855,241639582,158973273,0.6578941731491657,23908433,199449101,141196592,21265452,13709440,1083837,3,0,133537618.33333333,True,633,315,318,0.4976303317535545,432280,682.9067930489731,False,False,False
20213,8087,3130132,삼양골목시장(삼양시장),전통시장,강북구,삼양동,400342058,268378952,131963106,0.49170437926145566,25111565,223979073,112238618,26107294,12434995,470513,3,0,133447352.66666667,True,633,315,318,0.4976303317535545,291239,460.09320695102684,False,False,False
20214,8088,3130132,삼양골목시장(삼양시장),전통시장,강북구,삼양동,398302179,239038252,159263927,0.6662696270051373,19091421,243437184,84792636,34534898,15995833,450207,3,0,132767393.0,True,633,315,318,0.4976303317535545,248561,392.6714060031596,False,False,False
20221,8089,3130132,삼양골목시장(삼양시장),전통시장,강북구,삼양동,385679275,233836715,151842560,0.649352946991237,29551628,207471705,96083974,30097013,20179703,2295252,3,0,128559758.33333333,True,633,315,318,0.4976303317535545,259590,410.09478672985784,False,False,False
20222,8090,3130132,삼양골목시장(삼양시장),전통시장,강북구,삼양동,442784201,284957678,157826523,0.5538595208513736,46964162,225939332,82680557,58028208,29001820,170122,3,0,147594733.66666666,True,633,315,318,0.4976303317535545,264690,418.1516587677725,False,False,False
20223,8091,3130132,삼양골목시장(삼양시장),전통시장,강북구,삼양동,309000000,215406518,93593482,0.4344969821201046,15632791,128505683,102212161,22530956,40046103,72306,3,0,103000000.0,True,633,315,318,0.4976303317535545,258673,408.6461295418641,False,False,False
20224,8092,3130132,삼양골목시장(삼양시장),전통시장,강북구,삼양동,309000000,196540931,112459069,0.5721915960599576,24949629,132352123,67107533,25932777,58657938,0,3,33,103000000.0,True,697,350,347,0.5021520803443329,213419,306.19655667144906,False,False,False
20231,8093,3130132,삼양골목시장(삼양시장),전통시장,강북구,삼양동,287508703,180441943,107066760,0.5933584964777285,33578213,135468452,77667813,18349660,21322079,1122486,3,0,95836234.33333333,True,697,350,347,0.5021520803443329,182008,261.1305595408895,False,False,False
20211,8085,3130149,창동신창시장,전통시장,도봉구,창2동,52386122,36537376,15848746,0.4337680407044009,609687,20607132,20009982,8535627,324435,2299259,3,0,17462040.666666668,True,2299,1126,1173,0.48977816441931277,662426,288.136581122227,False,False,False
20211,8085,3130153,창동역상점가,전통시장,도봉구,창4동,63018560,39504080,23514480,0.5952418079347753,10538507,42019185,5694227,1838825,2809314,118502,4,0,15754640.0,True,174,141,33,0.8103448275862069,212877,1223.4310344827586,False,False,False
20212,8086,3130153,창동역상점가,전통시장,도봉구,창4동,59622864,40057772,19565092,0.4884218722898518,6642243,42744497,5524646,1107381,3318057,286040,5,0,11924572.8,True,174,141,33,0.8103448275862069,200532,1152.4827586206898,False,False,False
20213,8087,3130153,창동역상점가,전통시장,도봉구,창4동,54251453,35141980,19109473,0.5437790642416848,9512853,30309957,5083328,1123726,7696502,525087,5,17,10850290.6,True,174,141,33,0.8103448275862069,172490,991.3218390804598,False,False,False
20214,8088,3130153,창동역상점가,전통시장,도봉구,창4동,45823508,32606446,13217062,0.40535119957569127,11284253,19730589,5436791,1428154,7923290,20431,5,0,9164701.6,True,174,141,33,0.8103448275862069,179873,1033.7528735632184,False,False,False
20221,8089,3130153,창동역상점가,전통시장,도봉구,창4동,40260041,24064085,16195956,0.6730343580485192,3588939,21371775,9553362,1021918,4560596,163451,5,0,8052008.2,True,174,141,33,0.8103448275862069,165480,951.0344827586207,False,False,False
20222,8090,3130153,창동역상점가,전통시장,도봉구,창4동,37599876,24911987,12687889,0.5093085910810727,3042233,16099931,11010473,2412946,4170045,864248,4,20,9399969.0,True,174,141,33,0.8103448275862069,166461,956.6724137931035,False,False,False
20211,8085,3130163,응암오거리상점가,전통시장,은평구,응암3동,215260244,144506890,70753354,0.4896192423766092,9379815,137453631,39409941,15731144,9142065,4143648,4,0,53815061.0,True,1526,724,802,0.4744429882044561,436070,285.76015727391876,False,False,False
20212,8086,3130163,응암오거리상점가,전통시장,은평구,응암3동,253034237,143018119,110016118,0.7692460142060741,15912287,165496845,28116801,8683547,27697909,7126848,4,0,63258559.25,True,1526,724,802,0.4744429882044561,434582,284.78505897771953,False,False,False
20213,8087,3130163,응암오거리상점가,전통시장,은평구,응암3동,191632394,111606778,80025616,0.7170318634232054,7800474,114306942,33602041,9764744,12459247,13698946,5,0,38326478.8,True,1526,724,802,0.4744429882044561,434469,284.7110091743119,False,False,False
20214,8088,3130163,응암오거리상점가,전통시장,은평구,응암3동,139627348,90011126,49616222,0.5512232121171332,25889133,77751124,19427059,3272945,3381232,9905855,5,0,27925469.6,True,1526,724,802,0.4744429882044561,415514,272.2896461336828,False,False,False
20221,8089,3130163,응암오거리상점가,전통시장,은평구,응암3동,88652554,56437390,32215164,0.5708124348060745,3396433,60020628,7155151,4160629,2264288,11655425,5,0,17730510.8,True,1526,724,802,0.4744429882044561,419821,275.11205766710356,False,False,False
20222,8090,3130163,응암오거리상점가,전통시장,은평구,응암3동,114340907,63954828,50386079,0.7878385506720462,5717329,65777579,33030308,2796397,679287,6340007,5,0,22868181.4,True,1526,724,802,0.4744429882044561,428367,280.7123197903014,False,False,False
20223,8091,3130163,응암오거리상점가,전통시장,은평구,응암3동,151090308,99753228,51337080,0.514640789368741,9860976,72338355,62737773,3396433,832126,1924645,5,0,30218061.6,True,1526,724,802,0.4744429882044561,415663,272.3872870249017,False,False,False
20224,8092,3130163,응암오거리상점가,전통시장,은평구,응암3동,110899188,66490830,44408358,0.66788695523879,5859567,55018923,36117111,5635006,6202418,2066163,5,0,22179837.6,True,1250,614,636,0.4912,418172,334.5376,False,False,False
20231,8093,3130163,응암오거리상점가,전통시장,은평구,응암3동,140204742,82454066,57750676,0.7003981586547836,2547325,64322775,49061470,19280416,2660539,2332217,5,0,28040948.4,True,1250,614,636,0.4912,422378,337.9024,False,False,False
20232,8094,3130163,응암오거리상점가,전통시장,은평구,응암3동,112620048,71483587,41136461,0.5754672187896782,2966052,55922032,36606261,13532491,3593212,0,4,25,28155012.0,True,1250,614,636,0.4912,420980,336.784,False,False,False
20233,8095,3130163,응암오거리상점가,전통시장,은평구,응암3동,106121540,66615367,39506173,0.593048943196545,3407755,43151677,52893778,4432345,2235985,0,4,0,26530385.0,True,1250,614,636,0.4912,418988,335.1904,False,False,False
20234,8096,3130163,응암오거리상점가,전통시장,은평구,응암3동,58005410,31020752,26984658,0.8698905171608993,2156735,22982529,28552678,2332216,1981252,0,4,0,14501352.5,True,1554,688,866,0.44272844272844275,464432,298.8622908622909,False,False,False
20241,8097,3130163,응암오거리상점가,전통시장,은평구,응암3동,31235859,19512505,11723354,0.6008123508488531,0,22076811,6707955,2451093,0,0,5,20,6247171.8,True,1554,688,866,0.44272844272844275,480816,309.4054054054054,False,False,False
20242,8098,3130163,응암오거리상점가,전통시장,은평구,응암3동,9917584,2434110,7483474,3.0744189868165366,283036,6974008,2660540,0,0,0,5,0,1983516.8,True,1554,688,866,0.44272844272844275,440498,283.46074646074646,False,False,False
20243,8099,3130163,응암오거리상점가,전통시장,은평구,응암3동,4358755,2519022,1839733,0.730336217786109,0,849108,1868038,1075536,566073,0,5,0,871751.0,True,1554,688,866,0.44272844272844275,429794,276.5727155727156,False,False,False
20244,8100,3130163,응암오거리상점가,전통시장,은평구,응암3동,13155516,9300565,3854951,0.4144856790958399,1132144,7687261,866090,1839734,990626,639661,6,17,2192586.0,True,1554,688,866,0.44272844272844275,434309,279.47812097812096,False,False,True
20251,8101,3130163,응암오거리상점가,전통시장,은평구,응암3동,70906193,52599422,18306771,0.34804129596709255,3113397,28484748,26446890,5858846,5275792,1726520,6,0,11817698.833333334,True,1554,688,866,0.44272844272844275,441849,284.33011583011586,False,False,True
20252,8102,3130163,응암오거리상점가,전통시장,은평구,응암3동,151062005,96985137,54076868,0.5575789205721285,367947,68941923,31835896,4494612,42874303,2547324,6,0,25177000.833333332,True,1554,688,866,0.44272844272844275,448001,288.2889317889318,False,False,True
20253,8103,3130163,응암오거리상점가,전통시장,은평구,응암3동,146788161,98315406,48472755,0.49303315698050415,2207681,71568498,30143340,11044067,31824575,0,6,0,24464693.5,True,1554,688,866,0.44272844272844275,436279,280.74581724581725,False,False,True
20254,8104,3130163,응암오거리상점가,전통시장,은평구,응암3동,140436831,99611710,40825121,0.4098425877841069,6538133,53986298,29118750,6787205,43525284,481161,5,20,28087366.2,True,1554,688,866,0.44272844272844275,441447,284.07142857142856,False,False,True
20211,8085,3130167,연신내상점가(연빛거리),전통시장,은평구,갈현1동,977344413,660203334,317141079,0.4803687934723456,59370377,494284800,304370802,33095938,42317369,43905127,3,0,325781471.0,True,1504,739,765,0.4913563829787234,1500205,997.4767287234042,False,False,False
20212,8086,3130167,연신내상점가(연빛거리),전통시장,은평구,갈현1동,1008000000,624850471,383149529,0.6131859489308122,70406375,577376744,260867166,23069908,40390435,35889372,3,0,336000000.0,True,1504,739,765,0.4913563829787234,1525995,1014.624335106383,False,False,False
20213,8087,3130167,연신내상점가(연빛거리),전통시장,은평구,갈현1동,1008000000,638782730,369217270,0.5780013338807704,111389131,453979229,313165324,63401778,18560021,47504517,4,0,252000000.0,True,1504,739,765,0.4913563829787234,1511555,1005.0232712765958,False,False,False
20214,8088,3130167,연신내상점가(연빛거리),전통시장,은평구,갈현1동,980898567,634473272,346425295,0.5460045525763298,134278250,451479984,256956689,102764638,31516921,3902085,4,0,245224641.75,True,1504,739,765,0.4913563829787234,1613746,1072.969414893617,False,False,False
20221,8089,3130167,연신내상점가(연빛거리),전통시장,은평구,갈현1동,912118051,581169599,330948452,0.5694524499723531,81345283,485797605,274137031,46608605,21288589,2940938,4,0,228029512.75,True,1504,739,765,0.4913563829787234,1548600,1029.654255319149,False,False,False
20222,8090,3130167,연신내상점가(연빛거리),전통시장,은평구,갈현1동,1008000000,642417045,365582955,0.569074182955404,38160806,488763904,368182551,57169171,50116305,5607263,4,0,252000000.0,True,1504,739,765,0.4913563829787234,1676169,1114.4740691489362,False,False,False
20223,8091,3130167,연신내상점가(연빛거리),전통시장,은평구,갈현1동,1008000000,636512412,371487588,0.5836297627453021,43786399,511488535,333046678,66610540,35420595,17647253,4,0,252000000.0,True,1504,739,765,0.4913563829787234,1607717,1068.9607712765958,False,False,False
20224,8092,3130167,연신내상점가(연빛거리),전통시장,은평구,갈현1동,1008000000,627883931,380116069,0.6053922552128508,65575622,499098912,344155330,58270195,34669478,6230463,4,0,252000000.0,True,1685,852,833,0.5056379821958457,1598868,948.8830860534125,False,False,False
20231,8093,3130167,연신내상점가(연빛거리),전통시장,은평구,갈현1동,1008000000,678814812,329185188,0.48494107992446106,82316269,464828507,363652726,45399960,42760551,9041987,3,33,336000000.0,True,1685,852,833,0.5056379821958457,1515984,899.6937685459941,False,False,False
20234,8096,3130167,연신내상점가(연빛거리),전통시장,은평구,갈현1동,760966189,490657878,270308311,0.5509099580787736,43647625,373130166,255668372,60450315,19676128,8393583,3,0,253655396.33333334,True,1440,714,726,0.49583333333333335,1488137,1033.4284722222221,False,False,False
20241,8097,3130167,연신내상점가(연빛거리),전통시장,은평구,갈현1동,770786246,477387963,293398283,0.6145908689365089,25293398,372249163,259540620,79393030,20097908,14212127,4,0,192696561.5,True,1440,714,726,0.49583333333333335,1525267,1059.2131944444445,False,False,False
20242,8098,3130167,연신내상점가(연빛거리),전통시장,은평구,갈현1동,682550144,442704872,239845272,0.5417723796814236,15221757,327943911,256826860,51059370,18735190,12763056,5,0,136510028.8,True,1440,714,726,0.49583333333333335,1320048,916.7,False,False,False
20243,8099,3130167,연신내상점가(연빛거리),전통시장,은평구,갈현1동,721942693,472421776,249520917,0.5281740378538351,41112709,289542456,264851497,89401786,19196391,17837854,6,0,120323782.16666667,True,1440,714,726,0.49583333333333335,1217155,845.2465277777778,False,False,False
20244,8100,3130167,연신내상점가(연빛거리),전통시장,은평구,갈현1동,519652722,335302005,184350717,0.5498049944556699,26838340,157562967,186724509,118034423,18857621,11634862,8,0,64956590.25,True,1440,714,726,0.49583333333333335,1100140,763.9861111111111,False,False,True
20251,8101,3130167,연신내상점가(연빛거리),전통시장,은평구,갈현1동,553509456,339345557,214163899,0.631108598837497,54664441,125111673,227950043,109466176,24357758,11959365,8,0,69188682.0,True,1440,714,726,0.49583333333333335,1052577,730.95625,False,False,True
20252,8102,3130167,연신내상점가(연빛거리),전통시장,은평구,갈현1동,65587393,40234957,25352436,0.6301096829803994,0,14922636,39512895,6097421,3610315,1444126,7,14,9369627.57142857,True,1440,714,726,0.49583333333333335,1057965,734.6979166666666,False,False,True
20211,8085,3130175,신촌 상인회(신촌상점가),전통시장,서대문구,신촌동,102090921,63622554,38468367,0.6046341207867889,3204131,78112254,14861753,1631972,3812605,468206,2,0,51045460.5,True,3,1,2,0.3333333333333333,77146,25715.333333333332,False,False,False
20212,8086,3130175,신촌 상인회(신촌상점가),전통시장,서대문구,신촌동,121370194,73965108,47405086,0.6409114686887228,4400640,90973097,17808057,2554327,5268215,365858,2,0,60685097.0,True,3,1,2,0.3333333333333333,84544,28181.333333333332,False,False,False
20213,8087,3130175,신촌 상인회(신촌상점가),전통시장,서대문구,신촌동,112069440,72910967,39158473,0.5370724681240341,6718099,85409610,14125615,1587425,3968072,260619,2,0,56034720.0,True,3,1,2,0.3333333333333333,75959,25319.666666666668,False,False,False
20214,8088,3130175,신촌 상인회(신촌상점가),전통시장,서대문구,신촌동,119365853,72762409,46603444,0.6404879200742241,7137106,89228944,17121568,1523755,4188274,166206,2,0,59682926.5,True,3,1,2,0.3333333333333333,79468,26489.333333333332,False,False,False
20221,8089,3130175,신촌 상인회(신촌상점가),전통시장,서대문구,신촌동,100021556,60955632,39065924,0.640891132094242,3121307,74416145,15799009,2102202,4148191,434702,2,0,50010778.0,True,3,1,2,0.3333333333333333,82628,27542.666666666668,False,False,False
20222,8090,3130175,신촌 상인회(신촌상점가),전통시장,서대문구,신촌동,123619918,76551815,47068103,0.614852867956168,4514456,88131548,21184836,3283435,5409271,1096372,2,0,61809959.0,True,3,1,2,0.3333333333333333,95121,31707.0,False,False,False
20223,8091,3130175,신촌 상인회(신촌상점가),전통시장,서대문구,신촌동,126542423,82649088,43893335,0.5310806938365733,7392287,89870030,17222086,3271690,8336950,449380,2,0,63271211.5,True,3,1,2,0.3333333333333333,92421,30807.0,False,False,False
20224,8092,3130175,신촌 상인회(신촌상점가),전통시장,서대문구,신촌동,178134414,90517660,87616754,0.9679520438332144,9225742,102044649,18176407,6936171,13275748,827833,2,0,89067207.0,True,6,3,3,0.5,90763,15127.166666666666,False,False,False
20231,8093,3130175,신촌 상인회(신촌상점가),전통시장,서대문구,신촌동,144703242,98967889,45735353,0.4621231539050004,2658141,83511509,22584367,5673817,14091927,1192447,2,0,72351621.0,True,6,3,3,0.5,90661,15110.166666666666,False,False,False
20232,8094,3130175,신촌 상인회(신촌상점가),전통시장,서대문구,신촌동,122472274,79192630,43279644,0.5465110074005624,4715876,75381392,17799392,6797581,14103486,746110,2,0,61236137.0,True,6,3,3,0.5,100333,16722.166666666668,False,False,False
20233,8095,3130175,신촌 상인회(신촌상점가),전통시장,서대문구,신촌동,143312590,87655672,55656918,0.634949418903548,5671888,85446300,27316829,7977981,15356951,1542641,2,0,71656295.0,True,6,3,3,0.5,99160,16526.666666666668,False,False,False
20234,8096,3130175,신촌 상인회(신촌상점가),전통시장,서대문구,신촌동,117530477,72947988,44582489,0.6111544707716956,5460051,73931008,17419244,6582205,13255167,882802,2,0,58765238.5,True,8,4,4,0.5,104807,13100.875,False,False,False
20241,8097,3130175,신촌 상인회(신촌상점가),전통시장,서대문구,신촌동,117590755,75109905,42480850,0.5655825286957825,3565378,67608835,28904687,9152122,7752782,606951,2,0,58795377.5,True,8,4,4,0.5,102104,12763.0,False,False,False
20242,8098,3130175,신촌 상인회(신촌상점가),전통시장,서대문구,신촌동,98915680,63208206,35707474,0.5649183272184627,3801443,60675536,20237668,5565991,7982042,653000,2,0,49457840.0,True,8,4,4,0.5,92021,11502.625,False,False,False
20243,8099,3130175,신촌 상인회(신촌상점가),전통시장,서대문구,신촌동,107385365,69636053,37749312,0.5420943659744759,4322089,66097764,19281144,3387139,12836639,1460590,2,0,53692682.5,True,8,4,4,0.5,82178,10272.25,False,False,False
20244,8100,3130175,신촌 상인회(신촌상점가),전통시장,서대문구,신촌동,171103792,110169989,60933803,0.5530889451209803,7714618,105863216,32666180,10274918,13297783,1287077,3,0,57034597.333333336,True,8,4,4,0.5,67237,8404.625,False,False,True
20251,8101,3130175,신촌 상인회(신촌상점가),전통시장,서대문구,신촌동,288928536,180645181,108283355,0.5994256497769515,8066647,166939560,79082502,17051931,14754927,3032969,3,0,96309512.0,True,8,4,4,0.5,64420,8052.5,False,False,True
20252,8102,3130175,신촌 상인회(신촌상점가),전통시장,서대문구,신촌동,263477237,168368525,95108712,0.5648841551590477,7760745,152572471,70146310,17123525,11025748,4848438,3,0,87825745.66666667,True,8,4,4,0.5,67353,8419.125,False,False,True
20253,8103,3130175,신촌 상인회(신촌상점가),전통시장,서대문구,신촌동,332199921,205158432,127041489,0.6192360107334024,12066590,202021316,74982712,25330138,15252384,2546781,3,0,110733307.0,True,8,4,4,0.5,62082,7760.25,False,False,True
20254,8104,3130175,신촌 상인회(신촌상점가),전통시장,서대문구,신촌동,312654810,195528241,117126569,0.5990263524132046,13926092,183300241,70663319,23221434,19338219,2205505,3,0,104218270.0,True,8,4,4,0.5,54048,6756.0,False,False,True
20211,8085,3130183,상암동상점가,전통시장,마포구,상암동,129010363,75984084,53026279,0.6978603440162547,4558795,81771998,23393505,4137299,6480325,8668441,3,0,43003454.333333336,True,2863,1430,1433,0.4994760740482012,1203212,420.2626615438351,False,False,False
20211,8085,3130200,"신월7동 골목시장(약수시장, 우성상가)",전통시장,양천구,신월7동,535142145,360038438,175103707,0.4863472577336312,22950766,338934327,96023171,11902609,33916728,31414544,3,0,178380715.0,True,264,130,134,0.49242424242424243,89720,339.8484848484849,False,False,False
20221,8089,3130208,목동깨비시장(목3동시장),전통시장,양천구,목3동,31364506,25403907,5960599,0.23463316095433667,1175329,12895044,3609941,2938323,10745869,0,4,0,7841126.5,True,1237,608,629,0.49151172190784154,305608,247.05578011317704,False,False,False
20222,8090,3130208,목동깨비시장(목3동시장),전통시장,양천구,목3동,24430063,23758446,671617,0.028268557632094286,503713,5876647,12173056,0,5876647,0,4,0,6107515.75,True,1237,608,629,0.49151172190784154,301381,243.63864187550524,False,False,False
20214,8088,3130214,송화벽화시장(송화골목시장),전통시장,강서구,발산1동,419117665,298333703,120783962,0.40486194079118176,76402321,191983494,55897838,57456902,35169982,2207128,3,0,139705888.33333334,True,657,320,337,0.487062404870624,66951,101.9041095890411,False,False,False
20234,8096,3130214,송화벽화시장(송화골목시장),전통시장,강서구,발산1동,403182580,264708053,138474527,0.52312170117469,76606665,174797267,70086705,52171652,28525180,995111,3,0,134394193.33333334,True,628,294,334,0.4681528662420382,66625,106.0907643312102,False,False,False
20241,8097,3130214,송화벽화시장(송화골목시장),전통시장,강서구,발산1동,425343935,274394767,150949168,0.5501167884881711,45181506,204731262,89962029,42797716,40211855,2459567,3,0,141781311.66666666,True,628,294,334,0.4681528662420382,68528,109.12101910828025,False,False,False
20242,8098,3130214,송화벽화시장(송화골목시장),전통시장,강서구,발산1동,358480990,223356400,135124590,0.6049729938340697,47511621,151340680,79943796,47786309,28633897,3264687,3,0,119493663.33333333,True,628,294,334,0.4681528662420382,69003,109.87738853503184,False,False,False
20243,8099,3130214,송화벽화시장(송화골목시장),전통시장,강서구,발산1동,394484114,258001866,136482248,0.5289971352377738,77829968,156309177,84400759,43644139,26630293,5669778,3,0,131494704.66666667,True,628,294,334,0.4681528662420382,68654,109.32165605095541,False,False,False
20244,8100,3130214,송화벽화시장(송화골목시장),전통시장,강서구,발산1동,378277498,243822263,134455235,0.55144773633735,61309187,147558188,100236007,39902436,27487784,1783896,3,0,126092499.33333333,True,628,294,334,0.4681528662420382,70856,112.828025477707,False,False,True
20251,8101,3130214,송화벽화시장(송화골목시장),전통시장,강서구,발산1동,379559378,239064155,140495223,0.5876883675848434,56044744,173402925,86783410,24148916,36403919,2775464,3,0,126519792.66666667,True,628,294,334,0.4681528662420382,69707,110.9984076433121,False,False,True
20252,8102,3130214,송화벽화시장(송화골목시장),전통시장,강서구,발산1동,271089033,181291185,89797848,0.4953238515154501,43158789,109612516,62271532,22751598,31055237,2239361,3,0,90363011.0,True,628,294,334,0.4681528662420382,67646,107.71656050955414,False,False,True
20253,8103,3130214,송화벽화시장(송화골목시장),전통시장,강서구,발산1동,251475650,170692002,80783648,0.47327143072585204,35077352,112340096,55296663,25689462,22501870,570207,3,0,83825216.66666667,True,628,294,334,0.4681528662420382,64815,103.20859872611464,False,False,True
20211,8085,3130223,고척근린시장,전통시장,구로구,고척2동,188049404,115610231,72439173,0.6265809900509584,29293753,97559798,35781164,8500223,16148597,765869,2,0,94024702.0,True,559,272,287,0.4865831842576029,254357,455.0214669051878,False,False,False
20212,8086,3130223,고척근린시장,전통시장,구로구,고척2동,281000471,185988054,95012417,0.510852256134687,36071072,167682750,45158037,10905354,18511810,2671448,2,0,140500235.5,True,559,272,287,0.4865831842576029,245178,438.6010733452594,False,False,False
20213,8087,3130223,고척근린시장,전통시장,구로구,고척2동,211664226,130055980,81608246,0.6274855335371737,27370801,129313821,23354043,4202520,23339224,4083817,2,0,105832113.0,True,559,272,287,0.4865831842576029,192053,343.56529516994635,False,False,False
20211,8085,3130225,개봉중앙시장,전통시장,구로구,개봉2동,337386493,202871505,134514988,0.6630551096863012,9676111,217019602,74307439,15777497,17240251,3365593,3,0,112462164.33333333,True,3033,1478,1555,0.48730629739531817,583095,192.25024727992087,False,False,False
20212,8086,3130225,개봉중앙시장,전통시장,구로구,개봉2동,401777053,241392586,160384467,0.6644133925471928,10264164,229375837,114204673,20076836,23766724,4088819,3,0,133925684.33333333,True,3033,1478,1555,0.48730629739531817,558609,184.1770524233432,False,False,False
20213,8087,3130225,개봉중앙시장,전통시장,구로구,개봉2동,338791350,214935117,123856233,0.5762494036746912,9743978,172228558,108499309,30992612,13016401,4310492,3,0,112930450.0,True,3033,1478,1555,0.48730629739531817,558166,184.0309924167491,False,False,False
20224,8092,3130225,개봉중앙시장,전통시장,구로구,개봉2동,336837967,207425448,129412519,0.6238989489852759,19865223,160923286,105527321,21713619,25698886,3109632,3,0,112279322.33333333,True,3138,1523,1615,0.48534098151688976,528866,168.53601019757807,False,False,False
20211,8085,3130261,성대전통시장(성대시장),전통시장,동작구,상도3동,184258748,112224068,72034680,0.6418826307383546,11937277,104734922,45303756,15628609,6178462,475722,4,0,46064687.0,True,1954,903,1051,0.46212896622313204,436755,223.51842374616172,False,False,False
20212,8086,3130261,성대전통시장(성대시장),전통시장,동작구,상도3동,229233680,140856068,88377612,0.6274320535484492,9279690,138168080,59495783,7856142,13851954,582031,4,0,57308420.0,True,1954,903,1051,0.46212896622313204,421836,215.88331627430912,False,False,False
20213,8087,3130261,성대전통시장(성대시장),전통시장,동작구,상도3동,179592317,111841434,67750883,0.6057762367388816,8304827,110263979,43837974,7918689,9048801,218047,4,0,44898079.25,True,1954,903,1051,0.46212896622313204,370102,189.40736949846467,False,False,False
20214,8088,3130261,성대전통시장(성대시장),전통시장,동작구,상도3동,171043757,109531114,61512643,0.5615997204228198,9949629,101073320,42979559,11040108,4669655,1331486,4,0,42760939.25,True,1954,903,1051,0.46212896622313204,360851,184.6729785056295,False,False,False
20221,8089,3130261,성대전통시장(성대시장),전통시장,동작구,상도3동,142390935,89188853,53202082,0.5965104406040517,5565750,79520487,44030744,7470883,5188499,614572,4,0,35597733.75,True,1954,903,1051,0.46212896622313204,371447,190.0957011258956,False,False,False
20222,8090,3130261,성대전통시장(성대시장),전통시장,동작구,상도3동,192556295,116344113,76212182,0.6550583440349921,11726893,100601113,68968854,8302032,2068266,889137,4,0,48139073.75,True,1954,903,1051,0.46212896622313204,371991,190.37410440122824,False,False,False
20223,8091,3130261,성대전통시장(성대시장),전통시장,동작구,상도3동,175497154,105322549,70174605,0.6662828204053436,6165213,100183521,53676299,11676843,2669099,1126179,4,0,43874288.5,True,1954,903,1051,0.46212896622313204,357430,182.9222108495394,False,False,False
20224,8092,3130261,성대전통시장(성대시장),전통시장,동작구,상도3동,130301398,81152590,49148808,0.6056344966932048,10940701,73232283,36399727,7809691,1389189,529807,4,0,32575349.5,True,1937,910,1027,0.4697986577181208,347835,179.57408363448633,False,False,False
20231,8093,3130261,성대전통시장(성대시장),전통시장,동작구,상도3동,357683113,216845966,140837147,0.6494801337461819,14202155,166820549,151238821,17720406,6806233,894949,5,0,71536622.6,True,1937,910,1027,0.4697986577181208,292687,151.10325245224575,False,False,False
20232,8094,3130261,성대전통시장(성대시장),전통시장,동작구,상도3동,453097284,275082322,178014962,0.6471334133932459,18008402,231108724,159007755,31692603,11602439,1677361,5,0,90619456.8,True,1937,910,1027,0.4697986577181208,300239,155.00206504904492,False,False,False
20233,8095,3130261,성대전통시장(성대시장),전통시장,동작구,상도3동,554968871,323108981,231859890,0.717590360015403,22123925,281054511,195395616,34471261,20966707,956851,5,0,110993774.2,True,1937,910,1027,0.4697986577181208,294005,151.78368611254518,False,False,False
20234,8096,3130261,성대전통시장(성대시장),전통시장,동작구,상도3동,477367871,286374356,190993515,0.6669365150837737,24053232,262272923,148799632,22315300,13170482,6756302,3,67,159122623.66666666,True,1681,802,879,0.4770969660916121,279963,166.54550862581797,False,False,False
20241,8097,3130261,성대전통시장(성대시장),전통시장,동작구,상도3동,479926012,297794155,182131857,0.6116031961742164,9515154,248199749,174524654,27133671,16976968,3575816,3,0,159975337.33333334,True,1681,802,879,0.4770969660916121,287736,171.16954193932185,False,False,False
20242,8098,3130261,성대전통시장(성대시장),전통시장,동작구,상도3동,379636099,233653378,145982721,0.624783267631594,9801176,195638540,130750181,27555724,13415097,2475381,3,0,126545366.33333333,True,1681,802,879,0.4770969660916121,280937,167.1249256395003,False,False,False
20243,8099,3130261,성대전통시장(성대시장),전통시장,동작구,상도3동,416539291,259445648,157093643,0.6054973140270212,12973280,235229352,122272191,29048379,15795309,1220780,3,0,138846430.33333334,True,1681,802,879,0.4770969660916121,274220,163.12908982748365,False,False,False
20244,8100,3130261,성대전통시장(성대시장),전통시장,동작구,상도3동,390965870,248425582,142540288,0.5737745962088558,13838257,223280006,110390012,17928298,22209443,3319854,3,0,130321956.66666667,True,1681,802,879,0.4770969660916121,272890,162.33789411064842,False,False,True
20251,8101,3130261,성대전통시장(성대시장),전통시장,동작구,상도3동,324965616,198453182,126512434,0.6374925951048747,5633977,144331078,140444110,16430848,16949083,1176520,3,0,108321872.0,True,1681,802,879,0.4770969660916121,280610,166.9303985722784,False,False,True
20252,8102,3130261,성대전통시장(성대시장),전통시장,동작구,상도3동,295510770,181851921,113658849,0.625007689635569,6364351,136878193,117817965,20568244,13196162,685855,3,0,98503590.0,True,1681,802,879,0.4770969660916121,273025,162.41820345032718,False,False,True
20253,8103,3130261,성대전통시장(성대시장),전통시장,동작구,상도3동,371680562,227445080,144235482,0.6341552079297561,17992493,169240245,127723405,26528990,27516946,2678483,3,0,123893520.66666667,True,1681,802,879,0.4770969660916121,236723,140.8227245687091,False,False,True
20254,8104,3130261,성대전통시장(성대시장),전통시장,동작구,상도3동,276466614,176541790,99924824,0.5660122965786174,20567343,112230286,106887576,16171250,19929809,680350,3,0,92155538.0,True,1681,802,879,0.4770969660916121,197157,117.28554431885782,False,False,True
20242,8098,3130273,남성사계시장(남성시장),전통시장,동작구,사당2동,113398611,70598920,42799691,0.6062371917304118,10671414,51249468,26627291,12351192,5080001,7419245,3,0,37799537.0,True,696,340,356,0.4885057471264368,1031767,1482.4238505747126,False,False,False
20243,8099,3130273,남성사계시장(남성시장),전통시장,동작구,사당2동,170311284,112219265,58092019,0.5176652957047972,10040622,86588729,45998338,12867346,4263101,10553148,4,0,42577821.0,True,696,340,356,0.4885057471264368,971108,1395.2701149425288,False,False,False
20232,8094,3130285,서원동상점가,전통시장,관악구,서원동,355177059,210000528,145176531,0.6913150761220943,14461577,255137258,61995941,11863889,8347764,3370630,3,0,118392353.0,True,488,221,267,0.45286885245901637,933859,1913.6454918032787,False,False,False
20234,8096,3130285,서원동상점가,전통시장,관악구,서원동,690000000,447019849,242980151,0.5435556196073968,24239065,461399274,143245130,33863019,25338485,1915027,5,0,138000000.0,True,896,429,467,0.47879464285714285,947249,1057.197544642857,False,False,False
20241,8097,3130285,서원동상점가,전통시장,관악구,서원동,690000000,427935422,262064578,0.6123928156617986,9120977,440307140,183267075,31492850,19676679,6135279,4,25,172500000.0,True,896,429,467,0.47879464285714285,976971,1090.369419642857,False,False,False
20242,8098,3130285,서원동상점가,전통시장,관악구,서원동,663356265,427240870,236115395,0.5526517044120802,21123372,422542341,155093538,40350617,18852371,5394026,5,0,132671253.0,True,896,429,467,0.47879464285714285,1022393,1141.0636160714287,False,False,False
20243,8099,3130285,서원동상점가,전통시장,관악구,서원동,690000000,393345507,296654493,0.7541829961718617,27608310,440424384,138945982,36870211,38161995,7989118,7,14,98571428.57142857,True,896,429,467,0.47879464285714285,1004629,1121.2377232142858,False,False,False
20244,8100,3130285,서원동상점가,전통시장,관악구,서원동,652404750,417521580,234883170,0.5625653409339944,20429896,422416874,122952200,31175292,53199568,2230920,7,14,93200678.57142857,True,896,429,467,0.47879464285714285,1062013,1185.2823660714287,False,False,True
20251,8101,3130285,서원동상점가,전통시장,관악구,서원동,630028862,396316556,233712306,0.5897111853182333,17863715,317333552,196149869,41124077,50451287,7106362,7,0,90004123.14285715,True,896,429,467,0.47879464285714285,961087,1072.6417410714287,False,False,True
20252,8102,3130285,서원동상점가,전통시장,관악구,서원동,590842262,372733433,218108829,0.585160357750897,23280655,348796886,150506090,19976177,40452861,7829593,7,0,84406037.42857143,True,896,429,467,0.47879464285714285,942262,1051.6316964285713,False,False,True
20253,8103,3130285,서원동상점가,전통시장,관악구,서원동,641577512,358136456,283441056,0.7914331290529105,29873845,360113755,188421987,26847583,34330963,1989379,6,17,106929585.33333333,True,896,429,467,0.47879464285714285,965989,1078.1127232142858,False,False,True
20254,8104,3130285,서원동상점가,전통시장,관악구,서원동,676062811,367607315,308455496,0.8390896573970515,41604648,369238131,184487713,32566415,42580159,5585745,6,0,112677135.16666667,True,896,429,467,0.47879464285714285,918412,1025.013392857143,False,False,True
20211,8085,3130313,방이시장,전통시장,송파구,방이2동,212510731,139437431,73073300,0.5240579912864287,12512998,131314289,47151638,12144165,8241142,1146499,4,0,53127682.75,True,5350,2547,2803,0.4760747663551402,1050326,196.3226168224299,False,False,False
20212,8086,3130313,방이시장,전통시장,송파구,방이2동,253758982,161153371,92605611,0.5746427172162598,11847359,166473031,49617693,16016953,8142900,1661046,4,0,63439745.5,True,5350,2547,2803,0.4760747663551402,990344,185.11102803738316,False,False,False
20213,8087,3130313,방이시장,전통시장,송파구,방이2동,194798265,131229621,63568644,0.48440773901191103,14233745,125532259,39188981,11361973,4195346,285961,4,0,48699566.25,True,5350,2547,2803,0.4760747663551402,892083,166.7444859813084,False,False,False
20214,8088,3130313,방이시장,전통시장,송파구,방이2동,220976802,153687938,67288864,0.4378278795047663,13460920,124597281,44267747,10806132,9400983,823836,3,33,73658934.0,True,5350,2547,2803,0.4760747663551402,872229,163.03345794392524,False,False,False
20221,8089,3130313,방이시장,전통시장,송파구,방이2동,187455945,128126815,59329130,0.4630500648907881,8618174,107278622,50266579,10644727,10076381,571462,3,0,62485315.0,True,5350,2547,2803,0.4760747663551402,970621,181.4244859813084,False,False,False
20211,8085,3130317,마천중앙시장,전통시장,송파구,마천2동,52481154,34272580,18208574,0.5312869355035424,1603730,34069767,13852670,1368783,1087516,498688,3,0,17493718.0,True,1061,566,495,0.5334590009425071,585412,551.7549481621112,False,False,False
20212,8086,3130317,마천중앙시장,전통시장,송파구,마천2동,65218991,41376435,23842556,0.5762351444729349,1786553,38354979,19752193,1682938,3128385,513943,3,0,21739663.666666668,True,1061,566,495,0.5334590009425071,650144,612.765315739868,False,False,False
20213,8087,3130317,마천중앙시장,전통시장,송파구,마천2동,69553861,44186777,25367084,0.5740876733326805,1454800,42129824,18665019,2060146,4785558,458514,3,0,23184620.333333332,True,1061,566,495,0.5334590009425071,747642,704.6578699340245,False,False,False
20214,8088,3130317,마천중앙시장,전통시장,송파구,마천2동,64260097,43634522,20625575,0.47268937654456256,3378444,37943892,8668416,6116635,7894489,258221,3,0,21420032.333333332,True,1061,566,495,0.5334590009425071,785719,740.5457115928369,False,False,False
20221,8089,3130317,마천중앙시장,전통시장,송파구,마천2동,50916234,33192577,17723657,0.5339644764550822,2084598,36013000,7620403,2249816,2284857,663560,3,0,16972078.0,True,1061,566,495,0.5334590009425071,778796,734.0207351555136,False,False,False
20211,8085,3130318,로데오거리상점가,전통시장,강동구,천호2동,46049207,23842461,22206746,0.9313948757219316,5158619,29166399,7566791,2705045,1335932,116421,4,0,11512301.75,True,773,343,430,0.44372574385511,516007,667.5381630012937,False,False,False
20212,8086,3130318,로데오거리상점가,전통시장,강동구,천호2동,57123765,28314780,28808985,1.017453958674586,7561551,35313436,10519229,2069967,1453517,206065,4,0,14280941.25,True,773,343,430,0.44372574385511,510898,660.9288486416559,False,False,False
20213,8087,3130318,로데오거리상점가,전통시장,강동구,천호2동,42666008,23332536,19333472,0.8286056860685868,6361250,27889841,6095810,1190405,1053029,75673,3,33,14222002.666666666,True,773,343,430,0.44372574385511,475974,615.7490297542043,False,False,False
20214,8088,3130318,로데오거리상점가,전통시장,강동구,천호2동,46993382,24953119,22040263,0.8832668573415612,8793344,25619049,8220436,2116536,1799289,444728,3,0,15664460.666666666,True,773,343,430,0.44372574385511,475295,614.8706338939198,False,False,False
20221,8089,3130318,로데오거리상점가,전통시장,강동구,천호2동,41834180,22620622,19213558,0.8493823909881877,7249047,23192488,8177461,908152,1887816,419216,3,0,13944726.666666666,True,773,343,430,0.44372574385511,459937,595.0025873221216,False,False,False
20222,8090,3130318,로데오거리상점가,전통시장,강동구,천호2동,33657925,18360192,15297733,0.8332011451732095,4825073,18212919,7806617,1459339,1266662,87315,4,0,8414481.25,True,773,343,430,0.44372574385511,490807,634.9379042690815,False,False,False
20223,8091,3130318,로데오거리상점가,전통시장,강동구,천호2동,27211107,13937353,13273754,0.9523870135168421,4556076,14302101,4509851,2076068,1518857,248154,4,0,6802776.75,True,773,343,430,0.44372574385511,485239,627.7347994825355,False,False,False
20224,8092,3130318,로데오거리상점가,전통시장,강동구,천호2동,1607193,867920,739273,0.8517755092635266,64032,704347,413295,174632,238663,12224,4,0,401798.25,True,580,280,300,0.4827586206896552,484392,835.1586206896552,False,False,False
20231,8093,3130318,로데오거리상점가,전통시장,강동구,천호2동,2433260,1513532,919728,0.6076700063163514,168810,1411608,561732,81494,168811,40805,5,0,486652.0,True,580,280,300,0.4827586206896552,489619,844.1706896551724,False,False,False
20232,8094,3130318,로데오거리상점가,전통시장,강동구,천호2동,3806971,2191628,1615343,0.7370516346752277,58210,2366262,934279,174631,203737,69852,4,25,951742.75,True,580,280,300,0.4827586206896552,480521,828.4844827586207,False,False,False
20233,8095,3130318,로데오거리상점가,전통시장,강동구,천호2동,3394432,2009021,1385411,0.6895950813854111,75674,1967518,1030326,110600,192094,18220,4,25,848608.0,True,580,280,300,0.4827586206896552,460549,794.05,False,False,False
20234,8096,3130318,로데오거리상점가,전통시장,강동구,천호2동,2412828,1568775,844053,0.5380331787541235,40747,1501833,567553,157168,145527,0,4,0,603207.0,True,751,338,413,0.45006657789613846,462342,615.6351531291612,False,False,False
20241,8097,3130318,로데오거리상점가,전통시장,강동구,천호2동,3160833,1906396,1254437,0.6580149140052749,238664,1539669,948832,139706,139705,64031,7,0,451547.5714285714,True,751,338,413,0.45006657789613846,466669,621.3968042609854,False,False,False
20242,8098,3130318,로데오거리상점가,전통시장,강동구,천호2동,3335465,2212001,1123464,0.5078948879317866,110601,1763780,966295,189184,247395,58210,10,0,333546.5,True,751,338,413,0.45006657789613846,451718,601.4886817576564,False,False,False
20243,8099,3130318,로데오거리상점가,전통시장,강동구,천호2동,3534021,2186389,1347632,0.6163733900966388,40747,1932592,1286453,116421,133884,23924,10,0,353402.1,True,751,338,413,0.45006657789613846,444400,591.7443408788282,False,False,False
20244,8100,3130318,로데오거리상점가,전통시장,강동구,천호2동,2270212,1434891,835321,0.5821494454979507,52389,1330113,392921,186273,197916,110600,11,0,206382.9090909091,True,751,338,413,0.45006657789613846,505079,672.5419440745673,False,False,True
20251,8101,3130318,로데오거리상점가,전통시장,강동구,천호2동,3568306,2439021,1129285,0.4630074935804161,128063,1740494,1263169,186274,122243,128063,10,10,356830.6,True,751,338,413,0.45006657789613846,502255,668.7816245006658,False,False,True
20252,8102,3130318,로데오거리상점가,전통시장,강동구,천호2동,7279230,4621918,2657312,0.5749370715793746,186274,3358749,2374991,782932,506432,69852,10,10,727923.0,True,751,338,413,0.45006657789613846,530153,705.9294274300933,False,False,True
20253,8103,3130318,로데오거리상점가,전통시장,강동구,천호2동,8519115,5399030,3120085,0.5778973260011521,548773,3311938,2509948,752718,1255339,140399,9,11,946568.3333333334,True,751,338,413,0.45006657789613846,538083,716.4886817576564,False,False,True
20254,8104,3130318,로데오거리상점가,전통시장,강동구,천호2동,5273935,3210371,2063564,0.6427805384486716,162990,2572908,1760869,547179,125152,104837,9,0,585992.7777777778,True,751,338,413,0.45006657789613846,493325,656.8908122503329,False,False,True
